Budget currency,Date range,Advertiser account ID,Advertiser account name,Portfolio ID,Portfolio name,Campaign ID,Campaign name,Ad group ID,Ad group name,Advertised product ID,Advertised product name,Advertised product parent ID,Advertised product brand,Advertised product category,Advertised product subcategory,Advertised product group,Advertised product SKU,Advertised product marketplace,Impressions,Clicks,CTR,Total cost,Purchases,Sales,Units sold,Cost per purchase,Purchase rate,ROAS,Purchases (promoted),Sales (promoted),Units sold (promoted),Cost per purchase (promoted),Purchase rate (promoted),ROAS (promoted),Purchases (halo),Sales (halo),Units sold (halo),Purchases (new to brand),Sales (new to brand),Units sold (new to brand),Cost per purchase (new to brand),Purchase rate (new to brand),ROAS (new to brand),Detail page views,Cost per detail page view,Detail page view rate
INR,"Apr 01, 2026 - Apr 30, 2026","=""amzn1.ads-account.g.a5og6bnunpn8m911rke7gdql""",Cubelelo,106276615587889,BA - Wooden Toys,"=""422466067749037""",SP-Auto - Wooden Products - Generic,"=""304050272629409""",Auto,B0CJBLTM11,"Cubelelo Drift Daily Calendar Puzzle | A-Puzzle-A-Day | Wooden Challenging Tangram Puzzle Toys for Adults and Kids | Compact, Travel Friendly Toy for Return & Birthday Gifts",-1,cubelelo,0300 Games & Puzzles,0306 Wooden Puzzles,Toy,4001001a,AMAZON_IN,88696,312,0.3518%,2279.57,63,18762.61,64,36.18365,0.0710%,8.23077,42,11028.51,43,54.27548,0.0474%,4.83798,21,7734.10,21,,,,,,,,,
INR,"Apr 01, 2026 - Apr 30, 2026","=""amzn1.ads-account.g.a5og6bnunpn8m911rke7gdql""",Cubelelo,106276615587889,BA - Wooden Toys,"=""434668412101024""",SP-PT - Wooden - Comp - Calendar Puzzle - Best selling - Brain Teaser Puzzles - Exact,"=""480131625002209""",Calendar Puzzle,B0CJBLTM11,"Cubelelo Drift Daily Calendar Puzzle | A-Puzzle-A-Day | Wooden Challenging Tangram Puzzle Toys for Adults and Kids | Compact, Travel Friendly Toy for Return & Birthday Gifts",-1,cubelelo,0300 Games & Puzzles,0306 Wooden Puzzles,Toy,4001001a,AMAZON_IN,9090,46,0.5061%,512.94,8,4089.53,11,64.11750,0.0880%,7.97273,4,1554.28,5,128.23500,0.0440%,3.03014,4,2535.25,6,,,,,,,,,
INR,"Apr 01, 2026 - Apr 30, 2026","=""amzn1.ads-account.g.a5og6bnunpn8m911rke7gdql""",Cubelelo,106276615587889,BA - Wooden Toys,"=""556800165272450""",SP-PT - Wooden - Comp - Puzzle Co - Calendar Puzzle - Exact,"=""334412694312199""",Calendar Puzzle,B0CJBLTM11,"Cubelelo Drift Daily Calendar Puzzle | A-Puzzle-A-Day | Wooden Challenging Tangram Puzzle Toys for Adults and Kids | Compact, Travel Friendly Toy for Return & Birthday Gifts",-1,cubelelo,0300 Games & Puzzles,0306 Wooden Puzzles,Toy,4001001a,AMAZON_IN,317,1,0.3155%,7.22,0,0.00,0,,0.0000%,0.00000,0,0.00,0,,0.0000%,0.00000,0,0.00,0,,,,,,,,,
INR,"Apr 01, 2026 - Apr 30, 2026","=""amzn1.ads-account.g.a5og6bnunpn8m911rke7gdql""",Cubelelo,108066094626813,BA - Generic - Extremely High Volume,"=""345506724788622""","SP-KT - Mirror, Infinity & Combo - Open - High Volume - Exact","=""427492065631626""",Mirror - High Volume,B0DRVW5BNS,Cubelelo Drift 3x3 Mirror Blue (Tiled) Speed Cube | New Blue Version Looks Stunning with Buttery Smooth Turns | Ideal for Kids Above 5 6 Years Old Boys Girls | 3x3x3 Shape-Shifting Design Puzzle Toy,B0DWMW5ZNX,cubelelo,0300 Games & Puzzles,0301 Family Board / Action,Toy,1120039,AMAZON_IN,35246,532,1.5094%,2797.32,86,27452.37,86,32.52698,0.2440%,9.81381,62,19100.03,62,45.11806,0.1759%,6.82798,24,8352.34,24,,,,,,,,,
INR,"Apr 01, 2026 - Apr 30, 2026","=""amzn1.ads-account.g.a5og6bnunpn8m911rke7gdql""",Cubelelo,279942205262904,BA - Generic - Mid & Low Volume,"=""560766968003680""","SP-KT - Mirror, Infinity & Combo - Open - Mid & Low Volume - Exact & Phrase - UND","=""525770774800313""",Phrase - Mirror - Mid & Low Volume,B0DRVW5BNS,Cubelelo Drift 3x3 Mirror Blue (Tiled) Speed Cube | New Blue Version Looks Stunning with Buttery Smooth Turns | Ideal for Kids Above 5 6 Years Old Boys Girls | 3x3x3 Shape-Shifting Design Puzzle Toy,B0DWMW5ZNX,cubelelo,0300 Games & Puzzles,0301 Family Board / Action,Toy,1120039,AMAZON_IN,22864,278,1.2159%,2016.93,32,11053.32,33,63.02906,0.1400%,5.48027,23,7957.14,24,87.69261,0.1006%,3.94517,9,3096.18,9,,,,,,,,,
INR,"Apr 01, 2026 - Apr 30, 2026","=""amzn1.ads-account.g.a5og6bnunpn8m911rke7gdql""",Cubelelo,162147707583156,BA - Branded - Cubelelo,"=""329970929951347""",SP-KT - Branded - Cubelelo - Mid & Low Volume - Exact & Phrase - UND,"=""360220929148821""",Mirror,B0DRVW5BNS,Cubelelo Drift 3x3 Mirror Blue (Tiled) Speed Cube | New Blue Version Looks Stunning with Buttery Smooth Turns | Ideal for Kids Above 5 6 Years Old Boys Girls | 3x3x3 Shape-Shifting Design Puzzle Toy,B0DWMW5ZNX,cubelelo,0300 Games & Puzzles,0301 Family Board / Action,Toy,1120039,AMAZON_IN,649,6,0.9245%,38.08,1,188.57,1,38.08000,0.1541%,4.95194,0,0.00,0,,0.0000%,0.00000,1,188.57,1,,,,,,,,,
INR,"Apr 01, 2026 - Apr 30, 2026","=""amzn1.ads-account.g.a5og6bnunpn8m911rke7gdql""",Cubelelo,279942205262904,BA - Generic - Mid & Low Volume,"=""560766968003680""","SP-KT - Mirror, Infinity & Combo - Open - Mid & Low Volume - Exact & Phrase - UND","=""389003175272486""",Mirror - Mid & Low Volume,B0DRVW5BNS,Cubelelo Drift 3x3 Mirror Blue (Tiled) Speed Cube | New Blue Version Looks Stunning with Buttery Smooth Turns | Ideal for Kids Above 5 6 Years Old Boys Girls | 3x3x3 Shape-Shifting Design Puzzle Toy,B0DWMW5ZNX,cubelelo,0300 Games & Puzzles,0301 Family Board / Action,Toy,1120039,AMAZON_IN,11470,135,1.1770%,990.86,12,3890.48,12,82.57167,0.1046%,3.92637,8,2819.05,8,123.85750,0.0697%,2.84505,4,1071.43,4,,,,,,,,,
INR,"Apr 01, 2026 - Apr 30, 2026","=""amzn1.ads-account.g.a5og6bnunpn8m911rke7gdql""",Cubelelo,108066094626813,BA - Generic - Extremely High Volume,"=""530532259196935""","SP-KT - Megaminx, Pyramid, Timer & Gear - Open - High Volume - Exact","=""321431385380150""",Pyramid - High Volume,B0CVL6X9KS,Cubelelo Drift Pyraminx and Cube Lube Combo | Pyramid Triangle Speedcube & Premium Lubricant Set,-1,cubelelo,0300 Games & Puzzles,0307 Non-wooden Puzzles,Toy,1460544,AMAZON_IN,11594,91,0.7849%,811.67,12,3948.56,12,67.63917,0.1035%,4.86474,7,2898.09,7,115.95286,0.0604%,3.57053,5,1050.47,5,,,,,,,,,
INR,"Apr 01, 2026 - Apr 30, 2026","=""amzn1.ads-account.g.a5og6bnunpn8m911rke7gdql""",Cubelelo,279942205262904,BA - Generic - Mid & Low Volume,"=""315451570129574""","SP-KT - Maglev, Mastermorphix, Puppet, Snake, Square1, Megaminx - Open - Mid & Low Volume - Exact & Phrase - UND","=""355780307112522""",Snake - Mid & Low Volume - Exact & Phrase,B0BV247KZ6,Cubelelo Magic Snake Rainbow Puzzle Cube (24 Wedges) | Twist and Turn Shape Creation Fun Game for Kids Boys Girls and Adults | Multicolor Brain Teaser Stress Buster Toy | for Ages 3 Years and Above,B0CT8VHGGD,cubelelo,0300 Games & Puzzles,0307 Non-wooden Puzzles,Toy,1310035_EAN,AMAZON_IN,9956,263,2.6416%,1295.61,48,16930.42,54,26.99188,0.4821%,13.06753,42,15365.67,48,30.84786,0.4219%,11.85980,6,1564.75,6,,,,,,,,,
INR,"Apr 01, 2026 - Apr 30, 2026","=""amzn1.ads-account.g.a5og6bnunpn8m911rke7gdql""",Cubelelo,279942205262904,BA - Generic - Mid & Low Volume,"=""405383753413943""","SP-KT - Lube Combo, Magic, Pyraminx, Skewb, Stand, Timer, Gear - Open - Mid & Low Volume - Exact & Phrase","=""372803868727165""",Skewb - Mid & Low Volume - Exact & Phrase,B09K7QWDT5,Cubelelo Drift Skewb Stickerless Speedcube Puzzle for Kids & Adults | Fast & Smooth Stress Buster | Brain-Boosting Challenge for Kids and Adults (Multicolour),B08BTYH1QF,cubelelo,0300 Games & Puzzles,0307 Non-wooden Puzzles,Toy,1130100,AMAZON_IN,9236,233,2.5227%,1757.89,51,27484.85,61,34.46843,0.5522%,15.63514,39,19411.52,39,45.07410,0.4223%,11.04251,12,8073.33,22,,,,,,,,,
INR,"Apr 01, 2026 - Apr 30, 2026","=""amzn1.ads-account.g.a5og6bnunpn8m911rke7gdql""",Cubelelo,279942205262904,BA - Generic - Mid & Low Volume,"=""315451570129574""","SP-KT - Maglev, Mastermorphix, Puppet, Snake, Square1, Megaminx - Open - Mid & Low Volume - Exact & Phrase - UND","=""391120880267490""",Unique - Mid & Low Volume - Exact & Phrase,B09K7QWDT5,Cubelelo Drift Skewb Stickerless Speedcube Puzzle for Kids & Adults | Fast & Smooth Stress Buster | Brain-Boosting Challenge for Kids and Adults (Multicolour),B08BTYH1QF,cubelelo,0300 Games & Puzzles,0307 Non-wooden Puzzles,Toy,1130100,AMAZON_IN,3500,27,0.7714%,150.66,6,2526.67,6,25.11000,0.1714%,16.77068,4,1996.20,4,37.66500,0.1143%,13.24970,2,530.47,2,,,,,,,,,
INR,"Apr 01, 2026 - Apr 30, 2026","=""amzn1.ads-account.g.a5og6bnunpn8m911rke7gdql""",Cubelelo,279942205262904,BA - Generic - Mid & Low Volume,"=""315451570129574""","SP-KT - Maglev, Mastermorphix, Puppet, Snake, Square1, Megaminx - Open - Mid & Low Volume - Exact & Phrase - UND","=""341230793876965""",Mastermorphix - Mid & Low Volume - Exact & Phrase,B09K7QWDT5,Cubelelo Drift Skewb Stickerless Speedcube Puzzle for Kids & Adults | Fast & Smooth Stress Buster | Brain-Boosting Challenge for Kids and Adults (Multicolour),B08BTYH1QF,cubelelo,0300 Games & Puzzles,0307 Non-wooden Puzzles,Toy,1130100,AMAZON_IN,267,1,0.3745%,6.24,0,0.00,0,,0.0000%,0.00000,0,0.00,0,,0.0000%,0.00000,0,0.00,0,,,,,,,,,
INR,"Apr 01, 2026 - Apr 30, 2026","=""amzn1.ads-account.g.a5og6bnunpn8m911rke7gdql""",Cubelelo,279942205262904,BA - Generic - Mid & Low Volume,"=""405383753413943""","SP-KT - Lube Combo, Magic, Pyraminx, Skewb, Stand, Timer, Gear - Open - Mid & Low Volume - Exact & Phrase","=""350064977792250""",Timer - Mid & Low Volume - Exact & Phrase,B09HH8MCK4,Cubelelo Drift Cube Timer for Speed Cube,B0CXYCGG46,cubelelo,0300 Games & Puzzles,0307 Non-wooden Puzzles,Toy,1380100,AMAZON_IN,3560,88,2.4719%,384.38,11,6493.32,11,34.94364,0.3090%,16.89297,6,5375.23,6,64.06333,0.1685%,13.98416,5,1118.09,5,,,,,,,,,
INR,"Apr 01, 2026 - Apr 30, 2026","=""amzn1.ads-account.g.a5og6bnunpn8m911rke7gdql""",Cubelelo,162147707583156,BA - Branded - Cubelelo,"=""343328245514155""",BA - SP PT - Cube Timer - Brand - ST,"=""544745524853066""",Cube timer_ST,B09HH8MCK4,Cubelelo Drift Cube Timer for Speed Cube,B0CXYCGG46,cubelelo,0300 Games & Puzzles,0307 Non-wooden Puzzles,Toy,1380100,AMAZON_IN,2822,114,4.0397%,685.53,3,2730.47,3,228.51000,0.1063%,3.98301,2,2474.28,2,342.76500,0.0709%,3.60930,1,256.19,1,,,,,,,,,
INR,"Apr 01, 2026 - Apr 26, 2026","=""amzn1.ads-account.g.a5og6bnunpn8m911rke7gdql""",Cubelelo,108066094626813,BA - Generic - Extremely High Volume,"=""530532259196935""","SP-KT - Megaminx, Pyramid, Timer & Gear - Open - High Volume - Exact","=""515308926056437""",Timer - High Volume SKAG,B09HH8MCK4,Cubelelo Drift Cube Timer for Speed Cube,B0CXYCGG46,cubelelo,0300 Games & Puzzles,0307 Non-wooden Puzzles,Toy,1380100,AMAZON_IN,13,0,0.0000%,0.00,0,0.00,0,,0.0000%,,0,0.00,0,,0.0000%,,0,0.00,0,,,,,,,,,
INR,"Apr 24, 2026 - Apr 27, 2026","=""amzn1.ads-account.g.a5og6bnunpn8m911rke7gdql""",Cubelelo,162147707583156,BA - Branded - Cubelelo,"=""329970929951347""",SP-KT - Branded - Cubelelo - Mid & Low Volume - Exact & Phrase - UND,"=""463035025528262""",Timer,B09HH8MCK4,Cubelelo Drift Cube Timer for Speed Cube,B0CXYCGG46,cubelelo,0300 Games & Puzzles,0307 Non-wooden Puzzles,Toy,1380100,AMAZON_IN,3,0,0.0000%,0.00,0,0.00,0,,0.0000%,,0,0.00,0,,0.0000%,,0,0.00,0,,,,,,,,,
INR,"Apr 01, 2026 - Apr 30, 2026","=""amzn1.ads-account.g.a5og6bnunpn8m911rke7gdql""",Cubelelo,279942205262904,BA - Generic - Mid & Low Volume,"=""315451570129574""","SP-KT - Maglev, Mastermorphix, Puppet, Snake, Square1, Megaminx - Open - Mid & Low Volume - Exact & Phrase - UND","=""391120880267490""",Unique - Mid & Low Volume - Exact & Phrase,B09WHYXJRH,"Cubelelo Drift Megaminx M (Magnetic) Stickerless Puzzle - Precision Puzzle for Competitive Solvers, Kids & Adults | Smooth Turning, Durable Design, Ideal for Brain Teasers and Speedcubing Challenges",B0DFGXG393,cubelelo,0300 Games & Puzzles,0307 Non-wooden Puzzles,Toy,1290600,AMAZON_IN,2114,8,0.3784%,87.66,1,475.24,1,87.66000,0.0473%,5.42140,1,475.24,1,87.66000,0.0473%,5.42140,0,0.00,0,,,,,,,,,
INR,"Apr 01, 2026 - Apr 30, 2026","=""amzn1.ads-account.g.a5og6bnunpn8m911rke7gdql""",Cubelelo,279942205262904,BA - Generic - Mid & Low Volume,"=""315451570129574""","SP-KT - Maglev, Mastermorphix, Puppet, Snake, Square1, Megaminx - Open - Mid & Low Volume - Exact & Phrase - UND","=""429913349679527""",Megaminx - Mid & Low Volume - Exact & Phrase,B09WHYXJRH,"Cubelelo Drift Megaminx M (Magnetic) Stickerless Puzzle - Precision Puzzle for Competitive Solvers, Kids & Adults | Smooth Turning, Durable Design, Ideal for Brain Teasers and Speedcubing Challenges",B0DFGXG393,cubelelo,0300 Games & Puzzles,0307 Non-wooden Puzzles,Toy,1290600,AMAZON_IN,7585,123,1.6216%,957.01,22,17725.69,22,43.50045,0.2900%,18.52195,19,17032.36,19,50.36895,0.2505%,17.79747,3,693.33,3,,,,,,,,,
INR,"Apr 01, 2026 - Apr 30, 2026","=""amzn1.ads-account.g.a5og6bnunpn8m911rke7gdql""",Cubelelo,108066094626813,BA - Generic - Extremely High Volume,"=""530532259196935""","SP-KT - Megaminx, Pyramid, Timer & Gear - Open - High Volume - Exact","=""360566109921119""",Megaminx - High Volume SKAG,B09WHYXJRH,"Cubelelo Drift Megaminx M (Magnetic) Stickerless Puzzle - Precision Puzzle for Competitive Solvers, Kids & Adults | Smooth Turning, Durable Design, Ideal for Brain Teasers and Speedcubing Challenges",B0DFGXG393,cubelelo,0300 Games & Puzzles,0307 Non-wooden Puzzles,Toy,1290600,AMAZON_IN,796,6,0.7538%,33.73,1,1237.14,1,33.73000,0.1256%,36.67774,1,1237.14,1,33.73000,0.1256%,36.67774,0,0.00,0,,,,,,,,,
INR,"Apr 20, 2026 - Apr 29, 2026","=""amzn1.ads-account.g.a5og6bnunpn8m911rke7gdql""",Cubelelo,279942205262904,BA - Generic - Mid & Low Volume,"=""369883644681767""","SP-KT - Magnetic - Open, 2x2, 4x4, 5x5 - High Volume - Exact & Phrase","=""398733777024064""",Phrase - Magnetic - 4x4 - Mid & Low Volume,B09MZ7WP73,"Cubelelo Drift 4M 4x4 (Magnetic) Speed Cube | AKA Revenge Cube | Combines Smoothness, Stability and Durability | Toys for Kids Ages 7-14 Boys Girls and Adults All Ages | 4x4x4 Puzzle Speedcube Toy",B0CBBV1B5T,cubelelo,0300 Games & Puzzles,0307 Non-wooden Puzzles,Toy,1040600,AMAZON_IN,8,2,25.0000%,5.07,0,0.00,0,,0.0000%,0.00000,0,0.00,0,,0.0000%,0.00000,0,0.00,0,,,,,,,,,
INR,"Apr 01, 2026 - Apr 30, 2026","=""amzn1.ads-account.g.a5og6bnunpn8m911rke7gdql""",Cubelelo,279942205262904,BA - Generic - Mid & Low Volume,"=""498287583816355""","SP-KT - Generic - 5x5, 6x6, 7x7, Keychain - Mid & Low Volume - Exact & Phrase","=""490322774447990""",Generic - 5x5 - Mid & Low Volume,B0BZL11XWC,"Cubelelo Drift 4x4, 5x5 Premium Gift Box | 2-in-1 Puzzle Game Set | Challenge, Thrice The Fun | Ultimate Value Saver Combo | Brainstoming Toy for Children Kids & Adults",-1,cubelelo,0300 Games & Puzzles,0307 Non-wooden Puzzles,Toy,1460510,AMAZON_IN,10660,91,0.8537%,1182.33,18,9770.43,18,65.68500,0.1689%,8.26371,11,7846.63,11,107.48455,0.1032%,6.63658,7,1923.80,7,,,,,,,,,
INR,"Apr 01, 2026 - Apr 30, 2026","=""amzn1.ads-account.g.a5og6bnunpn8m911rke7gdql""",Cubelelo,279942205262904,BA - Generic - Mid & Low Volume,"=""332675778194131""",SP-KT - Generic - 4x4 - Mid & Low Volume - Exact & Phrase - DO,"=""302493695958815""",Generic - 4x4 - Mid & Low Volume,B0BZL11XWC,"Cubelelo Drift 4x4, 5x5 Premium Gift Box | 2-in-1 Puzzle Game Set | Challenge, Thrice The Fun | Ultimate Value Saver Combo | Brainstoming Toy for Children Kids & Adults",-1,cubelelo,0300 Games & Puzzles,0307 Non-wooden Puzzles,Toy,1460510,AMAZON_IN,47187,266,0.5637%,3501.60,50,27027.51,50,70.03200,0.1060%,7.71862,41,25198.95,41,85.40488,0.0869%,7.19641,9,1828.56,9,,,,,,,,,
INR,"Apr 01, 2026 - Apr 30, 2026","=""amzn1.ads-account.g.a5og6bnunpn8m911rke7gdql""",Cubelelo,279942205262904,BA - Generic - Mid & Low Volume,"=""332675778194131""",SP-KT - Generic - 4x4 - Mid & Low Volume - Exact & Phrase - DO,"=""318693646880033""",Phrase - Generic - 4x4 - Mid & Low Volume,B09MZ7WP73,"Cubelelo Drift 4M 4x4 (Magnetic) Speed Cube | AKA Revenge Cube | Combines Smoothness, Stability and Durability | Toys for Kids Ages 7-14 Boys Girls and Adults All Ages | 4x4x4 Puzzle Speedcube Toy",B0CBBV1B5T,cubelelo,0300 Games & Puzzles,0307 Non-wooden Puzzles,Toy,1040600,AMAZON_IN,10029,156,1.5555%,1316.41,16,12917.12,16,82.27563,0.1595%,9.81238,12,11607.60,12,109.70083,0.1197%,8.81762,4,1309.52,4,,,,,,,,,
INR,"Apr 02, 2026 - Apr 29, 2026","=""amzn1.ads-account.g.a5og6bnunpn8m911rke7gdql""",Cubelelo,279942205262904,BA - Generic - Mid & Low Volume,"=""369883644681767""","SP-KT - Magnetic - Open, 2x2, 4x4, 5x5 - High Volume - Exact & Phrase","=""425372408989294""",Magnetic - 4x4 - Mid & Low Volume,B0BZL11XWC,"Cubelelo Drift 4x4, 5x5 Premium Gift Box | 2-in-1 Puzzle Game Set | Challenge, Thrice The Fun | Ultimate Value Saver Combo | Brainstoming Toy for Children Kids & Adults",-1,cubelelo,0300 Games & Puzzles,0307 Non-wooden Puzzles,Toy,1460510,AMAZON_IN,56,2,3.5714%,6.45,1,713.33,1,6.45000,1.7857%,110.59380,1,713.33,1,6.45000,1.7857%,110.59380,0,0.00,0,,,,,,,,,
INR,"Apr 01, 2026 - Apr 30, 2026","=""amzn1.ads-account.g.a5og6bnunpn8m911rke7gdql""",Cubelelo,279942205262904,BA - Generic - Mid & Low Volume,"=""560766968003680""","SP-KT - Mirror, Infinity & Combo - Open - Mid & Low Volume - Exact & Phrase - UND","=""531829023860059""",Phrase - Combo - Mid & Low Volume,B0BZL11XWC,"Cubelelo Drift 4x4, 5x5 Premium Gift Box | 2-in-1 Puzzle Game Set | Challenge, Thrice The Fun | Ultimate Value Saver Combo | Brainstoming Toy for Children Kids & Adults",-1,cubelelo,0300 Games & Puzzles,0307 Non-wooden Puzzles,Toy,1460510,AMAZON_IN,15321,72,0.4699%,712.60,9,5752.37,9,79.17778,0.0587%,8.07237,8,5325.70,8,89.07500,0.0522%,7.47362,1,426.67,1,,,,,,,,,
INR,"Apr 01, 2026 - Apr 30, 2026","=""amzn1.ads-account.g.a5og6bnunpn8m911rke7gdql""",Cubelelo,279942205262904,BA - Generic - Mid & Low Volume,"=""327104446426115""","SP-KT - Axis - Windmill - Fisher, Cylinder, Kids, Mini, Smart, Pyramid - Open - Mid & Low Volume - Exact & Phrase","=""528810430432085""",Mini - Mid & Low Volume - Exact & Phrase,B09B75WYR2,Cubelelo Drift Mini 3x3 Keychain | Magic Speed Cube Toy | Puzzle for Kids and Adults | Compact and Handy Multi Purpose Brain Teaser Game for Fun and Joy | for Ages 3 Years and Above,-1,cubelelo,0300 Games & Puzzles,0307 Non-wooden Puzzles,Toy,1960100,AMAZON_IN,9506,219,2.3038%,745.07,12,3504.80,13,62.08917,0.1262%,4.70399,12,3504.80,13,62.08917,0.1262%,4.70399,0,0.00,0,,,,,,,,,
INR,"Apr 19, 2026 - Apr 30, 2026","=""amzn1.ads-account.g.a5og6bnunpn8m911rke7gdql""",Cubelelo,279942205262904,BA - Generic - Mid & Low Volume,"=""369883644681767""","SP-KT - Magnetic - Open, 2x2, 4x4, 5x5 - High Volume - Exact & Phrase","=""425372408989294""",Magnetic - 4x4 - Mid & Low Volume,B09MZ7WP73,"Cubelelo Drift 4M 4x4 (Magnetic) Speed Cube | AKA Revenge Cube | Combines Smoothness, Stability and Durability | Toys for Kids Ages 7-14 Boys Girls and Adults All Ages | 4x4x4 Puzzle Speedcube Toy",B0CBBV1B5T,cubelelo,0300 Games & Puzzles,0307 Non-wooden Puzzles,Toy,1040600,AMAZON_IN,89,16,17.9775%,68.61,5,4566.65,5,13.72200,5.6180%,66.55954,4,3853.32,4,17.15250,4.4944%,56.16266,1,713.33,1,,,,,,,,,
INR,"Apr 01, 2026 - Apr 30, 2026","=""amzn1.ads-account.g.a5og6bnunpn8m911rke7gdql""",Cubelelo,279942205262904,BA - Generic - Mid & Low Volume,"=""498287583816355""","SP-KT - Generic - 5x5, 6x6, 7x7, Keychain - Mid & Low Volume - Exact & Phrase","=""384271447348191""",Phrase - Generic - 5x5 - Mid & Low Volume,B0BZL11XWC,"Cubelelo Drift 4x4, 5x5 Premium Gift Box | 2-in-1 Puzzle Game Set | Challenge, Thrice The Fun | Ultimate Value Saver Combo | Brainstoming Toy for Children Kids & Adults",-1,cubelelo,0300 Games & Puzzles,0307 Non-wooden Puzzles,Toy,1460510,AMAZON_IN,15567,230,1.4775%,3026.71,28,17811.36,28,108.09679,0.1799%,5.88473,23,15407.55,23,131.59609,0.1477%,5.09053,5,2403.81,5,,,,,,,,,
INR,"Apr 08, 2026 - Apr 22, 2026","=""amzn1.ads-account.g.a5og6bnunpn8m911rke7gdql""",Cubelelo,279942205262904,BA - Generic - Mid & Low Volume,"=""369883644681767""","SP-KT - Magnetic - Open, 2x2, 4x4, 5x5 - High Volume - Exact & Phrase","=""549377709953283""",Phrase - Magnetic - 5x5 - Mid & Low Volume,B0BZL11XWC,"Cubelelo Drift 4x4, 5x5 Premium Gift Box | 2-in-1 Puzzle Game Set | Challenge, Thrice The Fun | Ultimate Value Saver Combo | Brainstoming Toy for Children Kids & Adults",-1,cubelelo,0300 Games & Puzzles,0307 Non-wooden Puzzles,Toy,1460510,AMAZON_IN,8,0,0.0000%,0.00,0,0.00,0,,0.0000%,,0,0.00,0,,0.0000%,,0,0.00,0,,,,,,,,,
INR,"Apr 26, 2026 - Apr 26, 2026","=""amzn1.ads-account.g.a5og6bnunpn8m911rke7gdql""",Cubelelo,279942205262904,BA - Generic - Mid & Low Volume,"=""369883644681767""","SP-KT - Magnetic - Open, 2x2, 4x4, 5x5 - High Volume - Exact & Phrase","=""398733777024064""",Phrase - Magnetic - 4x4 - Mid & Low Volume,B0BZL11XWC,"Cubelelo Drift 4x4, 5x5 Premium Gift Box | 2-in-1 Puzzle Game Set | Challenge, Thrice The Fun | Ultimate Value Saver Combo | Brainstoming Toy for Children Kids & Adults",-1,cubelelo,0300 Games & Puzzles,0307 Non-wooden Puzzles,Toy,1460510,AMAZON_IN,1,0,0.0000%,0.00,0,0.00,0,,0.0000%,,0,0.00,0,,0.0000%,,0,0.00,0,,,,,,,,,
INR,"Apr 01, 2026 - Apr 30, 2026","=""amzn1.ads-account.g.a5og6bnunpn8m911rke7gdql""",Cubelelo,279942205262904,BA - Generic - Mid & Low Volume,"=""332675778194131""",SP-KT - Generic - 4x4 - Mid & Low Volume - Exact & Phrase - DO,"=""318693646880033""",Phrase - Generic - 4x4 - Mid & Low Volume,B0BZL11XWC,"Cubelelo Drift 4x4, 5x5 Premium Gift Box | 2-in-1 Puzzle Game Set | Challenge, Thrice The Fun | Ultimate Value Saver Combo | Brainstoming Toy for Children Kids & Adults",-1,cubelelo,0300 Games & Puzzles,0307 Non-wooden Puzzles,Toy,1460510,AMAZON_IN,30753,251,0.8162%,2940.65,32,17640.88,33,91.89531,0.1041%,5.99897,25,15975.18,26,117.62600,0.0813%,5.43253,7,1665.70,7,,,,,,,,,
INR,"Apr 01, 2026 - Apr 30, 2026","=""amzn1.ads-account.g.a5og6bnunpn8m911rke7gdql""",Cubelelo,162147707583156,BA - Branded - Cubelelo,"=""329970929951347""",SP-KT - Branded - Cubelelo - Mid & Low Volume - Exact & Phrase - UND,"=""560146263793792""",Combo,B0BZL11XWC,"Cubelelo Drift 4x4, 5x5 Premium Gift Box | 2-in-1 Puzzle Game Set | Challenge, Thrice The Fun | Ultimate Value Saver Combo | Brainstoming Toy for Children Kids & Adults",-1,cubelelo,0300 Games & Puzzles,0307 Non-wooden Puzzles,Toy,1460510,AMAZON_IN,6698,41,0.6121%,381.02,6,2924.76,6,63.50333,0.0896%,7.67613,4,2280.00,4,95.25500,0.0597%,5.98394,2,644.76,2,,,,,,,,,
INR,"Apr 21, 2026 - Apr 21, 2026","=""amzn1.ads-account.g.a5og6bnunpn8m911rke7gdql""",Cubelelo,279942205262904,BA - Generic - Mid & Low Volume,"=""369883644681767""","SP-KT - Magnetic - Open, 2x2, 4x4, 5x5 - High Volume - Exact & Phrase","=""311152673530412""",Magnetic - 5x5 - Mid & Low Volume,B0BZL11XWC,"Cubelelo Drift 4x4, 5x5 Premium Gift Box | 2-in-1 Puzzle Game Set | Challenge, Thrice The Fun | Ultimate Value Saver Combo | Brainstoming Toy for Children Kids & Adults",-1,cubelelo,0300 Games & Puzzles,0307 Non-wooden Puzzles,Toy,1460510,AMAZON_IN,1,0,0.0000%,0.00,0,0.00,0,,0.0000%,,0,0.00,0,,0.0000%,,0,0.00,0,,,,,,,,,
INR,"Apr 19, 2026 - Apr 30, 2026","=""amzn1.ads-account.g.a5og6bnunpn8m911rke7gdql""",Cubelelo,162147707583156,BA - Branded - Cubelelo,"=""329970929951347""",SP-KT - Branded - Cubelelo - Mid & Low Volume - Exact & Phrase - UND,"=""302346821210022""",Branded - 4x4,B09MZ7WP73,"Cubelelo Drift 4M 4x4 (Magnetic) Speed Cube | AKA Revenge Cube | Combines Smoothness, Stability and Durability | Toys for Kids Ages 7-14 Boys Girls and Adults All Ages | 4x4x4 Puzzle Speedcube Toy",B0CBBV1B5T,cubelelo,0300 Games & Puzzles,0307 Non-wooden Puzzles,Toy,1040600,AMAZON_IN,629,9,1.4308%,76.77,1,380.00,1,76.77000,0.1590%,4.94985,0,0.00,0,,0.0000%,0.00000,1,380.00,1,,,,,,,,,
INR,"Apr 01, 2026 - Apr 30, 2026","=""amzn1.ads-account.g.a5og6bnunpn8m911rke7gdql""",Cubelelo,279942205262904,BA - Generic - Mid & Low Volume,"=""498287583816355""","SP-KT - Generic - 5x5, 6x6, 7x7, Keychain - Mid & Low Volume - Exact & Phrase","=""488567764457494""",Generic - Keychain - Low Volume,B09B75WYR2,Cubelelo Drift Mini 3x3 Keychain | Magic Speed Cube Toy | Puzzle for Kids and Adults | Compact and Handy Multi Purpose Brain Teaser Game for Fun and Joy | for Ages 3 Years and Above,-1,cubelelo,0300 Games & Puzzles,0307 Non-wooden Puzzles,Toy,1960100,AMAZON_IN,1894,41,2.1647%,117.87,8,2163.84,8,14.73375,0.4224%,18.35785,8,2163.84,8,14.73375,0.4224%,18.35785,0,0.00,0,,,,,,,,,
INR,"Apr 24, 2026 - Apr 30, 2026","=""amzn1.ads-account.g.a5og6bnunpn8m911rke7gdql""",Cubelelo,108066094626813,BA - Generic - Extremely High Volume,"=""345506724788622""","SP-KT - Mirror, Infinity & Combo - Open - High Volume - Exact","=""399619745424045""",Combo - High Volume SKAG,B0BZL11XWC,"Cubelelo Drift 4x4, 5x5 Premium Gift Box | 2-in-1 Puzzle Game Set | Challenge, Thrice The Fun | Ultimate Value Saver Combo | Brainstoming Toy for Children Kids & Adults",-1,cubelelo,0300 Games & Puzzles,0307 Non-wooden Puzzles,Toy,1460510,AMAZON_IN,2,1,50.0000%,1.00,0,0.00,0,,0.0000%,0.00000,0,0.00,0,,0.0000%,0.00000,0,0.00,0,,,,,,,,,
INR,"Apr 01, 2026 - Apr 30, 2026","=""amzn1.ads-account.g.a5og6bnunpn8m911rke7gdql""",Cubelelo,106276615587889,BA - Wooden Toys,"=""556800165272450""",SP-PT - Wooden - Comp - Puzzle Co - Calendar Puzzle - Exact,"=""334412694312199""",Calendar Puzzle,B0CZHHW1PG,Cubelelo Drift Honeycomb Weekday Calendar Puzzle | A-Puzzle-A-Day | Premium Wooden Challenging Hexagon Shape Tetris Tangram Brain Storming Toy for Kids & Adults | Ideal Gift for Ages 3 and Above,-1,cubelelo,0300 Games & Puzzles,0306 Wooden Puzzles,Toy,4001045,AMAZON_IN,523,6,1.1472%,43.25,0,0.00,0,,0.0000%,0.00000,0,0.00,0,,0.0000%,0.00000,0,0.00,0,,,,,,,,,
INR,"Apr 01, 2026 - Apr 30, 2026","=""amzn1.ads-account.g.a5og6bnunpn8m911rke7gdql""",Cubelelo,279942205262904,BA - Generic - Mid & Low Volume,"=""285784532724588""",SP-KT - Generic - Open - Cube - Mid & Low Volume - Exact & Phrase,"=""479419335051851""",Phrase - Generic - Open Searches - Mid & Low Volume,B08XJVBV15,"Cubelelo Drift 3x3 & 4x4 Stickerless Combo Set – Premium Dual Speed Cube Bundle for All Skill Levels – Smooth Turning, Durable, and Vibrant Stickerless Design",-1,cubelelo,0300 Games & Puzzles,0307 Non-wooden Puzzles,Toy,1460502,AMAZON_IN,21562,34,0.1577%,257.27,5,2471.44,5,51.45400,0.0232%,9.60641,5,2471.44,5,51.45400,0.0232%,9.60641,0,0.00,0,,,,,,,,,
INR,"Apr 01, 2026 - Apr 30, 2026","=""amzn1.ads-account.g.a5og6bnunpn8m911rke7gdql""",Cubelelo,279942205262904,BA - Generic - Mid & Low Volume,"=""316273786051120""",SD-CT - 3D Puzzle & Brain Teasers - Comp - Open - Broad - Old,"=""302660200409918""",Category Targeting,B08XJVBV15,"Cubelelo Drift 3x3 & 4x4 Stickerless Combo Set – Premium Dual Speed Cube Bundle for All Skill Levels – Smooth Turning, Durable, and Vibrant Stickerless Design",-1,cubelelo,0300 Games & Puzzles,0307 Non-wooden Puzzles,Toy,1460502,AMAZON_IN,63,0,0.0000%,0.00,0,0.00,0,,0.0000%,,0,0.00,0,,0.0000%,,0,0.00,0,0,0.00,0,,0.0000%,,0,,0.0000%
INR,"Apr 01, 2026 - Apr 30, 2026","=""amzn1.ads-account.g.a5og6bnunpn8m911rke7gdql""",Cubelelo,108066094626813,BA - Generic - Extremely High Volume,"=""495997417400177""",SP-KT - Generic - Open - 'Rubix Cube' - SKAG - High Volume - Exact,"=""536771283942162""",Generic - Open Searches - High Volume SKAG,B08XJVBV15,"Cubelelo Drift 3x3 & 4x4 Stickerless Combo Set – Premium Dual Speed Cube Bundle for All Skill Levels – Smooth Turning, Durable, and Vibrant Stickerless Design",-1,cubelelo,0300 Games & Puzzles,0307 Non-wooden Puzzles,Toy,1460502,AMAZON_IN,57930,102,0.1761%,1184.87,5,2089.52,5,236.97400,0.0086%,1.76350,3,1234.29,3,394.95667,0.0052%,1.04171,2,855.23,2,,,,,,,,,
INR,"Apr 01, 2026 - Apr 30, 2026","=""amzn1.ads-account.g.a5og6bnunpn8m911rke7gdql""",Cubelelo,63272072822448,Old - Speed Cube Campaigns All,"=""495291247543690""",BA_SP_KT_Speed cube 3x3_Generic_Phrase_09/23,"=""533767985616784""",Speed cube 3x3,B0DQ8XH4J5,"Cubelelo Drift 3M Plus v2 MagLev 3x3 Speedcube with Premium Pouch & Cube Lubricant Combo | Advanced MagLev Technology for Superior Stability | Ultra-Smooth Turns | Ideal for Speedcubers, Kids & Adults",B0DQPD175T,cubelelo,0300 Games & Puzzles,0315 Electronic HandHeld Games,Toy,CLB0525,AMAZON_IN,33415,227,0.6793%,1729.61,20,11862.84,21,86.48050,0.0599%,6.85868,16,11026.66,16,108.10063,0.0479%,6.37523,4,836.18,5,,,,,,,,,
INR,"Apr 01, 2026 - Apr 30, 2026","=""amzn1.ads-account.g.a5og6bnunpn8m911rke7gdql""",Cubelelo,182829498693993,BA - Competition - GAN,"=""491880598355368""",SP-KT - Comp - GAN - 3x3 - Mid & Low Volume - Exact & Phrase,"=""404568450484859""",Gan - 3x3 - Mid & Low Volume,B0DQ8XH4J5,"Cubelelo Drift 3M Plus v2 MagLev 3x3 Speedcube with Premium Pouch & Cube Lubricant Combo | Advanced MagLev Technology for Superior Stability | Ultra-Smooth Turns | Ideal for Speedcubers, Kids & Adults",B0DQPD175T,cubelelo,0300 Games & Puzzles,0315 Electronic HandHeld Games,Toy,CLB0525,AMAZON_IN,782,18,2.3018%,75.06,2,1474.28,2,37.53000,0.2558%,19.64135,1,1332.38,1,75.06000,0.1279%,17.75087,1,141.90,1,,,,,,,,,
INR,"Apr 01, 2026 - Apr 29, 2026","=""amzn1.ads-account.g.a5og6bnunpn8m911rke7gdql""",Cubelelo,182829498693993,BA - Competition - GAN,"=""491880598355368""",SP-KT - Comp - GAN - 3x3 - Mid & Low Volume - Exact & Phrase,"=""351640142731378""",Phrase - SKAG,B0DQ8XH4J5,"Cubelelo Drift 3M Plus v2 MagLev 3x3 Speedcube with Premium Pouch & Cube Lubricant Combo | Advanced MagLev Technology for Superior Stability | Ultra-Smooth Turns | Ideal for Speedcubers, Kids & Adults",B0DQPD175T,cubelelo,0300 Games & Puzzles,0315 Electronic HandHeld Games,Toy,CLB0525,AMAZON_IN,416,10,2.4038%,48.55,0,0.00,0,,0.0000%,0.00000,0,0.00,0,,0.0000%,0.00000,0,0.00,0,,,,,,,,,
INR,"Apr 01, 2026 - Apr 30, 2026","=""amzn1.ads-account.g.a5og6bnunpn8m911rke7gdql""",Cubelelo,279942205262904,BA - Generic - Mid & Low Volume,"=""315451570129574""","SP-KT - Maglev, Mastermorphix, Puppet, Snake, Square1, Megaminx - Open - Mid & Low Volume - Exact & Phrase - UND","=""302205874173501""",Maglev - Mid & Low Volume - Exact & Phrase,B0DQ8XH4J5,"Cubelelo Drift 3M Plus v2 MagLev 3x3 Speedcube with Premium Pouch & Cube Lubricant Combo | Advanced MagLev Technology for Superior Stability | Ultra-Smooth Turns | Ideal for Speedcubers, Kids & Adults",B0DQPD175T,cubelelo,0300 Games & Puzzles,0315 Electronic HandHeld Games,Toy,CLB0525,AMAZON_IN,8671,110,1.2686%,752.39,11,14275.22,12,68.39909,0.1269%,18.97317,11,14275.22,12,68.39909,0.1269%,18.97317,0,0.00,0,,,,,,,,,
INR,"Apr 01, 2026 - Apr 30, 2026","=""amzn1.ads-account.g.a5og6bnunpn8m911rke7gdql""",Cubelelo,182829498693993,BA - Competition - GAN,"=""287167733706633""",SP-KT - Comp - GAN - Generic - High Volume - Exact,"=""497061644898658""",Gan - Generic - High Volume,B0DQ8XH4J5,"Cubelelo Drift 3M Plus v2 MagLev 3x3 Speedcube with Premium Pouch & Cube Lubricant Combo | Advanced MagLev Technology for Superior Stability | Ultra-Smooth Turns | Ideal for Speedcubers, Kids & Adults",B0DQPD175T,cubelelo,0300 Games & Puzzles,0315 Electronic HandHeld Games,Toy,CLB0525,AMAZON_IN,7057,65,0.9211%,415.71,2,1602.86,2,207.85500,0.0283%,3.85572,1,1332.38,1,415.71000,0.0142%,3.20507,1,270.48,1,,,,,,,,,
INR,"Apr 01, 2026 - Apr 30, 2026","=""amzn1.ads-account.g.a5og6bnunpn8m911rke7gdql""",Cubelelo,182829498693993,BA - Competition - GAN,"=""548052105782309""",SP-KT - Comp - GAN - 3x3 - High Volume - Exact,"=""489910891681991""",Gan - 3x3 - High Volume,B0DQ8XH4J5,"Cubelelo Drift 3M Plus v2 MagLev 3x3 Speedcube with Premium Pouch & Cube Lubricant Combo | Advanced MagLev Technology for Superior Stability | Ultra-Smooth Turns | Ideal for Speedcubers, Kids & Adults",B0DQPD175T,cubelelo,0300 Games & Puzzles,0315 Electronic HandHeld Games,Toy,CLB0525,AMAZON_IN,21994,172,0.7820%,882.33,10,7842.85,12,88.23300,0.0455%,8.88879,3,2664.76,3,294.11000,0.0136%,3.02014,7,5178.09,9,,,,,,,,,
INR,"Apr 06, 2026 - Apr 06, 2026","=""amzn1.ads-account.g.a5og6bnunpn8m911rke7gdql""",Cubelelo,279942205262904,BA - Generic - Mid & Low Volume,"=""315451570129574""","SP-KT - Maglev, Mastermorphix, Puppet, Snake, Square1, Megaminx - Open - Mid & Low Volume - Exact & Phrase - UND","=""391120880267490""",Unique - Mid & Low Volume - Exact & Phrase,B0BZL2VBRM,"Cubelelo 2x2, 3x3, Pyraminx & Skewb Combo Stickerless | Speedcube Set for Kids & Adults | Smooth & Durable Puzzle Cubes | Ideal Combo for Beginners & Pros",-1,cubelelo,0300 Games & Puzzles,0307 Non-wooden Puzzles,Toy,1460551,AMAZON_IN,1,0,0.0000%,0.00,0,0.00,0,,0.0000%,,0,0.00,0,,0.0000%,,0,0.00,0,,,,,,,,,
INR,"Apr 03, 2026 - Apr 30, 2026","=""amzn1.ads-account.g.a5og6bnunpn8m911rke7gdql""",Cubelelo,279942205262904,BA - Generic - Mid & Low Volume,"=""315451570129574""","SP-KT - Maglev, Mastermorphix, Puppet, Snake, Square1, Megaminx - Open - Mid & Low Volume - Exact & Phrase - UND","=""303147424457131""",Square1 - Mid & Low Volume - Exact & Phrase,B082GC1ZBJ,"Cubelelo Moyu Meilong Gift Box (Stickerless) Speed Cube Magic Puzzle | 4-Pack Speedcube Bundle with Pyraminx, Square-1, Skewb & Megaminx | Ultimate Brain Teaser for Kids & Adults",-1,cubelelo,0300 Games & Puzzles,0307 Non-wooden Puzzles,Toy,1460061,AMAZON_IN,8,0,0.0000%,0.00,0,0.00,0,,0.0000%,,0,0.00,0,,0.0000%,,0,0.00,0,,,,,,,,,
INR,"Apr 01, 2026 - Apr 30, 2026","=""amzn1.ads-account.g.a5og6bnunpn8m911rke7gdql""",Cubelelo,279942205262904,BA - Generic - Mid & Low Volume,"=""315451570129574""","SP-KT - Maglev, Mastermorphix, Puppet, Snake, Square1, Megaminx - Open - Mid & Low Volume - Exact & Phrase - UND","=""391120880267490""",Unique - Mid & Low Volume - Exact & Phrase,B082GC1ZBJ,"Cubelelo Moyu Meilong Gift Box (Stickerless) Speed Cube Magic Puzzle | 4-Pack Speedcube Bundle with Pyraminx, Square-1, Skewb & Megaminx | Ultimate Brain Teaser for Kids & Adults",-1,cubelelo,0300 Games & Puzzles,0307 Non-wooden Puzzles,Toy,1460061,AMAZON_IN,2,0,0.0000%,0.00,0,0.00,0,,0.0000%,,0,0.00,0,,0.0000%,,0,0.00,0,,,,,,,,,
INR,"Apr 01, 2026 - Apr 30, 2026","=""amzn1.ads-account.g.a5og6bnunpn8m911rke7gdql""",Cubelelo,106276615587889,BA - Wooden Toys,"=""333332405788753""",SP - Non Cube - Infinity cube - Generic - Phrase & Exact,"=""556873628191239""",Infinity cube,B09B7PNSTV,Cubelelo Drift Infinity Cube (Blue) | Magic Puzzle Cool Mini Gadget for Stress and Anxiety Relief for Kids and Adults | Desk Finger Flip Toy for Fun and Game | for Ages 3 Years and Above,B0CWH1ZVTQ,cubelelo,0300 Games & Puzzles,0307 Non-wooden Puzzles,Toy,1630202,AMAZON_IN,45293,460,1.0156%,2950.41,65,23195.24,74,45.39092,0.1435%,7.86170,58,17419.05,61,50.86914,0.1281%,5.90394,7,5776.19,13,,,,,,,,,
INR,"Apr 01, 2026 - Apr 30, 2026","=""amzn1.ads-account.g.a5og6bnunpn8m911rke7gdql""",Cubelelo,242135938115990,BA - Competition - Cubes,"=""531300400003008""","SP-CT - Infinity Cuber - Dice Fidget Toys, Infinity Cubes & 3-D Puzzles","=""402525019912413""",Infinity Cube,B09B7PNSTV,Cubelelo Drift Infinity Cube (Blue) | Magic Puzzle Cool Mini Gadget for Stress and Anxiety Relief for Kids and Adults | Desk Finger Flip Toy for Fun and Game | for Ages 3 Years and Above,B0CWH1ZVTQ,cubelelo,0300 Games & Puzzles,0307 Non-wooden Puzzles,Toy,1630202,AMAZON_IN,49577,1170,2.3600%,4701.62,75,22007.61,77,62.68827,0.1513%,4.68086,65,18453.34,66,72.33262,0.1311%,3.92489,10,3554.27,11,,,,,,,,,
INR,"Apr 01, 2026 - Apr 30, 2026","=""amzn1.ads-account.g.a5og6bnunpn8m911rke7gdql""",Cubelelo,279942205262904,BA - Generic - Mid & Low Volume,"=""560766968003680""","SP-KT - Mirror, Infinity & Combo - Open - Mid & Low Volume - Exact & Phrase - UND","=""432237711542454""",Phrase - Infinity - Mid & Low Volume,B09B7PNSTV,Cubelelo Drift Infinity Cube (Blue) | Magic Puzzle Cool Mini Gadget for Stress and Anxiety Relief for Kids and Adults | Desk Finger Flip Toy for Fun and Game | for Ages 3 Years and Above,B0CWH1ZVTQ,cubelelo,0300 Games & Puzzles,0307 Non-wooden Puzzles,Toy,1630202,AMAZON_IN,35655,415,1.1639%,2489.37,63,18872.38,65,39.51381,0.1767%,7.58119,56,16900.01,58,44.45304,0.1571%,6.78887,7,1972.37,7,,,,,,,,,
INR,"Apr 01, 2026 - Apr 30, 2026","=""amzn1.ads-account.g.a5og6bnunpn8m911rke7gdql""",Cubelelo,192177104268571,Old - Non Cube,"=""358488783032231""",SP-Auto - Infinity Cubes,"=""433356583073128""",Infinity Cube,B09B7PNSTV,Cubelelo Drift Infinity Cube (Blue) | Magic Puzzle Cool Mini Gadget for Stress and Anxiety Relief for Kids and Adults | Desk Finger Flip Toy for Fun and Game | for Ages 3 Years and Above,B0CWH1ZVTQ,cubelelo,0300 Games & Puzzles,0307 Non-wooden Puzzles,Toy,1630202,AMAZON_IN,301778,2897,0.9600%,7105.28,132,38811.39,136,53.82788,0.0437%,5.46233,109,31526.65,113,65.18606,0.0361%,4.43707,23,7284.74,23,,,,,,,,,
INR,"Apr 01, 2026 - Apr 30, 2026","=""amzn1.ads-account.g.a5og6bnunpn8m911rke7gdql""",Cubelelo,143920007876206,BA - Megaminx Gan,"=""159344480735091""",SP-KT - Megaminx - Generic - High Volume - Exact - UND,"=""162364644286195""",Megaminx - High Volume - Exact,B0DB6311DK,Cubelelo Drift Megaminx v2 Cube (New Improved Version) | 12-Sided Fun and Challenging Puzzle with Ridge Design | Smooth Turning Dodecahedron | Perfect for Speed-Cubing | Ideal for Kids & Adults,B0DFGXG393,cubelelo,0300 Games & Puzzles,0307 Non-wooden Puzzles,Toy,1290300,AMAZON_IN,38548,650,1.6862%,5041.76,95,46410.67,96,53.07116,0.2464%,9.20525,64,35369.76,64,78.77750,0.1660%,7.01536,31,11040.91,32,,,,,,,,,
INR,"Apr 01, 2026 - Apr 30, 2026","=""amzn1.ads-account.g.a5og6bnunpn8m911rke7gdql""",Cubelelo,108066094626813,BA - Generic - Extremely High Volume,"=""530532259196935""","SP-KT - Megaminx, Pyramid, Timer & Gear - Open - High Volume - Exact","=""360566109921119""",Megaminx - High Volume SKAG,B0DB6311DK,Cubelelo Drift Megaminx v2 Cube (New Improved Version) | 12-Sided Fun and Challenging Puzzle with Ridge Design | Smooth Turning Dodecahedron | Perfect for Speed-Cubing | Ideal for Kids & Adults,B0DFGXG393,cubelelo,0300 Games & Puzzles,0307 Non-wooden Puzzles,Toy,1290300,AMAZON_IN,81,0,0.0000%,0.00,0,0.00,0,,0.0000%,,0,0.00,0,,0.0000%,,0,0.00,0,,,,,,,,,
INR,"Apr 01, 2026 - Apr 30, 2026","=""amzn1.ads-account.g.a5og6bnunpn8m911rke7gdql""",Cubelelo,279942205262904,BA - Generic - Mid & Low Volume,"=""315451570129574""","SP-KT - Maglev, Mastermorphix, Puppet, Snake, Square1, Megaminx - Open - Mid & Low Volume - Exact & Phrase - UND","=""391120880267490""",Unique - Mid & Low Volume - Exact & Phrase,B0DB6311DK,Cubelelo Drift Megaminx v2 Cube (New Improved Version) | 12-Sided Fun and Challenging Puzzle with Ridge Design | Smooth Turning Dodecahedron | Perfect for Speed-Cubing | Ideal for Kids & Adults,B0DFGXG393,cubelelo,0300 Games & Puzzles,0307 Non-wooden Puzzles,Toy,1290300,AMAZON_IN,3967,33,0.8319%,167.64,3,1091.43,3,55.88000,0.0756%,6.51056,2,807.62,2,83.82000,0.0504%,4.81759,1,283.81,1,,,,,,,,,
INR,"Apr 01, 2026 - Apr 30, 2026","=""amzn1.ads-account.g.a5og6bnunpn8m911rke7gdql""",Cubelelo,279942205262904,BA - Generic - Mid & Low Volume,"=""315451570129574""","SP-KT - Maglev, Mastermorphix, Puppet, Snake, Square1, Megaminx - Open - Mid & Low Volume - Exact & Phrase - UND","=""429913349679527""",Megaminx - Mid & Low Volume - Exact & Phrase,B0DB6311DK,Cubelelo Drift Megaminx v2 Cube (New Improved Version) | 12-Sided Fun and Challenging Puzzle with Ridge Design | Smooth Turning Dodecahedron | Perfect for Speed-Cubing | Ideal for Kids & Adults,B0DFGXG393,cubelelo,0300 Games & Puzzles,0307 Non-wooden Puzzles,Toy,1290300,AMAZON_IN,22310,635,2.8463%,3180.72,132,77069.54,153,24.09636,0.5917%,24.23022,113,66307.39,114,28.14796,0.5065%,20.84666,19,10762.15,39,,,,,,,,,
INR,"Apr 01, 2026 - Apr 30, 2026","=""amzn1.ads-account.g.a5og6bnunpn8m911rke7gdql""",Cubelelo,143920007876206,BA - Megaminx Gan,"=""186877229473885""",SP-KT - Megaminx - Generic - Mid & Low Volume - Exact & Phrase - UND,"=""215173494982662""",Megaminx - Mid & Low Volume,B0DB6311DK,Cubelelo Drift Megaminx v2 Cube (New Improved Version) | 12-Sided Fun and Challenging Puzzle with Ridge Design | Smooth Turning Dodecahedron | Perfect for Speed-Cubing | Ideal for Kids & Adults,B0DFGXG393,cubelelo,0300 Games & Puzzles,0307 Non-wooden Puzzles,Toy,1290300,AMAZON_IN,3505,80,2.2825%,428.73,9,4828.60,9,47.63667,0.2568%,11.26257,8,4563.84,8,53.59125,0.2282%,10.64502,1,264.76,1,,,,,,,,,
INR,"Apr 01, 2026 - Apr 30, 2026","=""amzn1.ads-account.g.a5og6bnunpn8m911rke7gdql""",Cubelelo,143920007876206,BA - Megaminx Gan,"=""186877229473885""",SP-KT - Megaminx - Generic - Mid & Low Volume - Exact & Phrase - UND,"=""78909379343094""",Snake & Mastermorphix - Mid & Low Volume,B0DB6311DK,Cubelelo Drift Megaminx v2 Cube (New Improved Version) | 12-Sided Fun and Challenging Puzzle with Ridge Design | Smooth Turning Dodecahedron | Perfect for Speed-Cubing | Ideal for Kids & Adults,B0DFGXG393,cubelelo,0300 Games & Puzzles,0307 Non-wooden Puzzles,Toy,1290300,AMAZON_IN,32171,203,0.6310%,2442.58,9,5139.99,10,271.39778,0.0280%,2.10433,3,1711.44,3,814.19333,0.0093%,0.70067,6,3428.55,7,,,,,,,,,
INR,"Apr 01, 2026 - Apr 30, 2026","=""amzn1.ads-account.g.a5og6bnunpn8m911rke7gdql""",Cubelelo,143920007876206,BA - Megaminx Gan,"=""186877229473885""",SP-KT - Megaminx - Generic - Mid & Low Volume - Exact & Phrase - UND,"=""251209359031436""",Puppet & Unique - Mid & Low Volume,B0DB6311DK,Cubelelo Drift Megaminx v2 Cube (New Improved Version) | 12-Sided Fun and Challenging Puzzle with Ridge Design | Smooth Turning Dodecahedron | Perfect for Speed-Cubing | Ideal for Kids & Adults,B0DFGXG393,cubelelo,0300 Games & Puzzles,0307 Non-wooden Puzzles,Toy,1290300,AMAZON_IN,12098,77,0.6365%,752.31,3,1406.67,3,250.77000,0.0248%,1.86980,2,1140.96,2,376.15500,0.0165%,1.51661,1,265.71,1,,,,,,,,,
INR,"Apr 01, 2026 - Apr 30, 2026","=""amzn1.ads-account.g.a5og6bnunpn8m911rke7gdql""",Cubelelo,279942205262904,BA - Generic - Mid & Low Volume,"=""315451570129574""","SP-KT - Maglev, Mastermorphix, Puppet, Snake, Square1, Megaminx - Open - Mid & Low Volume - Exact & Phrase - UND","=""341230793876965""",Mastermorphix - Mid & Low Volume - Exact & Phrase,B0DB6311DK,Cubelelo Drift Megaminx v2 Cube (New Improved Version) | 12-Sided Fun and Challenging Puzzle with Ridge Design | Smooth Turning Dodecahedron | Perfect for Speed-Cubing | Ideal for Kids & Adults,B0DFGXG393,cubelelo,0300 Games & Puzzles,0307 Non-wooden Puzzles,Toy,1290300,AMAZON_IN,1544,22,1.4249%,152.50,1,313.33,1,152.50000,0.0648%,2.05462,1,313.33,1,152.50000,0.0648%,2.05462,0,0.00,0,,,,,,,,,
INR,"Apr 01, 2026 - Apr 30, 2026","=""amzn1.ads-account.g.a5og6bnunpn8m911rke7gdql""",Cubelelo,162147707583156,BA - Branded - Cubelelo,"=""329970929951347""",SP-KT - Branded - Cubelelo - Mid & Low Volume - Exact & Phrase - UND,"=""302346821210022""",Branded - 4x4,B079WVQD89,Cubelelo Drift 4x4 with Cube Lubricant and Stand Combo | High-Performance Speed Cube | Adjustable Tension & Smooth Turning | Durable & Reliable | Ideal for All Ages,B089SM432V,cubelelo,0300 Games & Puzzles,0307 Non-wooden Puzzles,Toy,1460580,AMAZON_IN,5841,57,0.9759%,424.37,8,3134.29,8,53.04625,0.1370%,7.38575,5,2184.77,5,84.87400,0.0856%,5.14827,3,949.52,3,,,,,,,,,
INR,"Apr 02, 2026 - Apr 30, 2026","=""amzn1.ads-account.g.a5og6bnunpn8m911rke7gdql""",Cubelelo,14896671318530,BA - Tinker Box,"=""383299609032339""","SP-KT - Generic - Tinker Box - Colour and Pattern Sliding Puzzle Game, 5 Column Sort and Stack Puzzle - Exact","=""288337266837008""",Tinker Box - Colour and Pattern Sliding Puzzle Game,B0FQP89PV9,"Tinker Box 5 Column Sort and Stack Puzzle | Montessori Wooden Sorting & Stacking Toy | 3+ Years | Early Learning Puzzle for Shapes, Colors & Counting Skills | Safe & Durable Educational Toy",-1,Tinker Box,0600 Infants/Preschool,0627 All Other Infant Toys,Toy,TB00007,AMAZON_IN,252,3,1.1905%,60.12,0,0.00,0,,0.0000%,0.00000,0,0.00,0,,0.0000%,0.00000,0,0.00,0,,,,,,,,,
INR,"Apr 01, 2026 - Apr 30, 2026","=""amzn1.ads-account.g.a5og6bnunpn8m911rke7gdql""",Cubelelo,215664054810032,BA - Number Sliding Puzzle,"=""339988610395848""",SP-CT - Number Sliding Puzzle - Above 199,"=""338743838952743""",Number sliding puzzle,B09HH8CC7Y,"Cubelelo Drift Number Sliding Magnetic Puzzle 4x4 | Toys For 6-10 Years Old Boys & Girls | 15-Blocks Brain Teaser Puzzle Game for Kids | Educational, Learning, Activity Toy for Return & Birthday Gifts",-1,cubelelo,0300 Games & Puzzles,0307 Non-wooden Puzzles,Toy,1630210,AMAZON_IN,103816,724,0.6974%,5192.28,108,29002.79,112,48.07667,0.1040%,5.58575,94,25106.62,98,55.23702,0.0905%,4.83538,14,3896.17,14,,,,,,,,,
INR,"Apr 01, 2026 - Apr 30, 2026","=""amzn1.ads-account.g.a5og6bnunpn8m911rke7gdql""",Cubelelo,215664054810032,BA - Number Sliding Puzzle,"=""546073666494466""",SP-PT - Number Sliding Puzzle - Comp - Smartivity - Exact,"=""310159045422411""",NSP x Smartivity,B09HH8CC7Y,"Cubelelo Drift Number Sliding Magnetic Puzzle 4x4 | Toys For 6-10 Years Old Boys & Girls | 15-Blocks Brain Teaser Puzzle Game for Kids | Educational, Learning, Activity Toy for Return & Birthday Gifts",-1,cubelelo,0300 Games & Puzzles,0307 Non-wooden Puzzles,Toy,1630210,AMAZON_IN,16857,155,0.9195%,1273.63,15,4099.04,16,84.90867,0.0890%,3.21839,15,4099.04,16,84.90867,0.0890%,3.21839,0,0.00,0,,,,,,,,,
INR,"Apr 01, 2026 - Apr 30, 2026","=""amzn1.ads-account.g.a5og6bnunpn8m911rke7gdql""",Cubelelo,215664054810032,BA - Number Sliding Puzzle,"=""376769954561814""",SP-KT - Number Sliding Puzzle - Generic - Return Gift Queries - Exact,"=""550190471621080""",Number Sliding Puzzle,B09HH8CC7Y,"Cubelelo Drift Number Sliding Magnetic Puzzle 4x4 | Toys For 6-10 Years Old Boys & Girls | 15-Blocks Brain Teaser Puzzle Game for Kids | Educational, Learning, Activity Toy for Return & Birthday Gifts",-1,cubelelo,0300 Games & Puzzles,0307 Non-wooden Puzzles,Toy,1630210,AMAZON_IN,145555,709,0.4871%,5128.46,74,24843.81,89,69.30351,0.0508%,4.84430,64,18085.69,70,80.13219,0.0440%,3.52653,10,6758.12,19,,,,,,,,,
INR,"Apr 01, 2026 - Apr 30, 2026","=""amzn1.ads-account.g.a5og6bnunpn8m911rke7gdql""",Cubelelo,215664054810032,BA - Number Sliding Puzzle,"=""437530893523061""",SP-PT - Number Sliding Puzzle - Comp - Low & High ASP - Mid Volume - Exact,"=""507712490856714""",Ad Group - 7/5/2025 12:20:58.231,B09HH8CC7Y,"Cubelelo Drift Number Sliding Magnetic Puzzle 4x4 | Toys For 6-10 Years Old Boys & Girls | 15-Blocks Brain Teaser Puzzle Game for Kids | Educational, Learning, Activity Toy for Return & Birthday Gifts",-1,cubelelo,0300 Games & Puzzles,0307 Non-wooden Puzzles,Toy,1630210,AMAZON_IN,27561,897,3.2546%,9245.83,151,54454.30,213,61.23066,0.5479%,5.88961,145,52728.58,207,63.76434,0.5261%,5.70296,6,1725.72,6,,,,,,,,,
INR,"Apr 01, 2026 - Apr 30, 2026","=""amzn1.ads-account.g.a5og6bnunpn8m911rke7gdql""",Cubelelo,279942205262904,BA - Generic - Mid & Low Volume,"=""327104446426115""","SP-KT - Axis - Windmill - Fisher, Cylinder, Kids, Mini, Smart, Pyramid - Open - Mid & Low Volume - Exact & Phrase","=""423861844641216""",Axis - Windmill - Fisher - Mid & Low Volume - Exact & Phrase,B0CZ9M5VBG,"Cubelelo Drift Fisher (Tiled) Magic Cube Puzzle for Kids & Adults | Unique Shape Mod with Premium Design, Smooth Finish Toy for Intermediate and Advanced Solvers | for Ages 3 and Above",B0F1YY4MBJ,cubelelo,0300 Games & Puzzles,0307 Non-wooden Puzzles,Toy,1160200,AMAZON_IN,662,16,2.4169%,116.19,5,1889.52,5,23.23800,0.7553%,16.26233,3,1082.85,3,38.73000,0.4532%,9.31965,2,806.67,2,,,,,,,,,
INR,"Apr 01, 2026 - Apr 30, 2026","=""amzn1.ads-account.g.a5og6bnunpn8m911rke7gdql""",Cubelelo,279942205262904,BA - Generic - Mid & Low Volume,"=""327104446426115""","SP-KT - Axis - Windmill - Fisher, Cylinder, Kids, Mini, Smart, Pyramid - Open - Mid & Low Volume - Exact & Phrase","=""338572243352605""","PT - Axis, Windmill, Fisher",B0CZ9M5VBG,"Cubelelo Drift Fisher (Tiled) Magic Cube Puzzle for Kids & Adults | Unique Shape Mod with Premium Design, Smooth Finish Toy for Intermediate and Advanced Solvers | for Ages 3 and Above",B0F1YY4MBJ,cubelelo,0300 Games & Puzzles,0307 Non-wooden Puzzles,Toy,1160200,AMAZON_IN,773,22,2.8461%,115.42,5,1804.75,5,23.08400,0.6468%,15.63637,5,1804.75,5,23.08400,0.6468%,15.63637,0,0.00,0,,,,,,,,,
INR,"Apr 01, 2026 - Apr 30, 2026","=""amzn1.ads-account.g.a5og6bnunpn8m911rke7gdql""",Cubelelo,279942205262904,BA - Generic - Mid & Low Volume,"=""315451570129574""","SP-KT - Maglev, Mastermorphix, Puppet, Snake, Square1, Megaminx - Open - Mid & Low Volume - Exact & Phrase - UND","=""391120880267490""",Unique - Mid & Low Volume - Exact & Phrase,B0CZ9M5VBG,"Cubelelo Drift Fisher (Tiled) Magic Cube Puzzle for Kids & Adults | Unique Shape Mod with Premium Design, Smooth Finish Toy for Intermediate and Advanced Solvers | for Ages 3 and Above",B0F1YY4MBJ,cubelelo,0300 Games & Puzzles,0307 Non-wooden Puzzles,Toy,1160200,AMAZON_IN,1257,11,0.8751%,52.35,2,475.24,2,26.17500,0.1591%,9.07813,0,0.00,0,,0.0000%,0.00000,2,475.24,2,,,,,,,,,
INR,"Apr 01, 2026 - Apr 30, 2026","=""amzn1.ads-account.g.a5og6bnunpn8m911rke7gdql""",Cubelelo,279942205262904,BA - Generic - Mid & Low Volume,"=""498287583816355""","SP-KT - Generic - 5x5, 6x6, 7x7, Keychain - Mid & Low Volume - Exact & Phrase","=""295921960947507""",Generic - 6x6 - Mid & Low Volume,B09HH5R69B,Cubelelo Drift 6x6 Stickerless Speed Cube Magic Puzzle for Kids & Adults | Advanced Level Speedcube | Speedy Stress Buster Brainstorming Cube,B0CWH6ML97,cubelelo,0300 Games & Puzzles,0307 Non-wooden Puzzles,Toy,1060100,AMAZON_IN,30492,399,1.3085%,3456.11,34,27711.44,34,101.65029,0.1115%,8.01810,31,26305.72,31,111.48742,0.1017%,7.61137,3,1405.72,3,,,,,,,,,
INR,"Apr 01, 2026 - Apr 30, 2026","=""amzn1.ads-account.g.a5og6bnunpn8m911rke7gdql""",Cubelelo,279942205262904,BA - Generic - Mid & Low Volume,"=""498287583816355""","SP-KT - Generic - 5x5, 6x6, 7x7, Keychain - Mid & Low Volume - Exact & Phrase","=""536652533995914""",Phrase - Generic - 6x6 - Mid & Low Volume,B09HH5R69B,Cubelelo Drift 6x6 Stickerless Speed Cube Magic Puzzle for Kids & Adults | Advanced Level Speedcube | Speedy Stress Buster Brainstorming Cube,B0CWH6ML97,cubelelo,0300 Games & Puzzles,0307 Non-wooden Puzzles,Toy,1060100,AMAZON_IN,9531,124,1.3010%,1205.24,16,10704.76,16,75.32750,0.1679%,8.88185,9,8134.29,9,133.91556,0.0944%,6.74910,7,2570.47,7,,,,,,,,,
INR,"Apr 01, 2026 - Apr 30, 2026","=""amzn1.ads-account.g.a5og6bnunpn8m911rke7gdql""",Cubelelo,279942205262904,BA - Generic - Mid & Low Volume,"=""369883644681767""","SP-KT - Magnetic - Open, 2x2, 4x4, 5x5 - High Volume - Exact & Phrase","=""555858234006967""",Magnetic - Open - Mid & Low Volume,B0DRVMTFN1,"Cubelelo Drift 3M v3 3x3 (Magnetic UV Coated) Speedcube - New Version | Premium Glossy Finish, Ultra Fast & Smooth Turns, Enhanced Auto-Alignment with 48 Magnets | Puzzle Cube for Kids & Adults",B0F18TBS19,cubelelo,0300 Games & Puzzles,0307 Non-wooden Puzzles,Toy,1030603,AMAZON_IN,540,4,0.7407%,12.91,2,1758.09,3,6.45500,0.3704%,136.18048,2,1758.09,3,6.45500,0.3704%,136.18048,0,0.00,0,,,,,,,,,
INR,"Apr 01, 2026 - Apr 30, 2026","=""amzn1.ads-account.g.a5og6bnunpn8m911rke7gdql""",Cubelelo,207487404658099,BA - Competition - Qiyi,"=""302880384926419""",SP-KT - Comp - Qiyi - Generic - Mid & Low Volume - Exact & Phrase,"=""346372267338017""",Qiyi - Tornado - Mid & Low Volume,B0DRVMTFN1,"Cubelelo Drift 3M v3 3x3 (Magnetic UV Coated) Speedcube - New Version | Premium Glossy Finish, Ultra Fast & Smooth Turns, Enhanced Auto-Alignment with 48 Magnets | Puzzle Cube for Kids & Adults",B0F18TBS19,cubelelo,0300 Games & Puzzles,0307 Non-wooden Puzzles,Toy,1030603,AMAZON_IN,151,2,1.3245%,2.49,0,0.00,0,,0.0000%,0.00000,0,0.00,0,,0.0000%,0.00000,0,0.00,0,,,,,,,,,
INR,"Apr 01, 2026 - Apr 30, 2026","=""amzn1.ads-account.g.a5og6bnunpn8m911rke7gdql""",Cubelelo,108066094626813,BA - Generic - Extremely High Volume,"=""484046863276712""",SP-KT - Generic - Open - 'Rubik's Cube' - SKAG - High Volume - Exact,"=""514344038519157""",Generic - Open Searches - High Volume SKAG,B0DRVMTFN1,"Cubelelo Drift 3M v3 3x3 (Magnetic UV Coated) Speedcube - New Version | Premium Glossy Finish, Ultra Fast & Smooth Turns, Enhanced Auto-Alignment with 48 Magnets | Puzzle Cube for Kids & Adults",B0F18TBS19,cubelelo,0300 Games & Puzzles,0307 Non-wooden Puzzles,Toy,1030603,AMAZON_IN,14237,141,0.9904%,1379.45,14,10410.45,16,98.53214,0.0983%,7.54681,9,7606.65,11,153.27222,0.0632%,5.51426,5,2803.80,5,,,,,,,,,
INR,"Apr 01, 2026 - Apr 30, 2026","=""amzn1.ads-account.g.a5og6bnunpn8m911rke7gdql""",Cubelelo,153505421940411,BA - Competition - Moyu,"=""535209545252680""",SP-KT - Comp - Moyu - Generic - Mid & Low Volume - Exact & Phrase,"=""544609417584184""",Phrase - Moyu - Generic - Mid & Low Volume,B0DRVMTFN1,"Cubelelo Drift 3M v3 3x3 (Magnetic UV Coated) Speedcube - New Version | Premium Glossy Finish, Ultra Fast & Smooth Turns, Enhanced Auto-Alignment with 48 Magnets | Puzzle Cube for Kids & Adults",B0F18TBS19,cubelelo,0300 Games & Puzzles,0307 Non-wooden Puzzles,Toy,1030603,AMAZON_IN,5153,83,1.6107%,556.29,3,1548.56,3,185.43000,0.0582%,2.78373,2,1331.42,2,278.14500,0.0388%,2.39339,1,217.14,1,,,,,,,,,
INR,"Apr 03, 2026 - Apr 24, 2026","=""amzn1.ads-account.g.a5og6bnunpn8m911rke7gdql""",Cubelelo,153616914906061,Old - GAN Cube Campaigns All,"=""489604592702272""",BA_SP_KT_Gan 3x3_Generic_Phrase_09/23,"=""301678064380383""",Gan 3x3,B0DRVMTFN1,"Cubelelo Drift 3M v3 3x3 (Magnetic UV Coated) Speedcube - New Version | Premium Glossy Finish, Ultra Fast & Smooth Turns, Enhanced Auto-Alignment with 48 Magnets | Puzzle Cube for Kids & Adults",B0F18TBS19,cubelelo,0300 Games & Puzzles,0307 Non-wooden Puzzles,Toy,1030603,AMAZON_IN,7,0,0.0000%,0.00,0,0.00,0,,0.0000%,,0,0.00,0,,0.0000%,,0,0.00,0,,,,,,,,,
INR,"Apr 01, 2026 - Apr 30, 2026","=""amzn1.ads-account.g.a5og6bnunpn8m911rke7gdql""",Cubelelo,279942205262904,BA - Generic - Mid & Low Volume,"=""285784532724588""",SP-KT - Generic - Open - Cube - Mid & Low Volume - Exact & Phrase,"=""503467855821823""",Generic - Open Searches - Mid & Low Volume,B0DRVMTFN1,"Cubelelo Drift 3M v3 3x3 (Magnetic UV Coated) Speedcube - New Version | Premium Glossy Finish, Ultra Fast & Smooth Turns, Enhanced Auto-Alignment with 48 Magnets | Puzzle Cube for Kids & Adults",B0F18TBS19,cubelelo,0300 Games & Puzzles,0307 Non-wooden Puzzles,Toy,1030603,AMAZON_IN,3514,36,1.0245%,180.37,7,3562.84,7,25.76714,0.1992%,19.75295,4,3043.80,4,45.09250,0.1138%,16.87531,3,519.04,3,,,,,,,,,
INR,"Apr 01, 2026 - Apr 30, 2026","=""amzn1.ads-account.g.a5og6bnunpn8m911rke7gdql""",Cubelelo,279942205262904,BA - Generic - Mid & Low Volume,"=""512597066162542""",SP-KT - Magnetic - 3x3 - Mid & Low Volume - Exact & Phrase - DO,"=""405975184325655""",Phrase - Magnetic - 3x3 - Mid & Low Volume,B0DRVMTFN1,"Cubelelo Drift 3M v3 3x3 (Magnetic UV Coated) Speedcube - New Version | Premium Glossy Finish, Ultra Fast & Smooth Turns, Enhanced Auto-Alignment with 48 Magnets | Puzzle Cube for Kids & Adults",B0F18TBS19,cubelelo,0300 Games & Puzzles,0307 Non-wooden Puzzles,Toy,1030603,AMAZON_IN,6446,65,1.0084%,439.29,3,2424.76,3,146.43000,0.0465%,5.51973,2,1187.62,2,219.64500,0.0310%,2.70350,1,1237.14,1,,,,,,,,,
INR,"Apr 01, 2026 - Apr 30, 2026","=""amzn1.ads-account.g.a5og6bnunpn8m911rke7gdql""",Cubelelo,153505421940411,BA - Competition - Moyu,"=""508041836775444""",SP-KT - Comp - Moyu - Generic - High Volume - Exact,"=""314697139428353""",Moyu - Generic - High Volume,B0DRVMTFN1,"Cubelelo Drift 3M v3 3x3 (Magnetic UV Coated) Speedcube - New Version | Premium Glossy Finish, Ultra Fast & Smooth Turns, Enhanced Auto-Alignment with 48 Magnets | Puzzle Cube for Kids & Adults",B0F18TBS19,cubelelo,0300 Games & Puzzles,0307 Non-wooden Puzzles,Toy,1030603,AMAZON_IN,1980,8,0.4040%,27.43,0,0.00,0,,0.0000%,0.00000,0,0.00,0,,0.0000%,0.00000,0,0.00,0,,,,,,,,,
INR,"Apr 01, 2026 - Apr 30, 2026","=""amzn1.ads-account.g.a5og6bnunpn8m911rke7gdql""",Cubelelo,162147707583156,BA - Branded - Cubelelo,"=""329970929951347""",SP-KT - Branded - Cubelelo - Mid & Low Volume - Exact & Phrase - UND,"=""526301691836211""",Branded - 3x3 - Phrase,B0DRVMTFN1,"Cubelelo Drift 3M v3 3x3 (Magnetic UV Coated) Speedcube - New Version | Premium Glossy Finish, Ultra Fast & Smooth Turns, Enhanced Auto-Alignment with 48 Magnets | Puzzle Cube for Kids & Adults",B0F18TBS19,cubelelo,0300 Games & Puzzles,0307 Non-wooden Puzzles,Toy,1030603,AMAZON_IN,14543,99,0.6807%,730.00,13,5349.52,13,56.15385,0.0894%,7.32811,8,4324.76,8,91.25000,0.0550%,5.92433,5,1024.76,5,,,,,,,,,
INR,"Apr 01, 2026 - Apr 30, 2026","=""amzn1.ads-account.g.a5og6bnunpn8m911rke7gdql""",Cubelelo,162147707583156,BA - Branded - Cubelelo,"=""329970929951347""",SP-KT - Branded - Cubelelo - Mid & Low Volume - Exact & Phrase - UND,"=""479460967599506""",Branded - 3x3,B0DRVMTFN1,"Cubelelo Drift 3M v3 3x3 (Magnetic UV Coated) Speedcube - New Version | Premium Glossy Finish, Ultra Fast & Smooth Turns, Enhanced Auto-Alignment with 48 Magnets | Puzzle Cube for Kids & Adults",B0F18TBS19,cubelelo,0300 Games & Puzzles,0307 Non-wooden Puzzles,Toy,1030603,AMAZON_IN,1046,8,0.7648%,31.33,0,0.00,0,,0.0000%,0.00000,0,0.00,0,,0.0000%,0.00000,0,0.00,0,,,,,,,,,
INR,"Apr 01, 2026 - Apr 30, 2026","=""amzn1.ads-account.g.a5og6bnunpn8m911rke7gdql""",Cubelelo,108066094626813,BA - Generic - Extremely High Volume,"=""495997417400177""",SP-KT - Generic - Open - 'Rubix Cube' - SKAG - High Volume - Exact,"=""536771283942162""",Generic - Open Searches - High Volume SKAG,B0DRVMTFN1,"Cubelelo Drift 3M v3 3x3 (Magnetic UV Coated) Speedcube - New Version | Premium Glossy Finish, Ultra Fast & Smooth Turns, Enhanced Auto-Alignment with 48 Magnets | Puzzle Cube for Kids & Adults",B0F18TBS19,cubelelo,0300 Games & Puzzles,0307 Non-wooden Puzzles,Toy,1030603,AMAZON_IN,1680,34,2.0238%,278.66,1,760.95,1,278.66000,0.0595%,2.73075,1,760.95,1,278.66000,0.0595%,2.73075,0,0.00,0,,,,,,,,,
INR,"Apr 01, 2026 - Apr 30, 2026","=""amzn1.ads-account.g.a5og6bnunpn8m911rke7gdql""",Cubelelo,279942205262904,BA - Generic - Mid & Low Volume,"=""369883644681767""","SP-KT - Magnetic - Open, 2x2, 4x4, 5x5 - High Volume - Exact & Phrase","=""475526629790872""",Phrase - Magnetic - Open - Mid & Low Volume,B0DRVMTFN1,"Cubelelo Drift 3M v3 3x3 (Magnetic UV Coated) Speedcube - New Version | Premium Glossy Finish, Ultra Fast & Smooth Turns, Enhanced Auto-Alignment with 48 Magnets | Puzzle Cube for Kids & Adults",B0F18TBS19,cubelelo,0300 Games & Puzzles,0307 Non-wooden Puzzles,Toy,1030603,AMAZON_IN,10469,69,0.6591%,618.19,3,1853.34,3,206.06333,0.0287%,2.99801,3,1853.34,3,206.06333,0.0287%,2.99801,0,0.00,0,,,,,,,,,
INR,"Apr 01, 2026 - Apr 30, 2026","=""amzn1.ads-account.g.a5og6bnunpn8m911rke7gdql""",Cubelelo,279942205262904,BA - Generic - Mid & Low Volume,"=""512597066162542""",SP-KT - Magnetic - 3x3 - Mid & Low Volume - Exact & Phrase - DO,"=""357712340082511""",Magnetic - 3x3 - Mid & Low Volume,B0DRVMTFN1,"Cubelelo Drift 3M v3 3x3 (Magnetic UV Coated) Speedcube - New Version | Premium Glossy Finish, Ultra Fast & Smooth Turns, Enhanced Auto-Alignment with 48 Magnets | Puzzle Cube for Kids & Adults",B0F18TBS19,cubelelo,0300 Games & Puzzles,0307 Non-wooden Puzzles,Toy,1030603,AMAZON_IN,9767,47,0.4812%,373.73,5,2614.28,5,74.74600,0.0512%,6.99510,5,2614.28,5,74.74600,0.0512%,6.99510,0,0.00,0,,,,,,,,,
INR,"Apr 01, 2026 - Apr 30, 2026","=""amzn1.ads-account.g.a5og6bnunpn8m911rke7gdql""",Cubelelo,108066094626813,BA - Generic - Extremely High Volume,"=""401436515512721""",SP-KT - Magnetic - 'Rubix Cube 3x3 Magnetic' - SKAG - High Volume - Exact,"=""342743977581960""",Generic - High Volume SKAG,B0DRVMTFN1,"Cubelelo Drift 3M v3 3x3 (Magnetic UV Coated) Speedcube - New Version | Premium Glossy Finish, Ultra Fast & Smooth Turns, Enhanced Auto-Alignment with 48 Magnets | Puzzle Cube for Kids & Adults",B0F18TBS19,cubelelo,0300 Games & Puzzles,0307 Non-wooden Puzzles,Toy,1030603,AMAZON_IN,11222,48,0.4277%,465.95,3,1329.52,3,155.31667,0.0267%,2.85335,2,1187.62,2,232.97500,0.0178%,2.54881,1,141.90,1,,,,,,,,,
INR,"Apr 01, 2026 - Apr 30, 2026","=""amzn1.ads-account.g.a5og6bnunpn8m911rke7gdql""",Cubelelo,279942205262904,BA - Generic - Mid & Low Volume,"=""285784532724588""",SP-KT - Generic - Open - Cube - Mid & Low Volume - Exact & Phrase,"=""479419335051851""",Phrase - Generic - Open Searches - Mid & Low Volume,B0DRVMTFN1,"Cubelelo Drift 3M v3 3x3 (Magnetic UV Coated) Speedcube - New Version | Premium Glossy Finish, Ultra Fast & Smooth Turns, Enhanced Auto-Alignment with 48 Magnets | Puzzle Cube for Kids & Adults",B0F18TBS19,cubelelo,0300 Games & Puzzles,0307 Non-wooden Puzzles,Toy,1030603,AMAZON_IN,8191,189,2.3074%,1385.94,14,7822.83,14,98.99571,0.1709%,5.64442,6,4136.18,6,230.99000,0.0733%,2.98439,8,3686.65,8,,,,,,,,,
INR,"Apr 01, 2026 - Apr 30, 2026","=""amzn1.ads-account.g.a5og6bnunpn8m911rke7gdql""",Cubelelo,279942205262904,BA - Generic - Mid & Low Volume,"=""315451570129574""","SP-KT - Maglev, Mastermorphix, Puppet, Snake, Square1, Megaminx - Open - Mid & Low Volume - Exact & Phrase - UND","=""302205874173501""",Maglev - Mid & Low Volume - Exact & Phrase,B0DRVMTFN1,"Cubelelo Drift 3M v3 3x3 (Magnetic UV Coated) Speedcube - New Version | Premium Glossy Finish, Ultra Fast & Smooth Turns, Enhanced Auto-Alignment with 48 Magnets | Puzzle Cube for Kids & Adults",B0F18TBS19,cubelelo,0300 Games & Puzzles,0307 Non-wooden Puzzles,Toy,1030603,AMAZON_IN,6107,75,1.2281%,660.92,8,7753.32,8,82.61500,0.1310%,11.73110,6,6089.51,6,110.15333,0.0982%,9.21369,2,1663.81,2,,,,,,,,,
INR,"Apr 16, 2026 - Apr 25, 2026","=""amzn1.ads-account.g.a5og6bnunpn8m911rke7gdql""",Cubelelo,162147707583156,BA - Branded - Cubelelo,"=""329970929951347""",SP-KT - Branded - Cubelelo - Mid & Low Volume - Exact & Phrase - UND,"=""466745020882275""",Magnetic - 3x3,B0DRVMTFN1,"Cubelelo Drift 3M v3 3x3 (Magnetic UV Coated) Speedcube - New Version | Premium Glossy Finish, Ultra Fast & Smooth Turns, Enhanced Auto-Alignment with 48 Magnets | Puzzle Cube for Kids & Adults",B0F18TBS19,cubelelo,0300 Games & Puzzles,0307 Non-wooden Puzzles,Toy,1030603,AMAZON_IN,4,0,0.0000%,0.00,0,0.00,0,,0.0000%,,0,0.00,0,,0.0000%,,0,0.00,0,,,,,,,,,
INR,"Apr 01, 2026 - Apr 30, 2026","=""amzn1.ads-account.g.a5og6bnunpn8m911rke7gdql""",Cubelelo,153505421940411,BA - Competition - Moyu,"=""535209545252680""",SP-KT - Comp - Moyu - Generic - Mid & Low Volume - Exact & Phrase,"=""342757652627825""",Moyu - Generic - Mid & Low Volume,B0DRVMTFN1,"Cubelelo Drift 3M v3 3x3 (Magnetic UV Coated) Speedcube - New Version | Premium Glossy Finish, Ultra Fast & Smooth Turns, Enhanced Auto-Alignment with 48 Magnets | Puzzle Cube for Kids & Adults",B0F18TBS19,cubelelo,0300 Games & Puzzles,0307 Non-wooden Puzzles,Toy,1030603,AMAZON_IN,50,0,0.0000%,0.00,0,0.00,0,,0.0000%,,0,0.00,0,,0.0000%,,0,0.00,0,,,,,,,,,
INR,"Apr 01, 2026 - Apr 30, 2026","=""amzn1.ads-account.g.a5og6bnunpn8m911rke7gdql""",Cubelelo,63272072822448,Old - Speed Cube Campaigns All,"=""495291247543690""",BA_SP_KT_Speed cube 3x3_Generic_Phrase_09/23,"=""533767985616784""",Speed cube 3x3,B0DRVMTFN1,"Cubelelo Drift 3M v3 3x3 (Magnetic UV Coated) Speedcube - New Version | Premium Glossy Finish, Ultra Fast & Smooth Turns, Enhanced Auto-Alignment with 48 Magnets | Puzzle Cube for Kids & Adults",B0F18TBS19,cubelelo,0300 Games & Puzzles,0307 Non-wooden Puzzles,Toy,1030603,AMAZON_IN,1297,33,2.5443%,228.60,4,2375.24,4,57.15000,0.3084%,10.39038,4,2375.24,4,57.15000,0.3084%,10.39038,0,0.00,0,,,,,,,,,
INR,"Apr 01, 2026 - Apr 30, 2026","=""amzn1.ads-account.g.a5og6bnunpn8m911rke7gdql""",Cubelelo,279942205262904,BA - Generic - Mid & Low Volume,"=""327104446426115""","SP-KT - Axis - Windmill - Fisher, Cylinder, Kids, Mini, Smart, Pyramid - Open - Mid & Low Volume - Exact & Phrase","=""354824992183354""",Kids - Mid & Low Volume - Exact & Phrase,B0DRVMTFN1,"Cubelelo Drift 3M v3 3x3 (Magnetic UV Coated) Speedcube - New Version | Premium Glossy Finish, Ultra Fast & Smooth Turns, Enhanced Auto-Alignment with 48 Magnets | Puzzle Cube for Kids & Adults",B0F18TBS19,cubelelo,0300 Games & Puzzles,0307 Non-wooden Puzzles,Toy,1030603,AMAZON_IN,164,1,0.6098%,1.00,0,0.00,0,,0.0000%,0.00000,0,0.00,0,,0.0000%,0.00000,0,0.00,0,,,,,,,,,
INR,"Apr 01, 2026 - Apr 30, 2026","=""amzn1.ads-account.g.a5og6bnunpn8m911rke7gdql""",Cubelelo,162147707583156,BA - Branded - Cubelelo,"=""329970929951347""",SP-KT - Branded - Cubelelo - Mid & Low Volume - Exact & Phrase - UND,"=""298700263606024""",Branded,B0DRVMTFN1,"Cubelelo Drift 3M v3 3x3 (Magnetic UV Coated) Speedcube - New Version | Premium Glossy Finish, Ultra Fast & Smooth Turns, Enhanced Auto-Alignment with 48 Magnets | Puzzle Cube for Kids & Adults",B0F18TBS19,cubelelo,0300 Games & Puzzles,0307 Non-wooden Puzzles,Toy,1030603,AMAZON_IN,774,7,0.9044%,27.42,0,0.00,0,,0.0000%,0.00000,0,0.00,0,,0.0000%,0.00000,0,0.00,0,,,,,,,,,
INR,"Apr 01, 2026 - Apr 30, 2026","=""amzn1.ads-account.g.a5og6bnunpn8m911rke7gdql""",Cubelelo,279942205262904,BA - Generic - Mid & Low Volume,"=""315451570129574""","SP-KT - Maglev, Mastermorphix, Puppet, Snake, Square1, Megaminx - Open - Mid & Low Volume - Exact & Phrase - UND","=""332386096408615""",Puppet - Mid & Low Volume - Exact & Phrase,B0CJFSPB4P,Cubelelo Drift Puppet II Speed Cube | Brain Teaser Puzzle Toys | Limited Rotation | Creative New Cube for Kids and Adults,B0CJHXZZY3,cubelelo,0300 Games & Puzzles,0307 Non-wooden Puzzles,Toy,1260200,AMAZON_IN,2624,45,1.7149%,219.85,4,1843.81,4,54.96250,0.1524%,8.38667,3,1482.86,3,73.28333,0.1143%,6.74487,1,360.95,1,,,,,,,,,
INR,"Apr 01, 2026 - Apr 06, 2026","=""amzn1.ads-account.g.a5og6bnunpn8m911rke7gdql""",Cubelelo,106276615587889,BA - Wooden Toys,"=""366539973403210""",SP-KT - Math Skill Booster Puzzle Game - Mid & low Volume - Exact,"=""422882013208588""",KT - Math Puzzle,B0C1732Z3L,Cubelelo Math Computational Teaching Aid|Math Skill Booster Puzzle Game| Learning Wooden Number & Computation Board|Early Educational Stem Toy For Kids Children Boys Girls Toddlers,-1,cubelelo,0300 Games & Puzzles,0307 Non-wooden Puzzles,Toy,4001034,AMAZON_IN,7,0,0.0000%,0.00,0,0.00,0,,0.0000%,,0,0.00,0,,0.0000%,,0,0.00,0,,,,,,,,,
INR,"Apr 01, 2026 - Apr 07, 2026","=""amzn1.ads-account.g.a5og6bnunpn8m911rke7gdql""",Cubelelo,106276615587889,BA - Wooden Toys,"=""422466067749037""",SP-Auto - Wooden Products - Generic,"=""304050272629409""",Auto,B0C1732Z3L,Cubelelo Math Computational Teaching Aid|Math Skill Booster Puzzle Game| Learning Wooden Number & Computation Board|Early Educational Stem Toy For Kids Children Boys Girls Toddlers,-1,cubelelo,0300 Games & Puzzles,0307 Non-wooden Puzzles,Toy,4001034,AMAZON_IN,177,0,0.0000%,0.00,0,0.00,0,,0.0000%,,0,0.00,0,,0.0000%,,0,0.00,0,,,,,,,,,
INR,"Apr 01, 2026 - Apr 06, 2026","=""amzn1.ads-account.g.a5og6bnunpn8m911rke7gdql""",Cubelelo,215664054810032,BA - Number Sliding Puzzle,"=""439881614291142""",SP - KT - 4x4 Number Sliding Puzzle - Mid & Low Volume - Phrase and BMM,"=""477869615967999""",Generic Number Puzzle,B0C1732Z3L,Cubelelo Math Computational Teaching Aid|Math Skill Booster Puzzle Game| Learning Wooden Number & Computation Board|Early Educational Stem Toy For Kids Children Boys Girls Toddlers,-1,cubelelo,0300 Games & Puzzles,0307 Non-wooden Puzzles,Toy,4001034,AMAZON_IN,16,0,0.0000%,0.00,0,0.00,0,,0.0000%,,0,0.00,0,,0.0000%,,0,0.00,0,,,,,,,,,
INR,"Apr 30, 2026 - Apr 30, 2026","=""amzn1.ads-account.g.a5og6bnunpn8m911rke7gdql""",Cubelelo,279942205262904,BA - Generic - Mid & Low Volume,"=""405383753413943""","SP-KT - Lube Combo, Magic, Pyraminx, Skewb, Stand, Timer, Gear - Open - Mid & Low Volume - Exact & Phrase","=""350064977792250""",Timer - Mid & Low Volume - Exact & Phrase,B0BZKZMPXS,"Cubelelo Drift Solving Kit | 3X3 Stickerless Cube, Hurricane Lube, Timer, Pouch & Guide | Perfect Practice Kit For Beginners | Ages 3 And Above",-1,cubelelo,0300 Games & Puzzles,0307 Non-wooden Puzzles,Toy,CLB0131_EAN,AMAZON_IN,1,0,0.0000%,0.00,0,0.00,0,,0.0000%,,0,0.00,0,,0.0000%,,0,0.00,0,,,,,,,,,
INR,"Apr 01, 2026 - Apr 30, 2026","=""amzn1.ads-account.g.a5og6bnunpn8m911rke7gdql""",Cubelelo,108066094626813,BA - Generic - Extremely High Volume,"=""345506724788622""","SP-KT - Mirror, Infinity & Combo - Open - High Volume - Exact","=""341121035831717""",Infinity - High Volume SKAG,B0CNXPFMRV,"Cubelelo Drift Rainbow Ball Puzzle | Compact, Multicolor Sphere (Fidget Toy) | Portable Brain Teaser for Kids & Adults | Stress Relief & Fun On-The-Go Puzzle",-1,cubelelo,0300 Games & Puzzles,0307 Non-wooden Puzzles,Toy,1630207,AMAZON_IN,1253,5,0.3990%,15.13,0,0.00,0,,0.0000%,0.00000,0,0.00,0,,0.0000%,0.00000,0,0.00,0,,,,,,,,,
INR,"Apr 30, 2026 - Apr 30, 2026","=""amzn1.ads-account.g.a5og6bnunpn8m911rke7gdql""",Cubelelo,279942205262904,BA - Generic - Mid & Low Volume,"=""405383753413943""","SP-KT - Lube Combo, Magic, Pyraminx, Skewb, Stand, Timer, Gear - Open - Mid & Low Volume - Exact & Phrase","=""336660360115507""",Gear - Mid & Low Volume - Exact & Phrase,B08169YZPG,Cubelelo Drift Gear 3x3 Stickerless Cube Speed Cube | Toy for Kids & Adults | Magic Speedy Stress Buster Brainstorming Puzzle 3x3x3 (Multicolor),B0CP2C3BXN,cubelelo,0300 Games & Puzzles,0307 Non-wooden Puzzles,Toy,1140022,AMAZON_IN,4,0,0.0000%,0.00,0,0.00,0,,0.0000%,,0,0.00,0,,0.0000%,,0,0.00,0,,,,,,,,,
INR,"Apr 01, 2026 - Apr 30, 2026","=""amzn1.ads-account.g.a5og6bnunpn8m911rke7gdql""",Cubelelo,108066094626813,BA - Generic - Extremely High Volume,"=""530532259196935""","SP-KT - Megaminx, Pyramid, Timer & Gear - Open - High Volume - Exact","=""402396258219983""",Gear - High Volume SKAG,B08169YZPG,Cubelelo Drift Gear 3x3 Stickerless Cube Speed Cube | Toy for Kids & Adults | Magic Speedy Stress Buster Brainstorming Puzzle 3x3x3 (Multicolor),B0CP2C3BXN,cubelelo,0300 Games & Puzzles,0307 Non-wooden Puzzles,Toy,1140022,AMAZON_IN,3197,139,4.3478%,420.61,42,15025.63,42,10.01452,1.3137%,35.72343,36,13451.36,36,11.68361,1.1261%,31.98060,6,1574.27,6,,,,,,,,,
INR,"Apr 23, 2026 - Apr 30, 2026","=""amzn1.ads-account.g.a5og6bnunpn8m911rke7gdql""",Cubelelo,279942205262904,BA - Generic - Mid & Low Volume,"=""405383753413943""","SP-KT - Lube Combo, Magic, Pyraminx, Skewb, Stand, Timer, Gear - Open - Mid & Low Volume - Exact & Phrase","=""529078608813302""",Stand - Mid & Low Volume - Exact & Phrase,B0CD7J832N,Cubelelo Kid Cube Stand (Pack Of 5 - Multicolor),B0CG663H21,cubelelo,0300 Games & Puzzles,0307 Non-wooden Puzzles,Toy,CLB0204,AMAZON_IN,286,15,5.2448%,25.17,4,1443.80,4,6.29250,1.3986%,57.36194,2,664.76,2,12.58500,0.6993%,26.41081,2,779.04,2,,,,,,,,,
INR,"Apr 01, 2026 - Apr 29, 2026","=""amzn1.ads-account.g.a5og6bnunpn8m911rke7gdql""",Cubelelo,279942205262904,BA - Generic - Mid & Low Volume,"=""498287583816355""","SP-KT - Generic - 5x5, 6x6, 7x7, Keychain - Mid & Low Volume - Exact & Phrase","=""536652533995914""",Phrase - Generic - 6x6 - Mid & Low Volume,B0CVLBBQ2Q,"Cubelelo Drift 6x6 Speed Cube & Lube Combo | Smooth & Fast 6x6 Cube with Precision Lubrication | Ideal for Speedcubers & Puzzle Enthusiasts | for Kids, Adults, Speed cubers | Smooth Durable",B0CWH6ML97,cubelelo,,,Toy,1460538,AMAZON_IN,8,0,0.0000%,0.00,0,0.00,0,,0.0000%,,0,0.00,0,,0.0000%,,0,0.00,0,,,,,,,,,
INR,"Apr 03, 2026 - Apr 26, 2026","=""amzn1.ads-account.g.a5og6bnunpn8m911rke7gdql""",Cubelelo,279942205262904,BA - Generic - Mid & Low Volume,"=""498287583816355""","SP-KT - Generic - 5x5, 6x6, 7x7, Keychain - Mid & Low Volume - Exact & Phrase","=""295921960947507""",Generic - 6x6 - Mid & Low Volume,B0CVLBBQ2Q,"Cubelelo Drift 6x6 Speed Cube & Lube Combo | Smooth & Fast 6x6 Cube with Precision Lubrication | Ideal for Speedcubers & Puzzle Enthusiasts | for Kids, Adults, Speed cubers | Smooth Durable",B0CWH6ML97,cubelelo,,,Toy,1460538,AMAZON_IN,13,0,0.0000%,0.00,0,0.00,0,,0.0000%,,0,0.00,0,,0.0000%,,0,0.00,0,,,,,,,,,
INR,"Apr 25, 2026 - Apr 25, 2026","=""amzn1.ads-account.g.a5og6bnunpn8m911rke7gdql""",Cubelelo,108066094626813,BA - Generic - Extremely High Volume,"=""530532259196935""","SP-KT - Megaminx, Pyramid, Timer & Gear - Open - High Volume - Exact","=""402396258219983""",Gear - High Volume SKAG,B0CGNWCKFX,Cubelelo Kid Drift 3X3 Stickerless Speed Cube & Drift Gear Gift Box | Premium Cubing Combo For Ultimate Speedcubing Experience | Includes High-Performance Cubes For All Skill Levels,-1,cubelelo,0300 Games & Puzzles,0307 Non-wooden Puzzles,Toy,1460522,AMAZON_IN,1,0,0.0000%,0.00,0,0.00,0,,0.0000%,,0,0.00,0,,0.0000%,,0,0.00,0,,,,,,,,,
INR,"Apr 01, 2026 - Apr 30, 2026","=""amzn1.ads-account.g.a5og6bnunpn8m911rke7gdql""",Cubelelo,242135938115990,BA - Competition - Cubes,"=""398099328860046""",SP-PT - Cubes - Toys Best Seller - Above 200,"=""389104660034552""",SP-SP - Cubes - Toys Best Seller - Above 200,B0DRVQVFJB,Cubelelo Drift 3M v3 3x3 Magnetic Speedcube (Standard) | Latest Version with New & Improved Internal Structure for Smooth Turns & Stability | Cube Toy for 6-10 Years Old Boys Girls Adults,B0F18TBS19,cubelelo,0300 Games & Puzzles,0330 Brainteasers,Toy,1030604,AMAZON_IN,30727,111,0.3612%,693.63,5,1895.25,5,138.72600,0.0163%,2.73237,4,1706.68,4,173.40750,0.0130%,2.46051,1,188.57,1,,,,,,,,,
INR,"Apr 01, 2026 - Apr 30, 2026","=""amzn1.ads-account.g.a5og6bnunpn8m911rke7gdql""",Cubelelo,279942205262904,BA - Generic - Mid & Low Volume,"=""285784532724588""",SP-KT - Generic - Open - Cube - Mid & Low Volume - Exact & Phrase,"=""503467855821823""",Generic - Open Searches - Mid & Low Volume,B0DRVQVFJB,Cubelelo Drift 3M v3 3x3 Magnetic Speedcube (Standard) | Latest Version with New & Improved Internal Structure for Smooth Turns & Stability | Cube Toy for 6-10 Years Old Boys Girls Adults,B0F18TBS19,cubelelo,0300 Games & Puzzles,0330 Brainteasers,Toy,1030604,AMAZON_IN,8887,388,4.3659%,2010.02,73,28622.92,74,27.53452,0.8214%,14.24012,52,23595.36,53,38.65423,0.5851%,11.73887,21,5027.56,21,,,,,,,,,
INR,"Apr 01, 2026 - Apr 30, 2026","=""amzn1.ads-account.g.a5og6bnunpn8m911rke7gdql""",Cubelelo,162147707583156,BA - Branded - Cubelelo,"=""396531688533510""",BA - SP PT - Magnetic Cube - Brand - ST,"=""393022607656219""",Magnetic Cube_ST,B0DRVQVFJB,Cubelelo Drift 3M v3 3x3 Magnetic Speedcube (Standard) | Latest Version with New & Improved Internal Structure for Smooth Turns & Stability | Cube Toy for 6-10 Years Old Boys Girls Adults,B0F18TBS19,cubelelo,0300 Games & Puzzles,0330 Brainteasers,Toy,1030604,AMAZON_IN,2166,15,0.6925%,86.59,1,427.62,1,86.59000,0.0462%,4.93845,0,0.00,0,,0.0000%,0.00000,1,427.62,1,,,,,,,,,
INR,"Apr 01, 2026 - Apr 30, 2026","=""amzn1.ads-account.g.a5og6bnunpn8m911rke7gdql""",Cubelelo,279431566595154,Paused SB Campaigns - Old,"=""342892756369405""",BA_SBV_KT_3x3 Cube Generic _Magnetic_Phrase_4/24,"=""367878248809390""",Magnetic Cube 3x3,B0DRVQVFJB,Cubelelo Drift 3M v3 3x3 Magnetic Speedcube (Standard) | Latest Version with New & Improved Internal Structure for Smooth Turns & Stability | Cube Toy for 6-10 Years Old Boys Girls Adults,B0F18TBS19,cubelelo,0300 Games & Puzzles,0330 Brainteasers,Toy,,AMAZON_IN,1868,10,0.5353%,78.94,1,426.67,1,78.94000,0.0535%,5.40499,1,426.67,1,78.94000,0.0535%,5.40499,0,0.00,0,0,0.00,0,,0.0000%,0.00000,23,3.43217,1.2313%
INR,"Apr 01, 2026 - Apr 30, 2026","=""amzn1.ads-account.g.a5og6bnunpn8m911rke7gdql""",Cubelelo,108066094626813,BA - Generic - Extremely High Volume,"=""495997417400177""",SP-KT - Generic - Open - 'Rubix Cube' - SKAG - High Volume - Exact,"=""536771283942162""",Generic - Open Searches - High Volume SKAG,B0DRVQVFJB,Cubelelo Drift 3M v3 3x3 Magnetic Speedcube (Standard) | Latest Version with New & Improved Internal Structure for Smooth Turns & Stability | Cube Toy for 6-10 Years Old Boys Girls Adults,B0F18TBS19,cubelelo,0300 Games & Puzzles,0330 Brainteasers,Toy,1030604,AMAZON_IN,13618,447,3.2824%,3799.78,58,18187.62,61,65.51345,0.4259%,4.78649,29,12612.47,29,131.02690,0.2130%,3.31926,29,5575.15,32,,,,,,,,,
INR,"Apr 02, 2026 - Apr 30, 2026","=""amzn1.ads-account.g.a5og6bnunpn8m911rke7gdql""",Cubelelo,162147707583156,BA - Branded - Cubelelo,"=""329970929951347""",SP-KT - Branded - Cubelelo - Mid & Low Volume - Exact & Phrase - UND,"=""466745020882275""",Magnetic - 3x3,B0DRVQVFJB,Cubelelo Drift 3M v3 3x3 Magnetic Speedcube (Standard) | Latest Version with New & Improved Internal Structure for Smooth Turns & Stability | Cube Toy for 6-10 Years Old Boys Girls Adults,B0F18TBS19,cubelelo,0300 Games & Puzzles,0330 Brainteasers,Toy,1030604,AMAZON_IN,31,0,0.0000%,0.00,0,0.00,0,,0.0000%,,0,0.00,0,,0.0000%,,0,0.00,0,,,,,,,,,
INR,"Apr 01, 2026 - Apr 30, 2026","=""amzn1.ads-account.g.a5og6bnunpn8m911rke7gdql""",Cubelelo,279942205262904,BA - Generic - Mid & Low Volume,"=""369883644681767""","SP-KT - Magnetic - Open, 2x2, 4x4, 5x5 - High Volume - Exact & Phrase","=""555858234006967""",Magnetic - Open - Mid & Low Volume,B0DRVQVFJB,Cubelelo Drift 3M v3 3x3 Magnetic Speedcube (Standard) | Latest Version with New & Improved Internal Structure for Smooth Turns & Stability | Cube Toy for 6-10 Years Old Boys Girls Adults,B0F18TBS19,cubelelo,0300 Games & Puzzles,0330 Brainteasers,Toy,1030604,AMAZON_IN,3051,252,8.2596%,1122.58,37,16272.45,37,30.34000,1.2127%,14.49558,34,14704.84,34,33.01706,1.1144%,13.09915,3,1567.61,3,,,,,,,,,
INR,"Apr 01, 2026 - Apr 30, 2026","=""amzn1.ads-account.g.a5og6bnunpn8m911rke7gdql""",Cubelelo,279942205262904,BA - Generic - Mid & Low Volume,"=""512597066162542""",SP-KT - Magnetic - 3x3 - Mid & Low Volume - Exact & Phrase - DO,"=""405975184325655""",Phrase - Magnetic - 3x3 - Mid & Low Volume,B0DRVQVFJB,Cubelelo Drift 3M v3 3x3 Magnetic Speedcube (Standard) | Latest Version with New & Improved Internal Structure for Smooth Turns & Stability | Cube Toy for 6-10 Years Old Boys Girls Adults,B0F18TBS19,cubelelo,0300 Games & Puzzles,0330 Brainteasers,Toy,1030604,AMAZON_IN,21081,782,3.7095%,3843.50,117,48880.20,120,32.85043,0.5550%,12.71763,93,42593.58,94,41.32796,0.4412%,11.08198,24,6286.62,26,,,,,,,,,
INR,"Apr 01, 2026 - Apr 30, 2026","=""amzn1.ads-account.g.a5og6bnunpn8m911rke7gdql""",Cubelelo,108066094626813,BA - Generic - Extremely High Volume,"=""401436515512721""",SP-KT - Magnetic - 'Rubix Cube 3x3 Magnetic' - SKAG - High Volume - Exact,"=""342743977581960""",Generic - High Volume SKAG,B0DJQWJFSX,Cubelelo Drift 3M Plus v2 3x3 (Magnetic) (New Upgraded Version) | Based on MoYu RS3M v5 | Dual-Adjustment System | Speedcube for Kids & Adults | Magic Speedy Stress Buster Brainstorming Puzzle,B0DP31B4Y4,cubelelo,0300 Games & Puzzles,0307 Non-wooden Puzzles,Toy,1030651,AMAZON_IN,103133,568,0.5507%,5722.75,54,32142.92,55,105.97685,0.0524%,5.61669,40,27671.29,41,143.06875,0.0388%,4.83531,14,4471.63,14,,,,,,,,,
INR,"Apr 01, 2026 - Apr 30, 2026","=""amzn1.ads-account.g.a5og6bnunpn8m911rke7gdql""",Cubelelo,279942205262904,BA - Generic - Mid & Low Volume,"=""285784532724588""",SP-KT - Generic - Open - Cube - Mid & Low Volume - Exact & Phrase,"=""479419335051851""",Phrase - Generic - Open Searches - Mid & Low Volume,B0DRVQVFJB,Cubelelo Drift 3M v3 3x3 Magnetic Speedcube (Standard) | Latest Version with New & Improved Internal Structure for Smooth Turns & Stability | Cube Toy for 6-10 Years Old Boys Girls Adults,B0F18TBS19,cubelelo,0300 Games & Puzzles,0330 Brainteasers,Toy,1030604,AMAZON_IN,15934,437,2.7426%,2826.31,47,21448.63,49,60.13426,0.2950%,7.58892,33,15407.71,34,85.64576,0.2071%,5.45153,14,6040.92,15,,,,,,,,,
INR,"Apr 01, 2026 - Apr 30, 2026","=""amzn1.ads-account.g.a5og6bnunpn8m911rke7gdql""",Cubelelo,279942205262904,BA - Generic - Mid & Low Volume,"=""334559235709808""",SP-KT - Generic - 3x3 - Mid & Low Volume - Exact & Phrase - UND,"=""412851408598744""",Generic - 3x3 - Mid & Low Volume,B0DRVQVFJB,Cubelelo Drift 3M v3 3x3 Magnetic Speedcube (Standard) | Latest Version with New & Improved Internal Structure for Smooth Turns & Stability | Cube Toy for 6-10 Years Old Boys Girls Adults,B0F18TBS19,cubelelo,0300 Games & Puzzles,0330 Brainteasers,Toy,1030604,AMAZON_IN,50646,1545,3.0506%,10460.22,229,89487.82,233,45.67782,0.4522%,8.55506,157,68408.99,160,66.62561,0.3100%,6.53992,72,21078.83,73,,,,,,,,,
INR,"Apr 01, 2026 - Apr 30, 2026","=""amzn1.ads-account.g.a5og6bnunpn8m911rke7gdql""",Cubelelo,279942205262904,BA - Generic - Mid & Low Volume,"=""512597066162542""",SP-KT - Magnetic - 3x3 - Mid & Low Volume - Exact & Phrase - DO,"=""357712340082511""",Magnetic - 3x3 - Mid & Low Volume,B0DRVQVFJB,Cubelelo Drift 3M v3 3x3 Magnetic Speedcube (Standard) | Latest Version with New & Improved Internal Structure for Smooth Turns & Stability | Cube Toy for 6-10 Years Old Boys Girls Adults,B0F18TBS19,cubelelo,0300 Games & Puzzles,0330 Brainteasers,Toy,1030604,AMAZON_IN,20734,931,4.4902%,4643.41,130,55275.49,133,35.71854,0.6270%,11.90407,113,50888.85,116,41.09212,0.5450%,10.95937,17,4386.64,17,,,,,,,,,
INR,"Apr 01, 2026 - Apr 30, 2026","=""amzn1.ads-account.g.a5og6bnunpn8m911rke7gdql""",Cubelelo,162147707583156,BA - Branded - Cubelelo,"=""329970929951347""",SP-KT - Branded - Cubelelo - Mid & Low Volume - Exact & Phrase - UND,"=""298700263606024""",Branded,B0DRVQVFJB,Cubelelo Drift 3M v3 3x3 Magnetic Speedcube (Standard) | Latest Version with New & Improved Internal Structure for Smooth Turns & Stability | Cube Toy for 6-10 Years Old Boys Girls Adults,B0F18TBS19,cubelelo,0300 Games & Puzzles,0330 Brainteasers,Toy,1030604,AMAZON_IN,3108,161,5.1802%,518.76,33,12639.09,34,15.72000,1.0618%,24.36404,22,9865.77,23,23.58000,0.7079%,19.01799,11,2773.32,11,,,,,,,,,
INR,"Apr 01, 2026 - Apr 30, 2026","=""amzn1.ads-account.g.a5og6bnunpn8m911rke7gdql""",Cubelelo,162147707583156,BA - Branded - Cubelelo,"=""329970929951347""",SP-KT - Branded - Cubelelo - Mid & Low Volume - Exact & Phrase - UND,"=""479460967599506""",Branded - 3x3,B0DRVQVFJB,Cubelelo Drift 3M v3 3x3 Magnetic Speedcube (Standard) | Latest Version with New & Improved Internal Structure for Smooth Turns & Stability | Cube Toy for 6-10 Years Old Boys Girls Adults,B0F18TBS19,cubelelo,0300 Games & Puzzles,0330 Brainteasers,Toy,1030604,AMAZON_IN,7770,144,1.8533%,624.42,15,5585.73,16,41.62800,0.1931%,8.94547,10,4649.55,11,62.44200,0.1287%,7.44619,5,936.18,5,,,,,,,,,
INR,"Apr 01, 2026 - Apr 30, 2026","=""amzn1.ads-account.g.a5og6bnunpn8m911rke7gdql""",Cubelelo,63272072822448,Old - Speed Cube Campaigns All,"=""495291247543690""",BA_SP_KT_Speed cube 3x3_Generic_Phrase_09/23,"=""533767985616784""",Speed cube 3x3,B0DRVQVFJB,Cubelelo Drift 3M v3 3x3 Magnetic Speedcube (Standard) | Latest Version with New & Improved Internal Structure for Smooth Turns & Stability | Cube Toy for 6-10 Years Old Boys Girls Adults,B0F18TBS19,cubelelo,0300 Games & Puzzles,0330 Brainteasers,Toy,1030604,AMAZON_IN,4226,352,8.3294%,1973.53,59,22707.69,62,33.44966,1.3961%,11.50613,52,21572.49,54,37.95250,1.2305%,10.93092,7,1135.20,8,,,,,,,,,
INR,"Apr 02, 2026 - Apr 02, 2026","=""amzn1.ads-account.g.a5og6bnunpn8m911rke7gdql""",Cubelelo,108066094626813,BA - Generic - Extremely High Volume,"=""327982142730826""",SBV-KT - ROS - Generic - Cube - Exact - High & Mid Vol,"=""533424704100385""",High Vol,B0DRVQVFJB,Cubelelo Drift 3M v3 3x3 Magnetic Speedcube (Standard) | Latest Version with New & Improved Internal Structure for Smooth Turns & Stability | Cube Toy for 6-10 Years Old Boys Girls Adults,B0F18TBS19,cubelelo,0300 Games & Puzzles,0330 Brainteasers,Toy,,AMAZON_IN,0,0,,0.00,0,0.00,0,,,,0,0.00,0,,,,0,0.00,0,0,0.00,0,,,,0,,
INR,"Apr 01, 2026 - Apr 30, 2026","=""amzn1.ads-account.g.a5og6bnunpn8m911rke7gdql""",Cubelelo,108066094626813,BA - Generic - Extremely High Volume,"=""484046863276712""",SP-KT - Generic - Open - 'Rubik's Cube' - SKAG - High Volume - Exact,"=""514344038519157""",Generic - Open Searches - High Volume SKAG,B0DRVQVFJB,Cubelelo Drift 3M v3 3x3 Magnetic Speedcube (Standard) | Latest Version with New & Improved Internal Structure for Smooth Turns & Stability | Cube Toy for 6-10 Years Old Boys Girls Adults,B0F18TBS19,cubelelo,0300 Games & Puzzles,0330 Brainteasers,Toy,1030604,AMAZON_IN,47801,1349,2.8221%,9976.49,179,71799.19,201,55.73458,0.3745%,7.19684,109,54714.66,128,91.52743,0.2280%,5.48436,70,17084.53,73,,,,,,,,,
INR,"Apr 01, 2026 - Apr 30, 2026","=""amzn1.ads-account.g.a5og6bnunpn8m911rke7gdql""",Cubelelo,153505421940411,BA - Competition - Moyu,"=""508041836775444""",SP-KT - Comp - Moyu - Generic - High Volume - Exact,"=""314697139428353""",Moyu - Generic - High Volume,B0DJQWJFSX,Cubelelo Drift 3M Plus v2 3x3 (Magnetic) (New Upgraded Version) | Based on MoYu RS3M v5 | Dual-Adjustment System | Speedcube for Kids & Adults | Magic Speedy Stress Buster Brainstorming Puzzle,B0DP31B4Y4,cubelelo,0300 Games & Puzzles,0307 Non-wooden Puzzles,Toy,1030651,AMAZON_IN,12426,59,0.4748%,274.53,7,4659.97,7,39.21857,0.0563%,16.97436,7,4659.97,7,39.21857,0.0563%,16.97436,0,0.00,0,,,,,,,,,
INR,"Apr 11, 2026 - Apr 11, 2026","=""amzn1.ads-account.g.a5og6bnunpn8m911rke7gdql""",Cubelelo,162147707583156,BA - Branded - Cubelelo,"=""433317578586761""",SP-KT - Branded - Cubelelo - High Volume - Exact,"=""374742854439176""",Branded 3x3 - SKAG,B0DRVQVFJB,Cubelelo Drift 3M v3 3x3 Magnetic Speedcube (Standard) | Latest Version with New & Improved Internal Structure for Smooth Turns & Stability | Cube Toy for 6-10 Years Old Boys Girls Adults,B0F18TBS19,cubelelo,0300 Games & Puzzles,0330 Brainteasers,Toy,1030604,AMAZON_IN,1,0,0.0000%,0.00,0,0.00,0,,0.0000%,,0,0.00,0,,0.0000%,,0,0.00,0,,,,,,,,,
INR,"Apr 03, 2026 - Apr 17, 2026","=""amzn1.ads-account.g.a5og6bnunpn8m911rke7gdql""",Cubelelo,279942205262904,BA - Generic - Mid & Low Volume,"=""405383753413943""","SP-KT - Lube Combo, Magic, Pyraminx, Skewb, Stand, Timer, Gear - Open - Mid & Low Volume - Exact & Phrase","=""515672683970502""",Magic - Mid & Low Volume - Exact & Phrase,B0DRVQVFJB,Cubelelo Drift 3M v3 3x3 Magnetic Speedcube (Standard) | Latest Version with New & Improved Internal Structure for Smooth Turns & Stability | Cube Toy for 6-10 Years Old Boys Girls Adults,B0F18TBS19,cubelelo,0300 Games & Puzzles,0330 Brainteasers,Toy,1030604,AMAZON_IN,93,0,0.0000%,0.00,0,0.00,0,,0.0000%,,0,0.00,0,,0.0000%,,0,0.00,0,,,,,,,,,
INR,"Apr 01, 2026 - Apr 30, 2026","=""amzn1.ads-account.g.a5og6bnunpn8m911rke7gdql""",Cubelelo,108066094626813,BA - Generic - Extremely High Volume,"=""353368777045800""",SP-KT - Generic - 3x3 - 'Rubik's Cube 3x3 Speed Cube' - SKAG - High Volume - Exact - UND,"=""333014230375447""",Generic - 3x3 - High Volume SKAG,B0DRVQVFJB,Cubelelo Drift 3M v3 3x3 Magnetic Speedcube (Standard) | Latest Version with New & Improved Internal Structure for Smooth Turns & Stability | Cube Toy for 6-10 Years Old Boys Girls Adults,B0F18TBS19,cubelelo,0300 Games & Puzzles,0330 Brainteasers,Toy,1030604,AMAZON_IN,58596,1407,2.4012%,8899.74,203,74442.04,207,43.84108,0.3464%,8.36452,133,59951.76,135,66.91534,0.2270%,6.73635,70,14490.28,72,,,,,,,,,
INR,"Apr 01, 2026 - Apr 30, 2026","=""amzn1.ads-account.g.a5og6bnunpn8m911rke7gdql""",Cubelelo,279942205262904,BA - Generic - Mid & Low Volume,"=""334559235709808""",SP-KT - Generic - 3x3 - Mid & Low Volume - Exact & Phrase - UND,"=""363319492631962""",Phrase - Generic - 3x3 - Mid & Low Volume,B0DRVQVFJB,Cubelelo Drift 3M v3 3x3 Magnetic Speedcube (Standard) | Latest Version with New & Improved Internal Structure for Smooth Turns & Stability | Cube Toy for 6-10 Years Old Boys Girls Adults,B0F18TBS19,cubelelo,0300 Games & Puzzles,0330 Brainteasers,Toy,1030604,AMAZON_IN,36855,901,2.4447%,5663.01,123,50265.02,126,46.04073,0.3337%,8.87603,101,43572.70,102,56.06941,0.2740%,7.69427,22,6692.32,24,,,,,,,,,
INR,"Apr 01, 2026 - Apr 30, 2026","=""amzn1.ads-account.g.a5og6bnunpn8m911rke7gdql""",Cubelelo,108066094626813,BA - Generic - Extremely High Volume,"=""401436515512721""",SP-KT - Magnetic - 'Rubix Cube 3x3 Magnetic' - SKAG - High Volume - Exact,"=""342743977581960""",Generic - High Volume SKAG,B0DRVQVFJB,Cubelelo Drift 3M v3 3x3 Magnetic Speedcube (Standard) | Latest Version with New & Improved Internal Structure for Smooth Turns & Stability | Cube Toy for 6-10 Years Old Boys Girls Adults,B0F18TBS19,cubelelo,0300 Games & Puzzles,0330 Brainteasers,Toy,1030604,AMAZON_IN,25537,594,2.3260%,3440.23,71,26314.37,74,48.45394,0.2780%,7.64902,46,20814.44,48,74.78761,0.1801%,6.05031,25,5499.93,26,,,,,,,,,
INR,"Apr 01, 2026 - Apr 30, 2026","=""amzn1.ads-account.g.a5og6bnunpn8m911rke7gdql""",Cubelelo,152274827442004,BA - Competition - D Eternal,"=""327219448958152""",SP-PT - Comp - Hawkister - High Volume - Exact,"=""521889920077913""",PT - Hawkister No.5,B0DRVQVFJB,Cubelelo Drift 3M v3 3x3 Magnetic Speedcube (Standard) | Latest Version with New & Improved Internal Structure for Smooth Turns & Stability | Cube Toy for 6-10 Years Old Boys Girls Adults,B0F18TBS19,cubelelo,0300 Games & Puzzles,0330 Brainteasers,Toy,1030604,AMAZON_IN,16825,1307,7.7682%,7058.43,151,64980.33,171,46.74457,0.8975%,9.20606,129,56000.39,133,54.71651,0.7667%,7.93383,22,8979.94,38,,,,,,,,,
INR,"Apr 01, 2026 - Apr 30, 2026","=""amzn1.ads-account.g.a5og6bnunpn8m911rke7gdql""",Cubelelo,162147707583156,BA - Branded - Cubelelo,"=""329970929951347""",SP-KT - Branded - Cubelelo - Mid & Low Volume - Exact & Phrase - UND,"=""526301691836211""",Branded - 3x3 - Phrase,B0DRVQVFJB,Cubelelo Drift 3M v3 3x3 Magnetic Speedcube (Standard) | Latest Version with New & Improved Internal Structure for Smooth Turns & Stability | Cube Toy for 6-10 Years Old Boys Girls Adults,B0F18TBS19,cubelelo,0300 Games & Puzzles,0330 Brainteasers,Toy,1030604,AMAZON_IN,19732,617,3.1269%,1919.40,113,49571.68,117,16.98584,0.5727%,25.82665,102,45958.36,105,18.81765,0.5169%,23.94413,11,3613.32,12,,,,,,,,,
INR,"Apr 01, 2026 - Apr 30, 2026","=""amzn1.ads-account.g.a5og6bnunpn8m911rke7gdql""",Cubelelo,279942205262904,BA - Generic - Mid & Low Volume,"=""369883644681767""","SP-KT - Magnetic - Open, 2x2, 4x4, 5x5 - High Volume - Exact & Phrase","=""475526629790872""",Phrase - Magnetic - Open - Mid & Low Volume,B0DRVQVFJB,Cubelelo Drift 3M v3 3x3 Magnetic Speedcube (Standard) | Latest Version with New & Improved Internal Structure for Smooth Turns & Stability | Cube Toy for 6-10 Years Old Boys Girls Adults,B0F18TBS19,cubelelo,0300 Games & Puzzles,0330 Brainteasers,Toy,1030604,AMAZON_IN,29728,929,3.1250%,6493.74,109,47988.79,112,59.57560,0.3667%,7.39001,100,46159.29,102,64.93740,0.3364%,7.10828,9,1829.50,10,,,,,,,,,
INR,"Apr 01, 2026 - Apr 29, 2026","=""amzn1.ads-account.g.a5og6bnunpn8m911rke7gdql""",Cubelelo,207487404658099,BA - Competition - Qiyi,"=""302880384926419""",SP-KT - Comp - Qiyi - Generic - Mid & Low Volume - Exact & Phrase,"=""346372267338017""",Qiyi - Tornado - Mid & Low Volume,B0DJQWJFSX,Cubelelo Drift 3M Plus v2 3x3 (Magnetic) (New Upgraded Version) | Based on MoYu RS3M v5 | Dual-Adjustment System | Speedcube for Kids & Adults | Magic Speedy Stress Buster Brainstorming Puzzle,B0DP31B4Y4,cubelelo,0300 Games & Puzzles,0307 Non-wooden Puzzles,Toy,1030651,AMAZON_IN,441,1,0.2268%,1.89,0,0.00,0,,0.0000%,0.00000,0,0.00,0,,0.0000%,0.00000,0,0.00,0,,,,,,,,,
INR,"Apr 01, 2026 - Apr 30, 2026","=""amzn1.ads-account.g.a5og6bnunpn8m911rke7gdql""",Cubelelo,162147707583156,BA - Branded - Cubelelo,"=""408832603271930""",BA_SP_KT_Brand Drift (3x3)_Phrase_09/23,"=""462288077097605""",Brand Drift (3x3),B0DRVQVFJB,Cubelelo Drift 3M v3 3x3 Magnetic Speedcube (Standard) | Latest Version with New & Improved Internal Structure for Smooth Turns & Stability | Cube Toy for 6-10 Years Old Boys Girls Adults,B0F18TBS19,cubelelo,0300 Games & Puzzles,0330 Brainteasers,Toy,1030604,AMAZON_IN,1414,63,4.4554%,221.11,14,5290.49,14,15.79357,0.9901%,23.92696,11,4505.74,11,20.10091,0.7779%,20.37782,3,784.75,3,,,,,,,,,
INR,"Apr 01, 2026 - Apr 30, 2026","=""amzn1.ads-account.g.a5og6bnunpn8m911rke7gdql""",Cubelelo,108066094626813,BA - Generic - Extremely High Volume,"=""440555788438461""",SP-KT - Generic - Drift 3M v3 3X3 - High Vol - Exact,"=""506251473997246""",Drift 3M v3 3X3,B0DRVQVFJB,Cubelelo Drift 3M v3 3x3 Magnetic Speedcube (Standard) | Latest Version with New & Improved Internal Structure for Smooth Turns & Stability | Cube Toy for 6-10 Years Old Boys Girls Adults,B0F18TBS19,cubelelo,0300 Games & Puzzles,0330 Brainteasers,Toy,1030604,AMAZON_IN,6969,493,7.0742%,2289.19,85,37603.10,87,26.93165,1.2197%,16.42638,78,34133.60,80,29.34859,1.1192%,14.91078,7,3469.50,7,,,,,,,,,
INR,"Apr 01, 2026 - Apr 30, 2026","=""amzn1.ads-account.g.a5og6bnunpn8m911rke7gdql""",Cubelelo,162147707583156,BA - Branded - Cubelelo,"=""433317578586761""",SP-KT - Branded - Cubelelo - High Volume - Exact,"=""332121459254132""",Branded - SKAG,B0DRVQVFJB,Cubelelo Drift 3M v3 3x3 Magnetic Speedcube (Standard) | Latest Version with New & Improved Internal Structure for Smooth Turns & Stability | Cube Toy for 6-10 Years Old Boys Girls Adults,B0F18TBS19,cubelelo,0300 Games & Puzzles,0330 Brainteasers,Toy,1030604,AMAZON_IN,11871,247,2.0807%,1765.29,28,11411.45,29,63.04607,0.2359%,6.46435,18,7876.23,19,98.07167,0.1516%,4.46172,10,3535.22,10,,,,,,,,,
INR,"Apr 01, 2026 - Apr 30, 2026","=""amzn1.ads-account.g.a5og6bnunpn8m911rke7gdql""",Cubelelo,108066094626813,BA - Generic - Extremely High Volume,"=""442384136510181""","SP-KT - Generic - 3x3 - 'Cube, Cube Puzzle, Cube 33, Rubik's Cube 3x3',rubik's cube 3x3 speed cube - High Volume - Exact","=""368381636014986""",Generic - 3x3 - High Volume SKAG,B0DRVQVFJB,Cubelelo Drift 3M v3 3x3 Magnetic Speedcube (Standard) | Latest Version with New & Improved Internal Structure for Smooth Turns & Stability | Cube Toy for 6-10 Years Old Boys Girls Adults,B0F18TBS19,cubelelo,0300 Games & Puzzles,0330 Brainteasers,Toy,1030604,AMAZON_IN,4850,40,0.8247%,280.03,8,3062.87,8,35.00375,0.1649%,10.93765,6,2417.16,6,46.67167,0.1237%,8.63179,2,645.71,2,,,,,,,,,
INR,"Apr 01, 2026 - Apr 30, 2026","=""amzn1.ads-account.g.a5og6bnunpn8m911rke7gdql""",Cubelelo,279942205262904,BA - Generic - Mid & Low Volume,"=""490754366018145""",SP-KT - Gen Copy - 3M (V3) - Exact,"=""305829632229148""",3M (V3),B0DRVQVFJB,Cubelelo Drift 3M v3 3x3 Magnetic Speedcube (Standard) | Latest Version with New & Improved Internal Structure for Smooth Turns & Stability | Cube Toy for 6-10 Years Old Boys Girls Adults,B0F18TBS19,cubelelo,0300 Games & Puzzles,0330 Brainteasers,Toy,1030604,AMAZON_IN,63618,1585,2.4914%,12999.13,166,61861.11,171,78.30801,0.2609%,4.75887,105,44896.51,108,123.80124,0.1650%,3.45381,61,16964.60,63,,,,,,,,,
INR,"Apr 01, 2026 - Apr 30, 2026","=""amzn1.ads-account.g.a5og6bnunpn8m911rke7gdql""",Cubelelo,44034571834589,BA - SD Campaigns,"=""403022595429362""",BA_SD_Category Targeting_VR_All Products_5/24,"=""483093739067840""",VR,B0DRVQVFJB,Cubelelo Drift 3M v3 3x3 Magnetic Speedcube (Standard) | Latest Version with New & Improved Internal Structure for Smooth Turns & Stability | Cube Toy for 6-10 Years Old Boys Girls Adults,B0F18TBS19,cubelelo,0300 Games & Puzzles,0330 Brainteasers,Toy,1030604,AMAZON_IN,694945,2082,0.2996%,15528.40,89,34998.16,89,174.47640,0.0128%,2.25382,42,17066.80,42,369.72381,0.0060%,1.09907,47,17931.36,47,49,19280.05,49,316.90612,0.0071%,1.24160,4580,3.39048,0.6590%
INR,"Apr 01, 2026 - Apr 30, 2026","=""amzn1.ads-account.g.a5og6bnunpn8m911rke7gdql""",Cubelelo,279942205262904,BA - Generic - Mid & Low Volume,"=""560766968003680""","SP-KT - Mirror, Infinity & Combo - Open - Mid & Low Volume - Exact & Phrase - UND","=""432237711542454""",Phrase - Infinity - Mid & Low Volume,B0CW1R5ZBW,Cubelelo Drift Infinity Cube Combo (Pack of 2 - Blue & Green) | Stress Relief Fidget Toy for Focus & Anxiety Reduction | Portable Pocket-Sized Desk Gadget for All Age,B0CWH1ZVTQ,cubelelo,0300 Games & Puzzles,0307 Non-wooden Puzzles,Toy,CLB0214,AMAZON_IN,8521,32,0.3755%,224.90,9,2765.72,9,24.98889,0.1056%,12.29755,9,2765.72,9,24.98889,0.1056%,12.29755,0,0.00,0,,,,,,,,,
INR,"Apr 01, 2026 - Apr 01, 2026","=""amzn1.ads-account.g.a5og6bnunpn8m911rke7gdql""",Cubelelo,162147707583156,BA - Branded - Cubelelo,"=""343328245514155""",BA - SP PT - Cube Timer - Brand - ST,"=""544745524853066""",Cube timer_ST,B0CNKHXNX4,Cubelelo QiYi Smart Timer (Bluetooth) | Easy Quick to Set-up English User Manual Included,-1,cubelelo,"0200 Arts, Crafts & School Supplies",0223 Stationery,Toy,1380042,AMAZON_IN,1,0,0.0000%,0.00,0,0.00,0,,0.0000%,,0,0.00,0,,0.0000%,,0,0.00,0,,,,,,,,,
INR,"Apr 30, 2026 - Apr 30, 2026","=""amzn1.ads-account.g.a5og6bnunpn8m911rke7gdql""",Cubelelo,279942205262904,BA - Generic - Mid & Low Volume,"=""315451570129574""","SP-KT - Maglev, Mastermorphix, Puppet, Snake, Square1, Megaminx - Open - Mid & Low Volume - Exact & Phrase - UND","=""391120880267490""",Unique - Mid & Low Volume - Exact & Phrase,B0C55KWQPH,Cubelelo Twist Pyraminx M (Magnetic) | Stickerless Pyramid Triangle High Speed Puzzle for Kids and Adults | Magic Speedy Brainstorming Stressbuster Multicolor Cube,B0CFFC4DMP,cubelelo,0300 Games & Puzzles,0307 Non-wooden Puzzles,Toy,B0C55KWQPH,AMAZON_IN,1,0,0.0000%,0.00,0,0.00,0,,0.0000%,,0,0.00,0,,0.0000%,,0,0.00,0,,,,,,,,,
INR,"Apr 01, 2026 - Apr 28, 2026","=""amzn1.ads-account.g.a5og6bnunpn8m911rke7gdql""",Cubelelo,108066094626813,BA - Generic - Extremely High Volume,"=""530532259196935""","SP-KT - Megaminx, Pyramid, Timer & Gear - Open - High Volume - Exact","=""321431385380150""",Pyramid - High Volume,B0C55KWQPH,Cubelelo Twist Pyraminx M (Magnetic) | Stickerless Pyramid Triangle High Speed Puzzle for Kids and Adults | Magic Speedy Brainstorming Stressbuster Multicolor Cube,B0CFFC4DMP,cubelelo,0300 Games & Puzzles,0307 Non-wooden Puzzles,Toy,B0C55KWQPH,AMAZON_IN,11,0,0.0000%,0.00,0,0.00,0,,0.0000%,,0,0.00,0,,0.0000%,,0,0.00,0,,,,,,,,,
INR,"Apr 01, 2026 - Apr 30, 2026","=""amzn1.ads-account.g.a5og6bnunpn8m911rke7gdql""",Cubelelo,279942205262904,BA - Generic - Mid & Low Volume,"=""315451570129574""","SP-KT - Maglev, Mastermorphix, Puppet, Snake, Square1, Megaminx - Open - Mid & Low Volume - Exact & Phrase - UND","=""355780307112522""",Snake - Mid & Low Volume - Exact & Phrase,B0CS6HR1L1,Cubelelo Magic Snake Rainbow Puzzle Cube (36 Wedges) | Twist and Turn Shape Creation Fun Game for Kids Boys Girls and Adults | Multicolor Brain Teaser Stress Buster Toy | for Ages 3 Years and Above,B0CT8VHGGD,cubelelo,0300 Games & Puzzles,0307 Non-wooden Puzzles,Toy,1310037,AMAZON_IN,1232,10,0.8117%,45.07,0,0.00,0,,0.0000%,0.00000,0,0.00,0,,0.0000%,0.00000,0,0.00,0,,,,,,,,,
INR,"Apr 01, 2026 - Apr 30, 2026","=""amzn1.ads-account.g.a5og6bnunpn8m911rke7gdql""",Cubelelo,279942205262904,BA - Generic - Mid & Low Volume,"=""315451570129574""","SP-KT - Maglev, Mastermorphix, Puppet, Snake, Square1, Megaminx - Open - Mid & Low Volume - Exact & Phrase - UND","=""455806518818545""",Metallic - Mid & Low Volume - Exact & Phrase,B0DRVRHR6G,"Cubelelo Drift 3x3 Mirror Blue (Magnetic) (Tiled) Speedcube | Premium New Version Shape-Shifting Puzzle with Stunning Looks, Buttery Smooth Turns & Durability | Ideal for Kids Boys Girls Ages 6 & up",B0DWMW5ZNX,cubelelo,0300 Games & Puzzles,0301 Family Board / Action,Toy,1120600,AMAZON_IN,425,2,0.4706%,6.45,0,0.00,0,,0.0000%,0.00000,0,0.00,0,,0.0000%,0.00000,0,0.00,0,,,,,,,,,
INR,"Apr 01, 2026 - Apr 30, 2026","=""amzn1.ads-account.g.a5og6bnunpn8m911rke7gdql""",Cubelelo,279942205262904,BA - Generic - Mid & Low Volume,"=""498287583816355""","SP-KT - Generic - 5x5, 6x6, 7x7, Keychain - Mid & Low Volume - Exact & Phrase","=""379248418920246""",Phrase - Generic - 7x7 - Mid & Low Volume,B09WHYHTCR,Cubelelo Drift 7M 7x7 Magnetic Speedcube Magic Puzzle for Kids & Adults Speedy Stress Buster Brainstorming Cube,B0CXYBB1D2,cubelelo,0300 Games & Puzzles,0307 Non-wooden Puzzles,Toy,1070600,AMAZON_IN,3135,114,3.6364%,986.87,16,19992.41,16,61.67938,0.5104%,20.25840,13,19179.08,13,75.91308,0.4147%,19.43425,3,813.33,3,,,,,,,,,
INR,"Apr 01, 2026 - Apr 30, 2026","=""amzn1.ads-account.g.a5og6bnunpn8m911rke7gdql""",Cubelelo,279942205262904,BA - Generic - Mid & Low Volume,"=""498287583816355""","SP-KT - Generic - 5x5, 6x6, 7x7, Keychain - Mid & Low Volume - Exact & Phrase","=""411040078648211""",Generic - 7x7 - Mid & Low Volume,B09WHYHTCR,Cubelelo Drift 7M 7x7 Magnetic Speedcube Magic Puzzle for Kids & Adults Speedy Stress Buster Brainstorming Cube,B0CXYBB1D2,cubelelo,0300 Games & Puzzles,0307 Non-wooden Puzzles,Toy,1070600,AMAZON_IN,1737,100,5.7571%,1067.56,5,7709.54,5,213.51200,0.2879%,7.22165,4,7186.68,4,266.89000,0.2303%,6.73188,1,522.86,1,,,,,,,,,
INR,"Apr 01, 2026 - Apr 30, 2026","=""amzn1.ads-account.g.a5og6bnunpn8m911rke7gdql""",Cubelelo,279942205262904,BA - Generic - Mid & Low Volume,"=""498287583816355""","SP-KT - Generic - 5x5, 6x6, 7x7, Keychain - Mid & Low Volume - Exact & Phrase","=""536652533995914""",Phrase - Generic - 6x6 - Mid & Low Volume,B09WHY3DPP,Cubelelo Drift 6M 6x6 (Magnetic) Stickerless Speedcube Magic Puzzle Toy for Kids & Adults Speedy Stress Buster Brainstorming Cube,B0CWH6ML97,cubelelo,0300 Games & Puzzles,0307 Non-wooden Puzzles,Toy,1060600,AMAZON_IN,3716,58,1.5608%,587.78,3,4235.23,3,195.92667,0.0807%,7.20547,3,4235.23,3,195.92667,0.0807%,7.20547,0,0.00,0,,,,,,,,,
INR,"Apr 01, 2026 - Apr 30, 2026","=""amzn1.ads-account.g.a5og6bnunpn8m911rke7gdql""",Cubelelo,279942205262904,BA - Generic - Mid & Low Volume,"=""498287583816355""","SP-KT - Generic - 5x5, 6x6, 7x7, Keychain - Mid & Low Volume - Exact & Phrase","=""295921960947507""",Generic - 6x6 - Mid & Low Volume,B09WHY3DPP,Cubelelo Drift 6M 6x6 (Magnetic) Stickerless Speedcube Magic Puzzle Toy for Kids & Adults Speedy Stress Buster Brainstorming Cube,B0CWH6ML97,cubelelo,0300 Games & Puzzles,0307 Non-wooden Puzzles,Toy,1060600,AMAZON_IN,6802,51,0.7498%,408.62,2,2283.81,2,204.31000,0.0294%,5.58908,1,1760.95,1,408.62000,0.0147%,4.30951,1,522.86,1,,,,,,,,,
INR,"Apr 01, 2026 - Apr 30, 2026","=""amzn1.ads-account.g.a5og6bnunpn8m911rke7gdql""",Cubelelo,279942205262904,BA - Generic - Mid & Low Volume,"=""332675778194131""",SP-KT - Generic - 4x4 - Mid & Low Volume - Exact & Phrase - DO,"=""318693646880033""",Phrase - Generic - 4x4 - Mid & Low Volume,B0FL7TDJLF,"Cubelelo Drift 4x4 Stickerless Cube Puzzle Toy | Combines Smoothness, Stability & Durability | 4x4x4 Speedcube for Beginners| Suitable for Kids Ages 6 to 14 Years Old, Boys, Girls & Adults",B0CBBV1B5T,cubelelo,0300 Games & Puzzles,0301 Family Board / Action,Toy,1040400,AMAZON_IN,46972,615,1.3093%,5456.96,120,45477.08,125,45.47467,0.2555%,8.33378,97,38191.40,102,56.25732,0.2065%,6.99866,23,7285.68,23,,,,,,,,,
INR,"Apr 01, 2026 - Apr 30, 2026","=""amzn1.ads-account.g.a5og6bnunpn8m911rke7gdql""",Cubelelo,279942205262904,BA - Generic - Mid & Low Volume,"=""332675778194131""",SP-KT - Generic - 4x4 - Mid & Low Volume - Exact & Phrase - DO,"=""302493695958815""",Generic - 4x4 - Mid & Low Volume,B0FL7TDJLF,"Cubelelo Drift 4x4 Stickerless Cube Puzzle Toy | Combines Smoothness, Stability & Durability | 4x4x4 Speedcube for Beginners| Suitable for Kids Ages 6 to 14 Years Old, Boys, Girls & Adults",B0CBBV1B5T,cubelelo,0300 Games & Puzzles,0301 Family Board / Action,Toy,1040400,AMAZON_IN,105081,956,0.9098%,9119.50,123,45661.89,125,74.14228,0.1171%,5.00706,108,41757.16,110,84.43981,0.1028%,4.57889,15,3904.73,15,,,,,,,,,
INR,"Apr 01, 2026 - Apr 30, 2026","=""amzn1.ads-account.g.a5og6bnunpn8m911rke7gdql""",Cubelelo,14896671318530,BA - Tinker Box,"=""383299609032339""","SP-KT - Generic - Tinker Box - Colour and Pattern Sliding Puzzle Game, 5 Column Sort and Stack Puzzle - Exact","=""288337266837008""",Tinker Box - Colour and Pattern Sliding Puzzle Game,B0FF47DZ8G,TinkerBox Color and Pattern Sliding Puzzle Game | Educational Wooden Toy for Kids | Color & Shape Matching Brain Teaser for Ages 3-7 | Preschool Learning Toy for Boys & Girls,B0GPL1L4HG,Tinker Box,0300 Games & Puzzles,0330 Brainteasers,Toy,TB00003,AMAZON_IN,611,5,0.8183%,63.19,0,0.00,0,,0.0000%,0.00000,0,0.00,0,,0.0000%,0.00000,0,0.00,0,,,,,,,,,
INR,"Apr 01, 2026 - Apr 30, 2026","=""amzn1.ads-account.g.a5og6bnunpn8m911rke7gdql""",Cubelelo,279942205262904,BA - Generic - Mid & Low Volume,"=""316273786051120""",SD-CT - 3D Puzzle & Brain Teasers - Comp - Open - Broad - Old,"=""302660200409918""",Category Targeting,B0CF9MJ1HV,Cubelelo Drift 3x3 Stickerless & Mirror Cube (Silver) Gift Box Combo Set | Ideal Gift for Puzzle Lovers | Toys for Kids 6-10 Year Old and Adults | 3x3x3 High Speed 3 3 & Shape Shifter,B0D6G24GVB,cubelelo,0300 Games & Puzzles,0307 Non-wooden Puzzles,Toy,1460523,AMAZON_IN,263,0,0.0000%,0.00,0,0.00,0,,0.0000%,,0,0.00,0,,0.0000%,,0,0.00,0,0,0.00,0,,0.0000%,,0,,0.0000%
INR,"Apr 01, 2026 - Apr 30, 2026","=""amzn1.ads-account.g.a5og6bnunpn8m911rke7gdql""",Cubelelo,279942205262904,BA - Generic - Mid & Low Volume,"=""315451570129574""","SP-KT - Maglev, Mastermorphix, Puppet, Snake, Square1, Megaminx - Open - Mid & Low Volume - Exact & Phrase - UND","=""455806518818545""",Metallic - Mid & Low Volume - Exact & Phrase,B0CF9MJ1HV,Cubelelo Drift 3x3 Stickerless & Mirror Cube (Silver) Gift Box Combo Set | Ideal Gift for Puzzle Lovers | Toys for Kids 6-10 Year Old and Adults | 3x3x3 High Speed 3 3 & Shape Shifter,B0D6G24GVB,cubelelo,0300 Games & Puzzles,0307 Non-wooden Puzzles,Toy,1460523,AMAZON_IN,508,7,1.3780%,28.81,0,0.00,0,,0.0000%,0.00000,0,0.00,0,,0.0000%,0.00000,0,0.00,0,,,,,,,,,
INR,"Apr 01, 2026 - Apr 30, 2026","=""amzn1.ads-account.g.a5og6bnunpn8m911rke7gdql""",Cubelelo,162147707583156,BA - Branded - Cubelelo,"=""329970929951347""",SP-KT - Branded - Cubelelo - Mid & Low Volume - Exact & Phrase - UND,"=""360220929148821""",Mirror,B0CF9MJ1HV,Cubelelo Drift 3x3 Stickerless & Mirror Cube (Silver) Gift Box Combo Set | Ideal Gift for Puzzle Lovers | Toys for Kids 6-10 Year Old and Adults | 3x3x3 High Speed 3 3 & Shape Shifter,B0D6G24GVB,cubelelo,0300 Games & Puzzles,0307 Non-wooden Puzzles,Toy,1460523,AMAZON_IN,3667,16,0.4363%,191.34,2,712.38,2,95.67000,0.0545%,3.72311,2,712.38,2,95.67000,0.0545%,3.72311,0,0.00,0,,,,,,,,,
INR,"Apr 04, 2026 - Apr 04, 2026","=""amzn1.ads-account.g.a5og6bnunpn8m911rke7gdql""",Cubelelo,140219559111289,BA - Clang,"=""27421043546567""",BA - SP - CT - Clang - Brain Teasers Above 450 -  Comp - DO,"=""371050437354506""",Clang,B0GN1TJ7F4,"Cubelelo Drift Clang! | 2-4 Players Classic Magnetic Attraction Strategy Game | Features 24 Magnets & Adjustable Rope | Fun Gifting Toy for Family, Teens & Adults | Compact and Travel Friendly",-1,cubelelo,0300 Games & Puzzles,0330 Brainteasers,Toy,1630223,AMAZON_IN,0,0,,0.00,0,0.00,0,,,,0,0.00,0,,,,0,0.00,0,,,,,,,,,
INR,"Apr 01, 2026 - Apr 30, 2026","=""amzn1.ads-account.g.a5og6bnunpn8m911rke7gdql""",Cubelelo,140219559111289,BA - Clang,"=""131047102419006""",BA - SP - PT - Clang - Comp - Magnetic Games - Exact - DO - Sale,"=""522308508803672""",Clang,B0GN1TJ7F4,"Cubelelo Drift Clang! | 2-4 Players Classic Magnetic Attraction Strategy Game | Features 24 Magnets & Adjustable Rope | Fun Gifting Toy for Family, Teens & Adults | Compact and Travel Friendly",-1,cubelelo,0300 Games & Puzzles,0330 Brainteasers,Toy,1630223,AMAZON_IN,137601,2014,1.4637%,36476.11,216,105302.32,228,168.87088,0.1570%,2.88689,204,101226.12,215,178.80446,0.1483%,2.77514,12,4076.20,13,,,,,,,,,
INR,"Apr 01, 2026 - Apr 30, 2026","=""amzn1.ads-account.g.a5og6bnunpn8m911rke7gdql""",Cubelelo,140219559111289,BA - Clang,"=""279777542976112""",BA - SP - PT - Clang - Comp - Smartivity - Exact - DO,"=""437071768796688""",Clang,B0GN1TJ7F4,"Cubelelo Drift Clang! | 2-4 Players Classic Magnetic Attraction Strategy Game | Features 24 Magnets & Adjustable Rope | Fun Gifting Toy for Family, Teens & Adults | Compact and Travel Friendly",-1,cubelelo,0300 Games & Puzzles,0330 Brainteasers,Toy,1630223,AMAZON_IN,51340,815,1.5875%,10480.94,69,34010.60,76,151.89768,0.1344%,3.24500,60,31461.08,66,174.68233,0.1169%,3.00174,9,2549.52,10,,,,,,,,,
INR,"Apr 01, 2026 - Apr 30, 2026","=""amzn1.ads-account.g.a5og6bnunpn8m911rke7gdql""",Cubelelo,140219559111289,BA - Clang,"=""19816387043346""",BA - SP - KT - Clang - Generic - High Volume - Exact  - DO,"=""433668164365957""",Clang,B0GN1TJ7F4,"Cubelelo Drift Clang! | 2-4 Players Classic Magnetic Attraction Strategy Game | Features 24 Magnets & Adjustable Rope | Fun Gifting Toy for Family, Teens & Adults | Compact and Travel Friendly",-1,cubelelo,0300 Games & Puzzles,0330 Brainteasers,Toy,1630223,AMAZON_IN,25552,231,0.9040%,2296.30,8,3582.87,8,287.03750,0.0313%,1.56028,7,3326.68,7,328.04286,0.0274%,1.44871,1,256.19,1,,,,,,,,,
INR,"Apr 01, 2026 - Apr 14, 2026","=""amzn1.ads-account.g.a5og6bnunpn8m911rke7gdql""",Cubelelo,140219559111289,BA - Clang,"=""107457332104257""",BA - SP - Auto - Clang,"=""461954613815365""",Clang,B0GN1TJ7F4,"Cubelelo Drift Clang! | 2-4 Players Classic Magnetic Attraction Strategy Game | Features 24 Magnets & Adjustable Rope | Fun Gifting Toy for Family, Teens & Adults | Compact and Travel Friendly",-1,cubelelo,0300 Games & Puzzles,0330 Brainteasers,Toy,1630223,AMAZON_IN,835,9,1.0778%,61.96,0,0.00,0,,0.0000%,0.00000,0,0.00,0,,0.0000%,0.00000,0,0.00,0,,,,,,,,,
INR,"Apr 08, 2026 - Apr 10, 2026","=""amzn1.ads-account.g.a5og6bnunpn8m911rke7gdql""",Cubelelo,266883110604369,Old - SP PT Campaigns,"=""471096929513381""",BA - SP PT - Pyramix - Competition - Exact,"=""299475517358539""",Pyraminx,B0BWMX1NQ6,Cubelelo Drift Pyraminx Puzzle (Black) | Stickerless Pyramid Triangle Cube for Kids and Adults 3x3 | Magic High Speedy Stress Buster Brainstorming Puzzle (Multicolor),B0CFFC4DMP,cubelelo,0300 Games & Puzzles,0307 Non-wooden Puzzles,Toy,1280200_EAN,AMAZON_IN,56,1,1.7857%,8.72,0,0.00,0,,0.0000%,0.00000,0,0.00,0,,0.0000%,0.00000,0,0.00,0,,,,,,,,,
INR,"Apr 01, 2026 - Apr 30, 2026","=""amzn1.ads-account.g.a5og6bnunpn8m911rke7gdql""",Cubelelo,162147707583156,BA - Branded - Cubelelo,"=""329970929951347""",SP-KT - Branded - Cubelelo - Mid & Low Volume - Exact & Phrase - UND,"=""386093481557611""",Branded - 2x2,B08XK25RRF,"Cubelelo Drift 2x2 & 3x3 Cube Gift Box Combo | 2-in-1 Puzzle Toy Game Set for Children Kids & Adults Ages 4 5 6 & Above | Double the Challenge, Twice the Fun | Ultimate Value Saver Combo",-1,cubelelo,0300 Games & Puzzles,0307 Non-wooden Puzzles,Toy,1460501,AMAZON_IN,1242,14,1.1272%,120.54,3,851.43,3,40.18000,0.2415%,7.06346,3,851.43,3,40.18000,0.2415%,7.06346,0,0.00,0,,,,,,,,,
INR,"Apr 01, 2026 - Apr 30, 2026","=""amzn1.ads-account.g.a5og6bnunpn8m911rke7gdql""",Cubelelo,279942205262904,BA - Generic - Mid & Low Volume,"=""405383753413943""","SP-KT - Lube Combo, Magic, Pyraminx, Skewb, Stand, Timer, Gear - Open - Mid & Low Volume - Exact & Phrase","=""515672683970502""",Magic - Mid & Low Volume - Exact & Phrase,B08XK25RRF,"Cubelelo Drift 2x2 & 3x3 Cube Gift Box Combo | 2-in-1 Puzzle Toy Game Set for Children Kids & Adults Ages 4 5 6 & Above | Double the Challenge, Twice the Fun | Ultimate Value Saver Combo",-1,cubelelo,0300 Games & Puzzles,0307 Non-wooden Puzzles,Toy,1460501,AMAZON_IN,53,0,0.0000%,0.00,0,0.00,0,,0.0000%,,0,0.00,0,,0.0000%,,0,0.00,0,,,,,,,,,
INR,"Apr 01, 2026 - Apr 30, 2026","=""amzn1.ads-account.g.a5og6bnunpn8m911rke7gdql""",Cubelelo,279942205262904,BA - Generic - Mid & Low Volume,"=""560766968003680""","SP-KT - Mirror, Infinity & Combo - Open - Mid & Low Volume - Exact & Phrase - UND","=""398270911795195""",Combo - Mid & Low Volume,B08XK25RRF,"Cubelelo Drift 2x2 & 3x3 Cube Gift Box Combo | 2-in-1 Puzzle Toy Game Set for Children Kids & Adults Ages 4 5 6 & Above | Double the Challenge, Twice the Fun | Ultimate Value Saver Combo",-1,cubelelo,0300 Games & Puzzles,0307 Non-wooden Puzzles,Toy,1460501,AMAZON_IN,7956,31,0.3896%,307.61,3,756.19,3,102.53667,0.0377%,2.45828,2,567.62,2,153.80500,0.0251%,1.84526,1,188.57,1,,,,,,,,,
INR,"Apr 01, 2026 - Apr 30, 2026","=""amzn1.ads-account.g.a5og6bnunpn8m911rke7gdql""",Cubelelo,279942205262904,BA - Generic - Mid & Low Volume,"=""285784532724588""",SP-KT - Generic - Open - Cube - Mid & Low Volume - Exact & Phrase,"=""503467855821823""",Generic - Open Searches - Mid & Low Volume,B08XK25RRF,"Cubelelo Drift 2x2 & 3x3 Cube Gift Box Combo | 2-in-1 Puzzle Toy Game Set for Children Kids & Adults Ages 4 5 6 & Above | Double the Challenge, Twice the Fun | Ultimate Value Saver Combo",-1,cubelelo,0300 Games & Puzzles,0307 Non-wooden Puzzles,Toy,1460501,AMAZON_IN,25045,81,0.3234%,649.93,9,2459.05,9,72.21444,0.0359%,3.78356,8,2270.48,8,81.24125,0.0319%,3.49342,1,188.57,1,,,,,,,,,
INR,"Apr 01, 2026 - Apr 30, 2026","=""amzn1.ads-account.g.a5og6bnunpn8m911rke7gdql""",Cubelelo,279942205262904,BA - Generic - Mid & Low Volume,"=""285784532724588""",SP-KT - Generic - Open - Cube - Mid & Low Volume - Exact & Phrase,"=""479419335051851""",Phrase - Generic - Open Searches - Mid & Low Volume,B08XK25RRF,"Cubelelo Drift 2x2 & 3x3 Cube Gift Box Combo | 2-in-1 Puzzle Toy Game Set for Children Kids & Adults Ages 4 5 6 & Above | Double the Challenge, Twice the Fun | Ultimate Value Saver Combo",-1,cubelelo,0300 Games & Puzzles,0307 Non-wooden Puzzles,Toy,1460501,AMAZON_IN,49731,165,0.3318%,1212.08,24,6745.72,24,50.50333,0.0483%,5.56541,18,5514.30,18,67.33778,0.0362%,4.54945,6,1231.42,6,,,,,,,,,
INR,"Apr 01, 2026 - Apr 30, 2026","=""amzn1.ads-account.g.a5og6bnunpn8m911rke7gdql""",Cubelelo,162147707583156,BA - Branded - Cubelelo,"=""329970929951347""",SP-KT - Branded - Cubelelo - Mid & Low Volume - Exact & Phrase - UND,"=""560146263793792""",Combo,B08XK25RRF,"Cubelelo Drift 2x2 & 3x3 Cube Gift Box Combo | 2-in-1 Puzzle Toy Game Set for Children Kids & Adults Ages 4 5 6 & Above | Double the Challenge, Twice the Fun | Ultimate Value Saver Combo",-1,cubelelo,0300 Games & Puzzles,0307 Non-wooden Puzzles,Toy,1460501,AMAZON_IN,3987,35,0.8779%,229.13,8,2465.72,8,28.64125,0.2007%,10.76123,7,2085.72,7,32.73286,0.1756%,9.10278,1,380.00,1,,,,,,,,,
INR,"Apr 01, 2026 - Apr 30, 2026","=""amzn1.ads-account.g.a5og6bnunpn8m911rke7gdql""",Cubelelo,279942205262904,BA - Generic - Mid & Low Volume,"=""316273786051120""",SD-CT - 3D Puzzle & Brain Teasers - Comp - Open - Broad - Old,"=""302660200409918""",Category Targeting,B08XK25RRF,"Cubelelo Drift 2x2 & 3x3 Cube Gift Box Combo | 2-in-1 Puzzle Toy Game Set for Children Kids & Adults Ages 4 5 6 & Above | Double the Challenge, Twice the Fun | Ultimate Value Saver Combo",-1,cubelelo,0300 Games & Puzzles,0307 Non-wooden Puzzles,Toy,1460501,AMAZON_IN,365,1,0.2740%,8.80,0,0.00,0,,0.0000%,0.00000,0,0.00,0,,0.0000%,0.00000,0,0.00,0,0,0.00,0,,0.0000%,0.00000,4,2.20000,1.0959%
INR,"Apr 01, 2026 - Apr 30, 2026","=""amzn1.ads-account.g.a5og6bnunpn8m911rke7gdql""",Cubelelo,242135938115990,BA - Competition - Cubes,"=""398099328860046""",SP-PT - Cubes - Toys Best Seller - Above 200,"=""389104660034552""",SP-SP - Cubes - Toys Best Seller - Above 200,B08XK25RRF,"Cubelelo Drift 2x2 & 3x3 Cube Gift Box Combo | 2-in-1 Puzzle Toy Game Set for Children Kids & Adults Ages 4 5 6 & Above | Double the Challenge, Twice the Fun | Ultimate Value Saver Combo",-1,cubelelo,0300 Games & Puzzles,0307 Non-wooden Puzzles,Toy,1460501,AMAZON_IN,25363,65,0.2563%,385.82,3,851.42,3,128.60667,0.0118%,2.20678,3,851.42,3,128.60667,0.0118%,2.20678,0,0.00,0,,,,,,,,,
INR,"Apr 01, 2026 - Apr 30, 2026","=""amzn1.ads-account.g.a5og6bnunpn8m911rke7gdql""",Cubelelo,162147707583156,BA - Branded - Cubelelo,"=""433317578586761""",SP-KT - Branded - Cubelelo - High Volume - Exact,"=""374742854439176""",Branded 3x3 - SKAG,B08XK25RRF,"Cubelelo Drift 2x2 & 3x3 Cube Gift Box Combo | 2-in-1 Puzzle Toy Game Set for Children Kids & Adults Ages 4 5 6 & Above | Double the Challenge, Twice the Fun | Ultimate Value Saver Combo",-1,cubelelo,0300 Games & Puzzles,0307 Non-wooden Puzzles,Toy,1460501,AMAZON_IN,8617,27,0.3133%,158.32,4,1135.24,4,39.58000,0.0464%,7.17054,4,1135.24,4,39.58000,0.0464%,7.17054,0,0.00,0,,,,,,,,,
INR,"Apr 01, 2026 - Apr 30, 2026","=""amzn1.ads-account.g.a5og6bnunpn8m911rke7gdql""",Cubelelo,162147707583156,BA - Branded - Cubelelo,"=""329970929951347""",SP-KT - Branded - Cubelelo - Mid & Low Volume - Exact & Phrase - UND,"=""479460967599506""",Branded - 3x3,B08XK25RRF,"Cubelelo Drift 2x2 & 3x3 Cube Gift Box Combo | 2-in-1 Puzzle Toy Game Set for Children Kids & Adults Ages 4 5 6 & Above | Double the Challenge, Twice the Fun | Ultimate Value Saver Combo",-1,cubelelo,0300 Games & Puzzles,0307 Non-wooden Puzzles,Toy,1460501,AMAZON_IN,27576,118,0.4279%,980.73,19,4446.65,19,51.61737,0.0689%,4.53402,15,3689.52,15,65.38200,0.0544%,3.76201,4,757.13,4,,,,,,,,,
INR,"Apr 02, 2026 - Apr 30, 2026","=""amzn1.ads-account.g.a5og6bnunpn8m911rke7gdql""",Cubelelo,162147707583156,BA - Branded - Cubelelo,"=""329970929951347""",SP-KT - Branded - Cubelelo - Mid & Low Volume - Exact & Phrase - UND,"=""535729251693727""",Branded - Phrase,B08XK25RRF,"Cubelelo Drift 2x2 & 3x3 Cube Gift Box Combo | 2-in-1 Puzzle Toy Game Set for Children Kids & Adults Ages 4 5 6 & Above | Double the Challenge, Twice the Fun | Ultimate Value Saver Combo",-1,cubelelo,0300 Games & Puzzles,0307 Non-wooden Puzzles,Toy,1460501,AMAZON_IN,541,4,0.7394%,26.58,2,567.62,2,13.29000,0.3697%,21.35515,2,567.62,2,13.29000,0.3697%,21.35515,0,0.00,0,,,,,,,,,
INR,"Apr 01, 2026 - Apr 30, 2026","=""amzn1.ads-account.g.a5og6bnunpn8m911rke7gdql""",Cubelelo,279942205262904,BA - Generic - Mid & Low Volume,"=""327104446426115""","SP-KT - Axis - Windmill - Fisher, Cylinder, Kids, Mini, Smart, Pyramid - Open - Mid & Low Volume - Exact & Phrase","=""354824992183354""",Kids - Mid & Low Volume - Exact & Phrase,B08XK25RRF,"Cubelelo Drift 2x2 & 3x3 Cube Gift Box Combo | 2-in-1 Puzzle Toy Game Set for Children Kids & Adults Ages 4 5 6 & Above | Double the Challenge, Twice the Fun | Ultimate Value Saver Combo",-1,cubelelo,0300 Games & Puzzles,0307 Non-wooden Puzzles,Toy,1460501,AMAZON_IN,2397,30,1.2516%,309.76,2,567.62,2,154.88000,0.0834%,1.83245,1,283.81,1,309.76000,0.0417%,0.91623,1,283.81,1,,,,,,,,,
INR,"Apr 01, 2026 - Apr 30, 2026","=""amzn1.ads-account.g.a5og6bnunpn8m911rke7gdql""",Cubelelo,108066094626813,BA - Generic - Extremely High Volume,"=""495997417400177""",SP-KT - Generic - Open - 'Rubix Cube' - SKAG - High Volume - Exact,"=""536771283942162""",Generic - Open Searches - High Volume SKAG,B08XK25RRF,"Cubelelo Drift 2x2 & 3x3 Cube Gift Box Combo | 2-in-1 Puzzle Toy Game Set for Children Kids & Adults Ages 4 5 6 & Above | Double the Challenge, Twice the Fun | Ultimate Value Saver Combo",-1,cubelelo,0300 Games & Puzzles,0307 Non-wooden Puzzles,Toy,1460501,AMAZON_IN,34473,161,0.4670%,2005.32,37,10580.95,38,54.19784,0.1073%,5.27644,32,9559.07,32,62.66625,0.0928%,4.76686,5,1021.88,6,,,,,,,,,
INR,"Apr 01, 2026 - Apr 30, 2026","=""amzn1.ads-account.g.a5og6bnunpn8m911rke7gdql""",Cubelelo,162147707583156,BA - Branded - Cubelelo,"=""433317578586761""",SP-KT - Branded - Cubelelo - High Volume - Exact,"=""332121459254132""",Branded - SKAG,B08XK25RRF,"Cubelelo Drift 2x2 & 3x3 Cube Gift Box Combo | 2-in-1 Puzzle Toy Game Set for Children Kids & Adults Ages 4 5 6 & Above | Double the Challenge, Twice the Fun | Ultimate Value Saver Combo",-1,cubelelo,0300 Games & Puzzles,0307 Non-wooden Puzzles,Toy,1460501,AMAZON_IN,40761,179,0.4391%,1439.55,40,11963.81,41,35.98875,0.0981%,8.31080,26,8715.27,26,55.36731,0.0638%,6.05416,14,3248.54,15,,,,,,,,,
INR,"Apr 01, 2026 - Apr 30, 2026","=""amzn1.ads-account.g.a5og6bnunpn8m911rke7gdql""",Cubelelo,108066094626813,BA - Generic - Extremely High Volume,"=""484046863276712""",SP-KT - Generic - Open - 'Rubik's Cube' - SKAG - High Volume - Exact,"=""514344038519157""",Generic - Open Searches - High Volume SKAG,B08XK25RRF,"Cubelelo Drift 2x2 & 3x3 Cube Gift Box Combo | 2-in-1 Puzzle Toy Game Set for Children Kids & Adults Ages 4 5 6 & Above | Double the Challenge, Twice the Fun | Ultimate Value Saver Combo",-1,cubelelo,0300 Games & Puzzles,0307 Non-wooden Puzzles,Toy,1460501,AMAZON_IN,203990,880,0.4314%,9446.33,124,45985.69,168,76.18008,0.0608%,4.86810,96,40503.88,140,98.39927,0.0471%,4.28779,28,5481.81,28,,,,,,,,,
INR,"Apr 01, 2026 - Apr 30, 2026","=""amzn1.ads-account.g.a5og6bnunpn8m911rke7gdql""",Cubelelo,279942205262904,BA - Generic - Mid & Low Volume,"=""369883644681767""","SP-KT - Magnetic - Open, 2x2, 4x4, 5x5 - High Volume - Exact & Phrase","=""458736197006168""",Phrase - Magnetic - 2x2 - Mid & Low Volume,B08XK25RRF,"Cubelelo Drift 2x2 & 3x3 Cube Gift Box Combo | 2-in-1 Puzzle Toy Game Set for Children Kids & Adults Ages 4 5 6 & Above | Double the Challenge, Twice the Fun | Ultimate Value Saver Combo",-1,cubelelo,0300 Games & Puzzles,0307 Non-wooden Puzzles,Toy,1460501,AMAZON_IN,368,1,0.2717%,2.20,0,0.00,0,,0.0000%,0.00000,0,0.00,0,,0.0000%,0.00000,0,0.00,0,,,,,,,,,
INR,"Apr 01, 2026 - Apr 30, 2026","=""amzn1.ads-account.g.a5og6bnunpn8m911rke7gdql""",Cubelelo,153505421940411,BA - Competition - Moyu,"=""535209545252680""",SP-KT - Comp - Moyu - Generic - Mid & Low Volume - Exact & Phrase,"=""354103828771122""",Moyu - 3x3 - Low Volume,B08XK25RRF,"Cubelelo Drift 2x2 & 3x3 Cube Gift Box Combo | 2-in-1 Puzzle Toy Game Set for Children Kids & Adults Ages 4 5 6 & Above | Double the Challenge, Twice the Fun | Ultimate Value Saver Combo",-1,cubelelo,0300 Games & Puzzles,0307 Non-wooden Puzzles,Toy,1460501,AMAZON_IN,186,1,0.5376%,1.00,0,0.00,0,,0.0000%,0.00000,0,0.00,0,,0.0000%,0.00000,0,0.00,0,,,,,,,,,
INR,"Apr 01, 2026 - Apr 30, 2026","=""amzn1.ads-account.g.a5og6bnunpn8m911rke7gdql""",Cubelelo,279942205262904,BA - Generic - Mid & Low Volume,"=""560766968003680""","SP-KT - Mirror, Infinity & Combo - Open - Mid & Low Volume - Exact & Phrase - UND","=""531829023860059""",Phrase - Combo - Mid & Low Volume,B08XK25RRF,"Cubelelo Drift 2x2 & 3x3 Cube Gift Box Combo | 2-in-1 Puzzle Toy Game Set for Children Kids & Adults Ages 4 5 6 & Above | Double the Challenge, Twice the Fun | Ultimate Value Saver Combo",-1,cubelelo,0300 Games & Puzzles,0307 Non-wooden Puzzles,Toy,1460501,AMAZON_IN,35644,203,0.5695%,1804.77,26,7580.96,26,69.41423,0.0729%,4.20051,22,6920.02,22,82.03500,0.0617%,3.83430,4,660.94,4,,,,,,,,,
INR,"Apr 01, 2026 - Apr 30, 2026","=""amzn1.ads-account.g.a5og6bnunpn8m911rke7gdql""",Cubelelo,162147707583156,BA - Branded - Cubelelo,"=""329970929951347""",SP-KT - Branded - Cubelelo - Mid & Low Volume - Exact & Phrase - UND,"=""298700263606024""",Branded,B08XK25RRF,"Cubelelo Drift 2x2 & 3x3 Cube Gift Box Combo | 2-in-1 Puzzle Toy Game Set for Children Kids & Adults Ages 4 5 6 & Above | Double the Challenge, Twice the Fun | Ultimate Value Saver Combo",-1,cubelelo,0300 Games & Puzzles,0307 Non-wooden Puzzles,Toy,1460501,AMAZON_IN,7266,61,0.8395%,294.66,8,1986.67,8,36.83250,0.1101%,6.74225,8,1986.67,8,36.83250,0.1101%,6.74225,0,0.00,0,,,,,,,,,
INR,"Apr 01, 2026 - Apr 30, 2026","=""amzn1.ads-account.g.a5og6bnunpn8m911rke7gdql""",Cubelelo,279942205262904,BA - Generic - Mid & Low Volume,"=""466977135029356""",SP-KT - Generic - 2x2 - Mid & Low Volume - Exact & Phrase,"=""398214295345341""",Generic - 2x2 - Mid & Low Volume,B08XK25RRF,"Cubelelo Drift 2x2 & 3x3 Cube Gift Box Combo | 2-in-1 Puzzle Toy Game Set for Children Kids & Adults Ages 4 5 6 & Above | Double the Challenge, Twice the Fun | Ultimate Value Saver Combo",-1,cubelelo,0300 Games & Puzzles,0307 Non-wooden Puzzles,Toy,1460501,AMAZON_IN,43204,423,0.9791%,3801.49,117,31039.98,118,32.49137,0.2708%,8.16521,92,25262.88,92,41.32054,0.2129%,6.64552,25,5777.10,26,,,,,,,,,
INR,"Apr 01, 2026 - Apr 30, 2026","=""amzn1.ads-account.g.a5og6bnunpn8m911rke7gdql""",Cubelelo,279942205262904,BA - Generic - Mid & Low Volume,"=""369883644681767""","SP-KT - Magnetic - Open, 2x2, 4x4, 5x5 - High Volume - Exact & Phrase","=""371587655476259""",Magnetic - 2x2 - Mid & Low Volume,B08XK25RRF,"Cubelelo Drift 2x2 & 3x3 Cube Gift Box Combo | 2-in-1 Puzzle Toy Game Set for Children Kids & Adults Ages 4 5 6 & Above | Double the Challenge, Twice the Fun | Ultimate Value Saver Combo",-1,cubelelo,0300 Games & Puzzles,0307 Non-wooden Puzzles,Toy,1460501,AMAZON_IN,316,1,0.3165%,2.94,1,188.57,1,2.94000,0.3165%,64.13946,0,0.00,0,,0.0000%,0.00000,1,188.57,1,,,,,,,,,
INR,"Apr 02, 2026 - Apr 30, 2026","=""amzn1.ads-account.g.a5og6bnunpn8m911rke7gdql""",Cubelelo,153505421940411,BA - Competition - Moyu,"=""535209545252680""",SP-KT - Comp - Moyu - Generic - Mid & Low Volume - Exact & Phrase,"=""354103828771122""",Moyu - 3x3 - Low Volume,B0CL3HR7YS,"Cubelelo Drift Warrior 3x3 & Premium Cube Lubricant Combo | Speed Cube Set for Fast, Smooth, Professional Solving | Ultimate Kit for All Your Speedcubing Needs Multicolor for Kids, Adults All Ages",B0F18TBS19,cubelelo,0300 Games & Puzzles,0307 Non-wooden Puzzles,Toy,CLB0502,AMAZON_IN,44,0,0.0000%,0.00,0,0.00,0,,0.0000%,,0,0.00,0,,0.0000%,,0,0.00,0,,,,,,,,,
INR,"Apr 03, 2026 - Apr 30, 2026","=""amzn1.ads-account.g.a5og6bnunpn8m911rke7gdql""",Cubelelo,279942205262904,BA - Generic - Mid & Low Volume,"=""405383753413943""","SP-KT - Lube Combo, Magic, Pyraminx, Skewb, Stand, Timer, Gear - Open - Mid & Low Volume - Exact & Phrase","=""515672683970502""",Magic - Mid & Low Volume - Exact & Phrase,B0CL3HR7YS,"Cubelelo Drift Warrior 3x3 & Premium Cube Lubricant Combo | Speed Cube Set for Fast, Smooth, Professional Solving | Ultimate Kit for All Your Speedcubing Needs Multicolor for Kids, Adults All Ages",B0F18TBS19,cubelelo,0300 Games & Puzzles,0307 Non-wooden Puzzles,Toy,CLB0502,AMAZON_IN,57,0,0.0000%,0.00,0,0.00,0,,0.0000%,,0,0.00,0,,0.0000%,,0,0.00,0,,,,,,,,,
INR,"Apr 01, 2026 - Apr 30, 2026","=""amzn1.ads-account.g.a5og6bnunpn8m911rke7gdql""",Cubelelo,279942205262904,BA - Generic - Mid & Low Volume,"=""405383753413943""","SP-KT - Lube Combo, Magic, Pyraminx, Skewb, Stand, Timer, Gear - Open - Mid & Low Volume - Exact & Phrase","=""387936063231496""",Lube Combo - Mid & Low Volume - Exact & Phrase,B0CL3HR7YS,"Cubelelo Drift Warrior 3x3 & Premium Cube Lubricant Combo | Speed Cube Set for Fast, Smooth, Professional Solving | Ultimate Kit for All Your Speedcubing Needs Multicolor for Kids, Adults All Ages",B0F18TBS19,cubelelo,0300 Games & Puzzles,0307 Non-wooden Puzzles,Toy,CLB0502,AMAZON_IN,9650,195,2.0207%,989.23,30,7379.98,30,32.97433,0.3109%,7.46033,19,4867.61,19,52.06474,0.1969%,4.92061,11,2512.37,11,,,,,,,,,
INR,"Apr 01, 2026 - Apr 30, 2026","=""amzn1.ads-account.g.a5og6bnunpn8m911rke7gdql""",Cubelelo,162147707583156,BA - Branded - Cubelelo,"=""433317578586761""",SP-KT - Branded - Cubelelo - High Volume - Exact,"=""374742854439176""",Branded 3x3 - SKAG,B0CL3HR7YS,"Cubelelo Drift Warrior 3x3 & Premium Cube Lubricant Combo | Speed Cube Set for Fast, Smooth, Professional Solving | Ultimate Kit for All Your Speedcubing Needs Multicolor for Kids, Adults All Ages",B0F18TBS19,cubelelo,0300 Games & Puzzles,0307 Non-wooden Puzzles,Toy,CLB0502,AMAZON_IN,1687,12,0.7113%,53.92,4,1298.10,4,13.48000,0.2371%,24.07456,3,1109.53,3,17.97333,0.1778%,20.57734,1,188.57,1,,,,,,,,,
INR,"Apr 01, 2026 - Apr 30, 2026","=""amzn1.ads-account.g.a5og6bnunpn8m911rke7gdql""",Cubelelo,162147707583156,BA - Branded - Cubelelo,"=""329970929951347""",SP-KT - Branded - Cubelelo - Mid & Low Volume - Exact & Phrase - UND,"=""479460967599506""",Branded - 3x3,B0CL3HR7YS,"Cubelelo Drift Warrior 3x3 & Premium Cube Lubricant Combo | Speed Cube Set for Fast, Smooth, Professional Solving | Ultimate Kit for All Your Speedcubing Needs Multicolor for Kids, Adults All Ages",B0F18TBS19,cubelelo,0300 Games & Puzzles,0307 Non-wooden Puzzles,Toy,CLB0502,AMAZON_IN,13925,161,1.1562%,846.85,19,4093.33,20,44.57105,0.1364%,4.83360,6,1735.24,6,141.14167,0.0431%,2.04905,13,2358.09,14,,,,,,,,,
INR,"Apr 01, 2026 - Apr 30, 2026","=""amzn1.ads-account.g.a5og6bnunpn8m911rke7gdql""",Cubelelo,279942205262904,BA - Generic - Mid & Low Volume,"=""327104446426115""","SP-KT - Axis - Windmill - Fisher, Cylinder, Kids, Mini, Smart, Pyramid - Open - Mid & Low Volume - Exact & Phrase","=""423861844641216""",Axis - Windmill - Fisher - Mid & Low Volume - Exact & Phrase,B0CZ9JH3F5,"Cubelelo Drift Axis (Tiled) 3x3 Magic Cube Puzzle | Unique Shape Mod with Premium Design, Smooth Finish Toy for Intermediate & Advanced Solvers | Toys for Adults & Kids Girls Boys Ages 7-14 Years Old",B0F1YY4MBJ,cubelelo,0300 Games & Puzzles,0307 Non-wooden Puzzles,Toy,1180200,AMAZON_IN,5530,123,2.2242%,391.42,23,8443.77,23,17.01826,0.4159%,21.57215,19,6943.77,19,20.60105,0.3436%,17.73995,4,1500.00,4,,,,,,,,,
INR,"Apr 01, 2026 - Apr 30, 2026","=""amzn1.ads-account.g.a5og6bnunpn8m911rke7gdql""",Cubelelo,279942205262904,BA - Generic - Mid & Low Volume,"=""327104446426115""","SP-KT - Axis - Windmill - Fisher, Cylinder, Kids, Mini, Smart, Pyramid - Open - Mid & Low Volume - Exact & Phrase","=""338572243352605""","PT - Axis, Windmill, Fisher",B0CZ9JH3F5,"Cubelelo Drift Axis (Tiled) 3x3 Magic Cube Puzzle | Unique Shape Mod with Premium Design, Smooth Finish Toy for Intermediate & Advanced Solvers | Toys for Adults & Kids Girls Boys Ages 7-14 Years Old",B0F1YY4MBJ,cubelelo,0300 Games & Puzzles,0307 Non-wooden Puzzles,Toy,1180200,AMAZON_IN,5051,137,2.7123%,996.43,33,13316.14,33,30.19485,0.6533%,13.36385,21,8844.72,21,47.44905,0.4158%,8.87641,12,4471.42,12,,,,,,,,,
INR,"Apr 01, 2026 - Apr 30, 2026","=""amzn1.ads-account.g.a5og6bnunpn8m911rke7gdql""",Cubelelo,279942205262904,BA - Generic - Mid & Low Volume,"=""315451570129574""","SP-KT - Maglev, Mastermorphix, Puppet, Snake, Square1, Megaminx - Open - Mid & Low Volume - Exact & Phrase - UND","=""391120880267490""",Unique - Mid & Low Volume - Exact & Phrase,B0CZ9JH3F5,"Cubelelo Drift Axis (Tiled) 3x3 Magic Cube Puzzle | Unique Shape Mod with Premium Design, Smooth Finish Toy for Intermediate & Advanced Solvers | Toys for Adults & Kids Girls Boys Ages 7-14 Years Old",B0F1YY4MBJ,cubelelo,0300 Games & Puzzles,0307 Non-wooden Puzzles,Toy,1180200,AMAZON_IN,5937,50,0.8422%,268.45,12,5320.97,12,22.37083,0.2021%,19.82108,9,4324.78,9,29.82778,0.1516%,16.11019,3,996.19,3,,,,,,,,,
INR,"Apr 22, 2026 - Apr 22, 2026","=""amzn1.ads-account.g.a5og6bnunpn8m911rke7gdql""",Cubelelo,153505421940411,BA - Competition - Moyu,"=""535209545252680""",SP-KT - Comp - Moyu - Generic - Mid & Low Volume - Exact & Phrase,"=""342757652627825""",Moyu - Generic - Mid & Low Volume,B0CNXSVR8C,Cubelelo Drift 3M Plus v2 3x3 (Magnetic) Speed Cube | Based on MoYu RS3M v5 | Dual-Adjustment System | Speedcube for Kids & Adults | Magic Speedy Stress Buster Brainstorming Puzzle,-1,cubelelo,0300 Games & Puzzles,0307 Non-wooden Puzzles,Toy,1030651gp,AMAZON_IN,1,0,0.0000%,0.00,0,0.00,0,,0.0000%,,0,0.00,0,,0.0000%,,0,0.00,0,,,,,,,,,
INR,"Apr 02, 2026 - Apr 23, 2026","=""amzn1.ads-account.g.a5og6bnunpn8m911rke7gdql""",Cubelelo,153505421940411,BA - Competition - Moyu,"=""535209545252680""",SP-KT - Comp - Moyu - Generic - Mid & Low Volume - Exact & Phrase,"=""544609417584184""",Phrase - Moyu - Generic - Mid & Low Volume,B0CNXSVR8C,Cubelelo Drift 3M Plus v2 3x3 (Magnetic) Speed Cube | Based on MoYu RS3M v5 | Dual-Adjustment System | Speedcube for Kids & Adults | Magic Speedy Stress Buster Brainstorming Puzzle,-1,cubelelo,0300 Games & Puzzles,0307 Non-wooden Puzzles,Toy,1030651gp,AMAZON_IN,14,0,0.0000%,0.00,0,0.00,0,,0.0000%,,0,0.00,0,,0.0000%,,0,0.00,0,,,,,,,,,
INR,"Apr 01, 2026 - Apr 30, 2026","=""amzn1.ads-account.g.a5og6bnunpn8m911rke7gdql""",Cubelelo,279942205262904,BA - Generic - Mid & Low Volume,"=""332675778194131""",SP-KT - Generic - 4x4 - Mid & Low Volume - Exact & Phrase - DO,"=""302493695958815""",Generic - 4x4 - Mid & Low Volume,B09HH8XQ14,Cubelelo Drift 4x4 (Black) Speedcube | Challenging Brain Teaser Puzzle Toy for Kids 7-14 Years Old Boys Girls & Adults All Ages | Fast Speed Cube for Intermediate and Advanced Cubers,B0CBBV1B5T,cubelelo,0300 Games & Puzzles,0307 Non-wooden Puzzles,Toy,1040300,AMAZON_IN,78763,1500,1.9044%,14655.23,302,94285.25,309,48.52725,0.3834%,6.43356,261,82414.84,267,56.15031,0.3314%,5.62358,41,11870.41,42,,,,,,,,,
INR,"Apr 01, 2026 - Apr 30, 2026","=""amzn1.ads-account.g.a5og6bnunpn8m911rke7gdql""",Cubelelo,279942205262904,BA - Generic - Mid & Low Volume,"=""332675778194131""",SP-KT - Generic - 4x4 - Mid & Low Volume - Exact & Phrase - DO,"=""318693646880033""",Phrase - Generic - 4x4 - Mid & Low Volume,B09HH8XQ14,Cubelelo Drift 4x4 (Black) Speedcube | Challenging Brain Teaser Puzzle Toy for Kids 7-14 Years Old Boys Girls & Adults All Ages | Fast Speed Cube for Intermediate and Advanced Cubers,B0CBBV1B5T,cubelelo,0300 Games & Puzzles,0307 Non-wooden Puzzles,Toy,1040300,AMAZON_IN,35680,589,1.6508%,4979.58,84,29716.10,93,59.28071,0.2354%,5.96759,75,23880.86,77,66.39440,0.2102%,4.79576,9,5835.24,16,,,,,,,,,
INR,"Apr 02, 2026 - Apr 30, 2026","=""amzn1.ads-account.g.a5og6bnunpn8m911rke7gdql""",Cubelelo,153505421940411,BA - Competition - Moyu,"=""508041836775444""",SP-KT - Comp - Moyu - Generic - High Volume - Exact,"=""314697139428353""",Moyu - Generic - High Volume,B0CNXSVR8C,Cubelelo Drift 3M Plus v2 3x3 (Magnetic) Speed Cube | Based on MoYu RS3M v5 | Dual-Adjustment System | Speedcube for Kids & Adults | Magic Speedy Stress Buster Brainstorming Puzzle,-1,cubelelo,0300 Games & Puzzles,0307 Non-wooden Puzzles,Toy,1030651gp,AMAZON_IN,15,0,0.0000%,0.00,0,0.00,0,,0.0000%,,0,0.00,0,,0.0000%,,0,0.00,0,,,,,,,,,
INR,"Apr 01, 2026 - Apr 30, 2026","=""amzn1.ads-account.g.a5og6bnunpn8m911rke7gdql""",Cubelelo,279942205262904,BA - Generic - Mid & Low Volume,"=""315451570129574""","SP-KT - Maglev, Mastermorphix, Puppet, Snake, Square1, Megaminx - Open - Mid & Low Volume - Exact & Phrase - UND","=""355780307112522""",Snake - Mid & Low Volume - Exact & Phrase,B0CS6C29ZQ,Cubelelo Magic Snake Rainbow Puzzle Cube (60 Wedges) | Twist and Turn Shape Creation Fun Game for Kids Boys Girls and Adults | Multicolor Brain Teaser Stress Buster Toy | for Ages 3 Years and Above,B0CT8VHGGD,cubelelo,0300 Games & Puzzles,0307 Non-wooden Puzzles,Toy,1310039,AMAZON_IN,5693,69,1.2120%,442.09,10,4084.76,11,44.20900,0.1757%,9.23966,8,3420.00,9,55.26125,0.1405%,7.73598,2,664.76,2,,,,,,,,,
INR,"Apr 01, 2026 - Apr 28, 2026","=""amzn1.ads-account.g.a5og6bnunpn8m911rke7gdql""",Cubelelo,162147707583156,BA - Branded - Cubelelo,"=""329970929951347""",SP-KT - Branded - Cubelelo - Mid & Low Volume - Exact & Phrase - UND,"=""463035025528262""",Timer,B0BZL1B44T,Cubelelo Drift Timer & Discovery Mat Combo For Speedcubing | Competition Timer With Super Sensitive Touch Pad Anti-Slippery Cubing Mat | Sturdy & Cube Accessories For Cubers,B0CXY8QKHN,cubelelo,,,Home,CLB0127_EAN,AMAZON_IN,10,0,0.0000%,0.00,0,0.00,0,,0.0000%,,0,0.00,0,,0.0000%,,0,0.00,0,,,,,,,,,
INR,"Apr 01, 2026 - Apr 30, 2026","=""amzn1.ads-account.g.a5og6bnunpn8m911rke7gdql""",Cubelelo,162147707583156,BA - Branded - Cubelelo,"=""343328245514155""",BA - SP PT - Cube Timer - Brand - ST,"=""544745524853066""",Cube timer_ST,B0BZL1B44T,Cubelelo Drift Timer & Discovery Mat Combo For Speedcubing | Competition Timer With Super Sensitive Touch Pad Anti-Slippery Cubing Mat | Sturdy & Cube Accessories For Cubers,B0CXY8QKHN,cubelelo,,,Home,CLB0127_EAN,AMAZON_IN,2660,83,3.1203%,515.24,8,9549.54,8,64.40500,0.3008%,18.53416,6,8851.44,6,85.87333,0.2256%,17.17926,2,698.10,2,,,,,,,,,
INR,"Apr 01, 2026 - Apr 30, 2026","=""amzn1.ads-account.g.a5og6bnunpn8m911rke7gdql""",Cubelelo,279942205262904,BA - Generic - Mid & Low Volume,"=""405383753413943""","SP-KT - Lube Combo, Magic, Pyraminx, Skewb, Stand, Timer, Gear - Open - Mid & Low Volume - Exact & Phrase","=""350064977792250""",Timer - Mid & Low Volume - Exact & Phrase,B0BZL1B44T,Cubelelo Drift Timer & Discovery Mat Combo For Speedcubing | Competition Timer With Super Sensitive Touch Pad Anti-Slippery Cubing Mat | Sturdy & Cube Accessories For Cubers,B0CXY8QKHN,cubelelo,,,Home,CLB0127_EAN,AMAZON_IN,3614,49,1.3558%,216.35,4,5457.63,4,54.08750,0.1107%,25.22593,2,2935.73,2,108.17500,0.0553%,13.56936,2,2521.90,2,,,,,,,,,
INR,"Apr 02, 2026 - Apr 28, 2026","=""amzn1.ads-account.g.a5og6bnunpn8m911rke7gdql""",Cubelelo,108066094626813,BA - Generic - Extremely High Volume,"=""530532259196935""","SP-KT - Megaminx, Pyramid, Timer & Gear - Open - High Volume - Exact","=""515308926056437""",Timer - High Volume SKAG,B0BZL1B44T,Cubelelo Drift Timer & Discovery Mat Combo For Speedcubing | Competition Timer With Super Sensitive Touch Pad Anti-Slippery Cubing Mat | Sturdy & Cube Accessories For Cubers,B0CXY8QKHN,cubelelo,,,Home,CLB0127_EAN,AMAZON_IN,4,0,0.0000%,0.00,0,0.00,0,,0.0000%,,0,0.00,0,,0.0000%,,0,0.00,0,,,,,,,,,
INR,"Apr 02, 2026 - Apr 02, 2026","=""amzn1.ads-account.g.a5og6bnunpn8m911rke7gdql""",Cubelelo,153616914906061,Old - GAN Cube Campaigns All,"=""489604592702272""",BA_SP_KT_Gan 3x3_Generic_Phrase_09/23,"=""301678064380383""",Gan 3x3,B0D3PS6Q1S,"Cubelelo All Ages Gan 356 Me 3X3 (Magnetic) Speedcube | Gan 356 Me | Latest Version Of Gan 356 M | Honeycomb Design, Multiple Adjustable Settings & New Magnetic Capsule | Speed Cube For All Levels",B0D63FCHH4,cubelelo,0600 Infants/Preschool,0627 All Other Infant Toys,Toy,1030507,AMAZON_IN,1,0,0.0000%,0.00,0,0.00,0,,0.0000%,,0,0.00,0,,0.0000%,,0,0.00,0,,,,,,,,,
INR,"Apr 04, 2026 - Apr 30, 2026","=""amzn1.ads-account.g.a5og6bnunpn8m911rke7gdql""",Cubelelo,279942205262904,BA - Generic - Mid & Low Volume,"=""405383753413943""","SP-KT - Lube Combo, Magic, Pyraminx, Skewb, Stand, Timer, Gear - Open - Mid & Low Volume - Exact & Phrase","=""529078608813302""",Stand - Mid & Low Volume - Exact & Phrase,B0DJ5CMDY1,Cubelelo Drift 3x3 Stickerless Speed Cube with Cube Lubricant and Stand Combo | High-Performance | Smooth Turning & Durable | Ideal for Beginners & Pros | Suitable for Kids & Adults,B0DJ5FTR8Z,cubelelo,0300 Games & Puzzles,0330 Brainteasers,Toy,1460594,AMAZON_IN,48,1,2.0833%,1.11,0,0.00,0,,0.0000%,0.00000,0,0.00,0,,0.0000%,0.00000,0,0.00,0,,,,,,,,,
INR,"Apr 01, 2026 - Apr 30, 2026","=""amzn1.ads-account.g.a5og6bnunpn8m911rke7gdql""",Cubelelo,106276615587889,BA - Wooden Toys,"=""514205760335996""",SP-KT - Montessori Slide Four Colour Puzzle - Mid & Low Volume - Exact,"=""297202938929171""",KT - Colour stack,B0C17348FD,Cubelelo Drift Montessori Slide Four Colour Puzzle Game | Educational Wooden Toy for Kids | Color & Shape Matching Brain Teaser for Ages 3-7 | Preschool Learning Toy for Boys & Girls,-1,cubelelo,1800 Learning & Exploration,1817 Educational Toys,Toy,4001050,AMAZON_IN,764,5,0.6545%,60.36,0,0.00,0,,0.0000%,0.00000,0,0.00,0,,0.0000%,0.00000,0,0.00,0,,,,,,,,,
INR,"Apr 04, 2026 - Apr 30, 2026","=""amzn1.ads-account.g.a5og6bnunpn8m911rke7gdql""",Cubelelo,215664054810032,BA - Number Sliding Puzzle,"=""487445557152955""",SP - PT - 4x4 Number Sliding Puzzle - Competition,"=""311373567312843""",SP PT,B0C17348FD,Cubelelo Drift Montessori Slide Four Colour Puzzle Game | Educational Wooden Toy for Kids | Color & Shape Matching Brain Teaser for Ages 3-7 | Preschool Learning Toy for Boys & Girls,-1,cubelelo,1800 Learning & Exploration,1817 Educational Toys,Toy,4001050,AMAZON_IN,1,0,0.0000%,0.00,0,0.00,0,,0.0000%,,0,0.00,0,,0.0000%,,0,0.00,0,,,,,,,,,
INR,"Apr 01, 2026 - Apr 30, 2026","=""amzn1.ads-account.g.a5og6bnunpn8m911rke7gdql""",Cubelelo,279942205262904,BA - Generic - Mid & Low Volume,"=""498287583816355""","SP-KT - Generic - 5x5, 6x6, 7x7, Keychain - Mid & Low Volume - Exact & Phrase","=""488567764457494""",Generic - Keychain - Low Volume,B0D9SHQ58C,Cubelelo Drift Keychain 3x3 (Stickered) Cube Pack of 5 | Mini Speed Cube | Portable & Fun | Suitable for All Ages | Great Gift Idea,B0D9VS131F,cubelelo,7500 Car & Truck Parts,7599 Uncategorized,Automotive,CLB0240,AMAZON_IN,670,7,1.0448%,30.94,0,0.00,0,,0.0000%,0.00000,0,0.00,0,,0.0000%,0.00000,0,0.00,0,,,,,,,,,
INR,"Apr 01, 2026 - Apr 30, 2026","=""amzn1.ads-account.g.a5og6bnunpn8m911rke7gdql""",Cubelelo,279942205262904,BA - Generic - Mid & Low Volume,"=""327104446426115""","SP-KT - Axis - Windmill - Fisher, Cylinder, Kids, Mini, Smart, Pyramid - Open - Mid & Low Volume - Exact & Phrase","=""528810430432085""",Mini - Mid & Low Volume - Exact & Phrase,B0D9SHQ58C,Cubelelo Drift Keychain 3x3 (Stickered) Cube Pack of 5 | Mini Speed Cube | Portable & Fun | Suitable for All Ages | Great Gift Idea,B0D9VS131F,cubelelo,7500 Car & Truck Parts,7599 Uncategorized,Automotive,CLB0240,AMAZON_IN,3189,33,1.0348%,144.30,1,270.48,1,144.30000,0.0314%,1.87443,1,270.48,1,144.30000,0.0314%,1.87443,0,0.00,0,,,,,,,,,
INR,"Apr 01, 2026 - Apr 30, 2026","=""amzn1.ads-account.g.a5og6bnunpn8m911rke7gdql""",Cubelelo,215664054810032,BA - Number Sliding Puzzle,"=""439881614291142""",SP - KT - 4x4 Number Sliding Puzzle - Mid & Low Volume - Phrase and BMM,"=""477869615967999""",Generic Number Puzzle,B0C17348FD,Cubelelo Drift Montessori Slide Four Colour Puzzle Game | Educational Wooden Toy for Kids | Color & Shape Matching Brain Teaser for Ages 3-7 | Preschool Learning Toy for Boys & Girls,-1,cubelelo,1800 Learning & Exploration,1817 Educational Toys,Toy,4001050,AMAZON_IN,3750,31,0.8267%,335.52,0,0.00,0,,0.0000%,0.00000,0,0.00,0,,0.0000%,0.00000,0,0.00,0,,,,,,,,,
INR,"Apr 01, 2026 - Apr 30, 2026","=""amzn1.ads-account.g.a5og6bnunpn8m911rke7gdql""",Cubelelo,162147707583156,BA - Branded - Cubelelo,"=""505382113206749""",SB-KT | All Products | Brand | Store | CPC | Phrase & Exact,"=""497483968325206""",Ad group - 3/9/2024 16:53:08.570,,,,,,,,,,181084,4855,2.6811%,21187.58,490,164390.45,509,43.23996,0.2706%,7.75881,463,153050.49,481,45.76151,0.2557%,7.22360,27,11339.96,28,362,124840.62,381,58.52923,0.1999%,5.89216,9395,2.25520,5.1882%
INR,"Apr 01, 2026 - Apr 30, 2026","=""amzn1.ads-account.g.a5og6bnunpn8m911rke7gdql""",Cubelelo,224382981785530,BA - SB New Restructure campaigns.,"=""334124855453438""","SBSL-KT - Generic - 2x2, 3x3, 4x4, 5x5, 6x6, 7x7 - Exact","=""429908011542855""",Generic - 3x3,,,,,,,,,,1817,66,3.6324%,214.67,2,759.05,2,107.33500,0.1101%,3.53589,2,759.05,2,107.33500,0.1101%,3.53589,0,0.00,0,1,188.57,1,214.67000,0.0550%,0.87842,117,1.83479,6.4392%
INR,"Apr 01, 2026 - Apr 30, 2026","=""amzn1.ads-account.g.a5og6bnunpn8m911rke7gdql""",Cubelelo,215664054810032,BA - Number Sliding Puzzle,"=""285100935665485""",SBV-KT - Generic - Number Sliding Puzzle - More than 1L Searches - Exact,"=""366169976798877""",Video - Number Sliding Puzzle,,,,,,,,,,64269,590,0.9180%,5475.21,112,29414.24,113,48.88580,0.1743%,5.37226,109,28180.90,110,50.23128,0.1696%,5.14700,3,1233.34,3,107,28133.29,108,51.17019,0.1665%,5.13830,934,5.86211,1.4533%
INR,"Apr 01, 2026 - Apr 30, 2026","=""amzn1.ads-account.g.a5og6bnunpn8m911rke7gdql""",Cubelelo,279431566595154,Paused SB Campaigns - Old,"=""342892756369405""",BA_SBV_KT_3x3 Cube Generic _Magnetic_Phrase_4/24,"=""367878248809390""",Magnetic Cube 3x3,,,,,,,,,,4456,82,1.8402%,1295.70,18,6614.31,19,71.98333,0.4039%,5.10482,11,5120.04,12,117.79091,0.2469%,3.95156,7,1494.27,7,16,6018.12,17,80.98125,0.3591%,4.64469,246,5.26707,5.5206%
INR,"Apr 03, 2026 - Apr 21, 2026","=""amzn1.ads-account.g.a5og6bnunpn8m911rke7gdql""",Cubelelo,224382981785530,BA - SB New Restructure campaigns.,"=""294777906047039""",SBSL-KT - Generic - Open - High & Mid Volume - Exact,"=""528089263509420""",High Volume -  Exact,,,,,,,,,,95,0,0.0000%,0.00,0,0.00,0,,0.0000%,,0,0.00,0,,0.0000%,,0,0.00,0,0,0.00,0,,0.0000%,,0,,0.0000%
INR,"Apr 01, 2026 - Apr 30, 2026","=""amzn1.ads-account.g.a5og6bnunpn8m911rke7gdql""",Cubelelo,224382981785530,BA - SB New Restructure campaigns.,"=""299103076353766""","SBSL-KT - Megaminx, Pyramid, Timer & Gear - Open - Exact","=""283434224733733""",Megaminx,,,,,,,,,,10785,326,3.0227%,984.27,32,15040.98,32,30.75844,0.2967%,15.28136,28,13244.80,28,35.15250,0.2596%,13.45647,4,1796.18,4,20,9244.79,20,49.21350,0.1854%,9.39254,672,1.46469,6.2309%
INR,"Apr 01, 2026 - Apr 30, 2026","=""amzn1.ads-account.g.a5og6bnunpn8m911rke7gdql""",Cubelelo,224382981785530,BA - SB New Restructure campaigns.,"=""334124855453438""","SBSL-KT - Generic - 2x2, 3x3, 4x4, 5x5, 6x6, 7x7 - Exact","=""347081244847252""",Generic - 5x5,,,,,,,,,,231,1,0.4329%,2.19,0,0.00,0,,0.0000%,0.00000,0,0.00,0,,0.0000%,0.00000,0,0.00,0,0,0.00,0,,0.0000%,0.00000,0,,0.0000%
INR,"Apr 01, 2026 - Apr 30, 2026","=""amzn1.ads-account.g.a5og6bnunpn8m911rke7gdql""",Cubelelo,224382981785530,BA - SB New Restructure campaigns.,"=""334124855453438""","SBSL-KT - Generic - 2x2, 3x3, 4x4, 5x5, 6x6, 7x7 - Exact","=""369193468972636""",Generic - 6x6,,,,,,,,,,643,22,3.4215%,55.06,2,1330.48,2,27.53000,0.3110%,24.16419,2,1330.48,2,27.53000,0.3110%,24.16419,0,0.00,0,2,1330.48,2,27.53000,0.3110%,24.16419,56,0.98321,8.7092%
INR,"Apr 01, 2026 - Apr 30, 2026","=""amzn1.ads-account.g.a5og6bnunpn8m911rke7gdql""",Cubelelo,279431566595154,Paused SB Campaigns - Old,"=""302256792673586""",BA_SBV_KT_3x3 Cube Generic _Generic_Phrase_7/24,"=""495270982862202""",ROS,,,,,,,,,,136,2,1.4706%,7.62,0,0.00,0,,0.0000%,0.00000,0,0.00,0,,0.0000%,0.00000,0,0.00,0,0,0.00,0,,0.0000%,0.00000,8,0.95250,5.8824%
INR,"Apr 01, 2026 - Apr 30, 2026","=""amzn1.ads-account.g.a5og6bnunpn8m911rke7gdql""",Cubelelo,224382981785530,BA - SB New Restructure campaigns.,"=""415753023796479""","SBSL-KT - Mirror, Infinity & Combo - Open - Exact","=""431711332516830""",Mirror,,,,,,,,,,8228,114,1.3855%,397.80,8,2523.81,8,49.72500,0.0972%,6.34442,8,2523.81,8,49.72500,0.0972%,6.34442,0,0.00,0,5,1632.38,5,79.56000,0.0608%,4.10352,359,1.10808,4.3632%
INR,"Apr 01, 2026 - Apr 30, 2026","=""amzn1.ads-account.g.a5og6bnunpn8m911rke7gdql""",Cubelelo,162147707583156,BA - Branded - Cubelelo,"=""497445504821486""",BA_SBV_KT_3x3 Cube _Brand_Phrase,"=""314412296912727""",SBV - ROS - Phrase,,,,,,,,,,2473,76,3.0732%,1816.92,15,4806.68,15,121.12800,0.6066%,2.64551,14,4550.49,14,129.78000,0.5661%,2.50451,1,256.19,1,11,4361.92,11,165.17455,0.4448%,2.40072,350,5.19120,14.1529%
INR,"Apr 01, 2026 - Apr 30, 2026","=""amzn1.ads-account.g.a5og6bnunpn8m911rke7gdql""",Cubelelo,162147707583156,BA - Branded - Cubelelo,"=""497445504821486""",BA_SBV_KT_3x3 Cube _Brand_Phrase,"=""431745662903515""",SBV - TOS - PH,,,,,,,,,,4176,241,5.7711%,639.56,42,17801.90,42,15.22762,1.0057%,27.83461,36,14479.05,36,17.76556,0.8621%,22.63908,6,3322.85,6,26,10938.10,26,24.59846,0.6226%,17.10254,898,0.71220,21.5038%
INR,"Apr 01, 2026 - Apr 30, 2026","=""amzn1.ads-account.g.a5og6bnunpn8m911rke7gdql""",Cubelelo,224382981785530,BA - SB New Restructure campaigns.,"=""334124855453438""","SBSL-KT - Generic - 2x2, 3x3, 4x4, 5x5, 6x6, 7x7 - Exact","=""291290782526935""",Generic - 4x4,,,,,,,,,,7647,234,3.0600%,1243.50,20,5978.06,23,62.17500,0.2615%,4.80745,19,5789.49,22,65.44737,0.2485%,4.65580,1,188.57,1,15,4067.60,15,82.90000,0.1962%,3.27109,361,3.44460,4.7208%
INR,"Apr 01, 2026 - Apr 02, 2026","=""amzn1.ads-account.g.a5og6bnunpn8m911rke7gdql""",Cubelelo,108066094626813,BA - Generic - Extremely High Volume,"=""327982142730826""",SBV-KT - ROS - Generic - Cube - Exact - High & Mid Vol,"=""533424704100385""",High Vol,,,,,,,,,,0,0,,0.00,0,0.00,0,,,,0,0.00,0,,,,0,0.00,0,0,0.00,0,,,,0,,
INR,"Apr 01, 2026 - Apr 30, 2026","=""amzn1.ads-account.g.a5og6bnunpn8m911rke7gdql""",Cubelelo,224382981785530,BA - SB New Restructure campaigns.,"=""415753023796479""","SBSL-KT - Mirror, Infinity & Combo - Open - Exact","=""302076672881646""",Combo,,,,,,,,,,3256,73,2.2420%,226.64,5,1994.29,5,45.32800,0.1536%,8.79937,4,1805.72,4,56.66000,0.1229%,7.96735,1,188.57,1,4,1614.29,4,56.66000,0.1229%,7.12271,125,1.81312,3.8391%
INR,"Apr 01, 2026 - Apr 30, 2026","=""amzn1.ads-account.g.a5og6bnunpn8m911rke7gdql""",Cubelelo,224382981785530,BA - SB New Restructure campaigns.,"=""294777906047039""",SBSL-KT - Generic - Open - High & Mid Volume - Exact,"=""356079961127467""",Mid - Exact,,,,,,,,,,281,7,2.4911%,18.85,0,0.00,0,,0.0000%,0.00000,0,0.00,0,,0.0000%,0.00000,0,0.00,0,0,0.00,0,,0.0000%,0.00000,8,2.35625,2.8470%
INR,"Apr 01, 2026 - Apr 30, 2026","=""amzn1.ads-account.g.a5og6bnunpn8m911rke7gdql""",Cubelelo,44034571834589,BA - SD Campaigns,"=""403022595429362""",BA_SD_Category Targeting_VR_All Products_5/24,"=""483093739067840""",VR,B0DRVQVFJB,,,,,,,1030604,AMAZON_IN,0,0,,0.00,2,853.34,2,0.00000,,,2,853.34,2,0.00000,,,0,0.00,0,0,0.00,0,,,,47,0.00000,
INR,"Apr 01, 2026 - Apr 30, 2026","=""amzn1.ads-account.g.a5og6bnunpn8m911rke7gdql""",Cubelelo,224382981785530,BA - SB New Restructure campaigns.,"=""299103076353766""","SBSL-KT - Megaminx, Pyramid, Timer & Gear - Open - Exact","=""380303889693545""",Timer,,,,,,,,,,9257,660,7.1297%,1372.93,32,15057.16,32,42.90406,0.3457%,10.96717,23,11523.83,23,59.69261,0.2485%,8.39360,9,3533.33,9,13,5443.82,13,105.61000,0.1404%,3.96511,775,1.77152,8.3720%
INR,"Apr 01, 2026 - Apr 30, 2026","=""amzn1.ads-account.g.a5og6bnunpn8m911rke7gdql""",Cubelelo,279431566595154,Paused SB Campaigns - Old,"=""549329631989436""",BA_SB - Generic_Magnetic Cube_Phrase_7/24,"=""506069636435611""",Generic Magnetic Cube,,,,,,,,,,543330,996,0.1833%,9589.99,56,19580.01,56,171.24982,0.0103%,2.04171,52,18748.59,52,184.42288,0.0096%,1.95502,4,831.42,4,34,11500.01,34,282.05853,0.0063%,1.19917,2149,4.46254,0.3955%
INR,"Apr 02, 2026 - Apr 29, 2026","=""amzn1.ads-account.g.a5og6bnunpn8m911rke7gdql""",Cubelelo,215664054810032,BA - Number Sliding Puzzle,"=""368850028288804""",SBV-KT - Number Sliding Puzzle - Generic - BMM,"=""364214731614766""",SBV-KT - Number Sliding Puzzle - Generic - BMM,,,,,,,,,,66,0,0.0000%,0.00,0,0.00,0,,0.0000%,,0,0.00,0,,0.0000%,,0,0.00,0,0,0.00,0,,0.0000%,,0,,0.0000%
INR,"Apr 01, 2026 - Apr 30, 2026","=""amzn1.ads-account.g.a5og6bnunpn8m911rke7gdql""",Cubelelo,224382981785530,BA - SB New Restructure campaigns.,"=""299103076353766""","SBSL-KT - Megaminx, Pyramid, Timer & Gear - Open - Exact","=""368382737142762""",Gear,,,,,,,,,,3638,166,4.5629%,474.71,26,9793.34,27,18.25808,0.7147%,20.63015,24,9272.39,25,19.77958,0.6597%,19.53275,2,520.95,2,15,6202.86,16,31.64733,0.4123%,13.06663,361,1.31499,9.9230%
INR,"Apr 01, 2026 - Apr 30, 2026","=""amzn1.ads-account.g.a5og6bnunpn8m911rke7gdql""",Cubelelo,215664054810032,BA - Number Sliding Puzzle,"=""305807850584699""",SBV-KT - ROS - Number Sliding Puzzle - Generic - Exact,"=""369471270492532""",Number Sliding Puzzle,,,,,,,,,,95303,1321,1.3861%,11170.02,112,31686.63,121,99.73232,0.1175%,2.83676,98,26899.95,107,113.97980,0.1028%,2.40823,14,4786.68,14,96,26960.92,102,116.35438,0.1007%,2.41369,2572,4.34293,2.6988%
INR,"Apr 01, 2026 - Apr 30, 2026","=""amzn1.ads-account.g.a5og6bnunpn8m911rke7gdql""",Cubelelo,224382981785530,BA - SB New Restructure campaigns.,"=""299103076353766""","SBSL-KT - Megaminx, Pyramid, Timer & Gear - Open - Exact","=""367392159603994""",Pyramid,,,,,,,,,,3507,167,4.7619%,809.86,13,4134.28,13,62.29692,0.3707%,5.10493,13,4134.28,13,62.29692,0.3707%,5.10493,0,0.00,0,5,1486.66,5,161.97200,0.1426%,1.83570,261,3.10291,7.4423%
INR,"Apr 01, 2026 - Apr 30, 2026","=""amzn1.ads-account.g.a5og6bnunpn8m911rke7gdql""",Cubelelo,224382981785530,BA - SB New Restructure campaigns.,"=""334124855453438""","SBSL-KT - Generic - 2x2, 3x3, 4x4, 5x5, 6x6, 7x7 - Exact","=""533267236004239""",Generic - 2x2,,,,,,,,,,733,26,3.5471%,87.16,5,1878.10,5,17.43200,0.6821%,21.54773,5,1878.10,5,17.43200,0.6821%,21.54773,0,0.00,0,3,976.19,3,29.05333,0.4093%,11.19998,81,1.07605,11.0505%
INR,"Apr 01, 2026 - Apr 30, 2026","=""amzn1.ads-account.g.a5og6bnunpn8m911rke7gdql""",Cubelelo,224382981785530,BA - SB New Restructure campaigns.,"=""415753023796479""","SBSL-KT - Mirror, Infinity & Combo - Open - Exact","=""515160219947373""",Infinity,,,,,,,,,,573,7,1.2216%,17.99,0,0.00,0,,0.0000%,0.00000,0,0.00,0,,0.0000%,0.00000,0,0.00,0,0,0.00,0,,0.0000%,0.00000,3,5.99667,0.5236%
INR,"Apr 01, 2026 - Apr 30, 2026","=""amzn1.ads-account.g.a5og6bnunpn8m911rke7gdql""",Cubelelo,279942205262904,BA - Generic - Mid & Low Volume,"=""327104446426115""","SP-KT - Axis - Windmill - Fisher, Cylinder, Kids, Mini, Smart, Pyramid - Open - Mid & Low Volume - Exact & Phrase","=""528810430432085""",Mini - Mid & Low Volume - Exact & Phrase,B09B7556K2,Cubelelo Drift Mini 3x3 Keychain Combo (Pack of 2) Magic Cube Puzzle | Portable Speedcube Set for Kids & Adults | Fun & Durable Keychain Cubes | Perfect On-the-Go Puzzle,-1,cubelelo,0300 Games & Puzzles,0307 Non-wooden Puzzles,Toy,CLB0096,AMAZON_IN,2820,25,0.8865%,100.03,0,0.00,0,,0.0000%,0.00000,0,0.00,0,,0.0000%,0.00000,0,0.00,0,,,,,,,,,
INR,"Apr 01, 2026 - Apr 30, 2026","=""amzn1.ads-account.g.a5og6bnunpn8m911rke7gdql""",Cubelelo,279942205262904,BA - Generic - Mid & Low Volume,"=""498287583816355""","SP-KT - Generic - 5x5, 6x6, 7x7, Keychain - Mid & Low Volume - Exact & Phrase","=""488567764457494""",Generic - Keychain - Low Volume,B09B7556K2,Cubelelo Drift Mini 3x3 Keychain Combo (Pack of 2) Magic Cube Puzzle | Portable Speedcube Set for Kids & Adults | Fun & Durable Keychain Cubes | Perfect On-the-Go Puzzle,-1,cubelelo,0300 Games & Puzzles,0307 Non-wooden Puzzles,Toy,CLB0096,AMAZON_IN,415,2,0.4819%,8.21,0,0.00,0,,0.0000%,0.00000,0,0.00,0,,0.0000%,0.00000,0,0.00,0,,,,,,,,,
INR,"Apr 01, 2026 - Apr 11, 2026","=""amzn1.ads-account.g.a5og6bnunpn8m911rke7gdql""",Cubelelo,162147707583156,BA - Branded - Cubelelo,"=""408832603271930""",BA_SP_KT_Brand Drift (3x3)_Phrase_09/23,"=""462288077097605""",Brand Drift (3x3),B0CJMDL3V8,"Cubelelo Drift 3M 3X3 Magnetic Speedcube & Premium Cube Lubricant Combo | Drift 3M Features 48 Precision Magnets| Ultra Smooth Buttery Turns | The Perfect Kit For Fast, Precise Solving!, Kids",B0DQPD175T,cubelelo,0300 Games & Puzzles,0307 Non-wooden Puzzles,Toy,CLB0501,AMAZON_IN,5,0,0.0000%,0.00,0,0.00,0,,0.0000%,,0,0.00,0,,0.0000%,,0,0.00,0,,,,,,,,,
INR,"Apr 03, 2026 - Apr 17, 2026","=""amzn1.ads-account.g.a5og6bnunpn8m911rke7gdql""",Cubelelo,279942205262904,BA - Generic - Mid & Low Volume,"=""405383753413943""","SP-KT - Lube Combo, Magic, Pyraminx, Skewb, Stand, Timer, Gear - Open - Mid & Low Volume - Exact & Phrase","=""387936063231496""",Lube Combo - Mid & Low Volume - Exact & Phrase,B0CJMDL3V8,"Cubelelo Drift 3M 3X3 Magnetic Speedcube & Premium Cube Lubricant Combo | Drift 3M Features 48 Precision Magnets| Ultra Smooth Buttery Turns | The Perfect Kit For Fast, Precise Solving!, Kids",B0DQPD175T,cubelelo,0300 Games & Puzzles,0307 Non-wooden Puzzles,Toy,CLB0501,AMAZON_IN,4,0,0.0000%,0.00,0,0.00,0,,0.0000%,,0,0.00,0,,0.0000%,,0,0.00,0,,,,,,,,,
INR,"Apr 12, 2026 - Apr 12, 2026","=""amzn1.ads-account.g.a5og6bnunpn8m911rke7gdql""",Cubelelo,182829498693993,BA - Competition - GAN,"=""287167733706633""",SP-KT - Comp - GAN - Generic - High Volume - Exact,"=""497061644898658""",Gan - Generic - High Volume,B0DQQ314PV,Cubelelo GAN 356 ME (v2-Frosted) 3x3 Magnetic Speed Cube | New Version | Premium Smooth Turning Puzzle for Speedcubing | Fast & Stable Competition-Ready Cube for Beginners & Professionals,B0DX26WL82,cubelelo,0300 Games & Puzzles,0307 Non-wooden Puzzles,Toy,1030538,AMAZON_IN,1,0,0.0000%,0.00,0,0.00,0,,0.0000%,,0,0.00,0,,0.0000%,,0,0.00,0,,,,,,,,,
INR,"Apr 05, 2026 - Apr 17, 2026","=""amzn1.ads-account.g.a5og6bnunpn8m911rke7gdql""",Cubelelo,182829498693993,BA - Competition - GAN,"=""548052105782309""",SP-KT - Comp - GAN - 3x3 - High Volume - Exact,"=""489910891681991""",Gan - 3x3 - High Volume,B0DQQ314PV,Cubelelo GAN 356 ME (v2-Frosted) 3x3 Magnetic Speed Cube | New Version | Premium Smooth Turning Puzzle for Speedcubing | Fast & Stable Competition-Ready Cube for Beginners & Professionals,B0DX26WL82,cubelelo,0300 Games & Puzzles,0307 Non-wooden Puzzles,Toy,1030538,AMAZON_IN,2,0,0.0000%,0.00,0,0.00,0,,0.0000%,,0,0.00,0,,0.0000%,,0,0.00,0,,,,,,,,,
INR,"Apr 01, 2026 - Apr 25, 2026","=""amzn1.ads-account.g.a5og6bnunpn8m911rke7gdql""",Cubelelo,182829498693993,BA - Competition - GAN,"=""303138629347007""",SP-KT - Comp - GAN - Generic - Mid & Low Volume - Exact & Phrase,"=""432248665340700""",Phrase - Gan - Generic - Mid & Low Volume,B0DQQ314PV,Cubelelo GAN 356 ME (v2-Frosted) 3x3 Magnetic Speed Cube | New Version | Premium Smooth Turning Puzzle for Speedcubing | Fast & Stable Competition-Ready Cube for Beginners & Professionals,B0DX26WL82,cubelelo,0300 Games & Puzzles,0307 Non-wooden Puzzles,Toy,1030538,AMAZON_IN,18,0,0.0000%,0.00,0,0.00,0,,0.0000%,,0,0.00,0,,0.0000%,,0,0.00,0,,,,,,,,,
INR,"Apr 08, 2026 - Apr 13, 2026","=""amzn1.ads-account.g.a5og6bnunpn8m911rke7gdql""",Cubelelo,182829498693993,BA - Competition - GAN,"=""303138629347007""",SP-KT - Comp - GAN - Generic - Mid & Low Volume - Exact & Phrase,"=""439855833331529""",Gan - Generic - Mid & Low Volume,B0DQQ314PV,Cubelelo GAN 356 ME (v2-Frosted) 3x3 Magnetic Speed Cube | New Version | Premium Smooth Turning Puzzle for Speedcubing | Fast & Stable Competition-Ready Cube for Beginners & Professionals,B0DX26WL82,cubelelo,0300 Games & Puzzles,0307 Non-wooden Puzzles,Toy,1030538,AMAZON_IN,3,0,0.0000%,0.00,0,0.00,0,,0.0000%,,0,0.00,0,,0.0000%,,0,0.00,0,,,,,,,,,
INR,"Apr 01, 2026 - Apr 27, 2026","=""amzn1.ads-account.g.a5og6bnunpn8m911rke7gdql""",Cubelelo,162147707583156,BA - Branded - Cubelelo,"=""329970929951347""",SP-KT - Branded - Cubelelo - Mid & Low Volume - Exact & Phrase - UND,"=""463035025528262""",Timer,B0D9M7YY95,Cubelelo Drift Timer and AstroCuber Mat Combo | Precision Speed Cubing Timer & Premium Non-Slip Mat | Enhance Your Cubing Performance | Ideal for All Ages & Skill Levels,-1,cubelelo,0300 Games & Puzzles,0301 Family Board / Action,Toy,CLB0238,AMAZON_IN,95,1,1.0526%,4.11,0,0.00,0,,0.0000%,0.00000,0,0.00,0,,0.0000%,0.00000,0,0.00,0,,,,,,,,,
INR,"Apr 24, 2026 - Apr 25, 2026","=""amzn1.ads-account.g.a5og6bnunpn8m911rke7gdql""",Cubelelo,108066094626813,BA - Generic - Extremely High Volume,"=""530532259196935""","SP-KT - Megaminx, Pyramid, Timer & Gear - Open - High Volume - Exact","=""515308926056437""",Timer - High Volume SKAG,B0D9M7YY95,Cubelelo Drift Timer and AstroCuber Mat Combo | Precision Speed Cubing Timer & Premium Non-Slip Mat | Enhance Your Cubing Performance | Ideal for All Ages & Skill Levels,-1,cubelelo,0300 Games & Puzzles,0301 Family Board / Action,Toy,CLB0238,AMAZON_IN,3,0,0.0000%,0.00,0,0.00,0,,0.0000%,,0,0.00,0,,0.0000%,,0,0.00,0,,,,,,,,,
INR,"Apr 01, 2026 - Apr 30, 2026","=""amzn1.ads-account.g.a5og6bnunpn8m911rke7gdql""",Cubelelo,162147707583156,BA - Branded - Cubelelo,"=""343328245514155""",BA - SP PT - Cube Timer - Brand - ST,"=""544745524853066""",Cube timer_ST,B0D9M7YY95,Cubelelo Drift Timer and AstroCuber Mat Combo | Precision Speed Cubing Timer & Premium Non-Slip Mat | Enhance Your Cubing Performance | Ideal for All Ages & Skill Levels,-1,cubelelo,0300 Games & Puzzles,0301 Family Board / Action,Toy,CLB0238,AMAZON_IN,3070,36,1.1726%,215.77,4,4662.86,4,53.94250,0.1303%,21.61033,3,4187.62,3,71.92333,0.0977%,19.40780,1,475.24,1,,,,,,,,,
INR,"Apr 01, 2026 - Apr 30, 2026","=""amzn1.ads-account.g.a5og6bnunpn8m911rke7gdql""",Cubelelo,279942205262904,BA - Generic - Mid & Low Volume,"=""405383753413943""","SP-KT - Lube Combo, Magic, Pyraminx, Skewb, Stand, Timer, Gear - Open - Mid & Low Volume - Exact & Phrase","=""350064977792250""",Timer - Mid & Low Volume - Exact & Phrase,B0D9M7YY95,Cubelelo Drift Timer and AstroCuber Mat Combo | Precision Speed Cubing Timer & Premium Non-Slip Mat | Enhance Your Cubing Performance | Ideal for All Ages & Skill Levels,-1,cubelelo,0300 Games & Puzzles,0301 Family Board / Action,Toy,CLB0238,AMAZON_IN,2251,19,0.8441%,140.25,1,1475.24,1,140.25000,0.0444%,10.51865,1,1475.24,1,140.25000,0.0444%,10.51865,0,0.00,0,,,,,,,,,
INR,"Apr 01, 2026 - Apr 30, 2026","=""amzn1.ads-account.g.a5og6bnunpn8m911rke7gdql""",Cubelelo,106276615587889,BA - Wooden Toys,"=""390890417285743""","SP-CT - Low ASP Cube - Brain Teasers, Framed Puzzles, Pegged Puzzles, Sudoku Puzzles, Floor Puzzles, Learning & Education","=""426976377672780""",Sudoku Puzzles,B08H88N2N9,Cubelelo Drift Warrior 3x3 Stickerless Cube | Beginner Speedcube for Kids Boys Girls Above 3 4 5 6 Years Old & Above | Magic Puzzle Toy | Durable & Smooth Cube with Anti-Pop Design 3 3,B0F18TBS19,cubelelo,0300 Games & Puzzles,0307 Non-wooden Puzzles,Toy,1030500,AMAZON_IN,1392,13,0.9339%,56.03,3,565.71,3,18.67667,0.2155%,10.09656,2,377.14,2,28.01500,0.1437%,6.73104,1,188.57,1,,,,,,,,,
INR,"Apr 01, 2026 - Apr 30, 2026","=""amzn1.ads-account.g.a5og6bnunpn8m911rke7gdql""",Cubelelo,106276615587889,BA - Wooden Toys,"=""390890417285743""","SP-CT - Low ASP Cube - Brain Teasers, Framed Puzzles, Pegged Puzzles, Sudoku Puzzles, Floor Puzzles, Learning & Education","=""484972979056260""",Framed Puzzles,B08H88N2N9,Cubelelo Drift Warrior 3x3 Stickerless Cube | Beginner Speedcube for Kids Boys Girls Above 3 4 5 6 Years Old & Above | Magic Puzzle Toy | Durable & Smooth Cube with Anti-Pop Design 3 3,B0F18TBS19,cubelelo,0300 Games & Puzzles,0307 Non-wooden Puzzles,Toy,1030500,AMAZON_IN,237,0,0.0000%,0.00,0,0.00,0,,0.0000%,,0,0.00,0,,0.0000%,,0,0.00,0,,,,,,,,,
INR,"Apr 01, 2026 - Apr 30, 2026","=""amzn1.ads-account.g.a5og6bnunpn8m911rke7gdql""",Cubelelo,106276615587889,BA - Wooden Toys,"=""390890417285743""","SP-CT - Low ASP Cube - Brain Teasers, Framed Puzzles, Pegged Puzzles, Sudoku Puzzles, Floor Puzzles, Learning & Education","=""360811071420421""",Floor Puzzles,B08H88N2N9,Cubelelo Drift Warrior 3x3 Stickerless Cube | Beginner Speedcube for Kids Boys Girls Above 3 4 5 6 Years Old & Above | Magic Puzzle Toy | Durable & Smooth Cube with Anti-Pop Design 3 3,B0F18TBS19,cubelelo,0300 Games & Puzzles,0307 Non-wooden Puzzles,Toy,1030500,AMAZON_IN,703,1,0.1422%,1.02,0,0.00,0,,0.0000%,0.00000,0,0.00,0,,0.0000%,0.00000,0,0.00,0,,,,,,,,,
INR,"Apr 01, 2026 - Apr 30, 2026","=""amzn1.ads-account.g.a5og6bnunpn8m911rke7gdql""",Cubelelo,106276615587889,BA - Wooden Toys,"=""390890417285743""","SP-CT - Low ASP Cube - Brain Teasers, Framed Puzzles, Pegged Puzzles, Sudoku Puzzles, Floor Puzzles, Learning & Education","=""388004689059216""",Pegged Puzzles,B08H88N2N9,Cubelelo Drift Warrior 3x3 Stickerless Cube | Beginner Speedcube for Kids Boys Girls Above 3 4 5 6 Years Old & Above | Magic Puzzle Toy | Durable & Smooth Cube with Anti-Pop Design 3 3,B0F18TBS19,cubelelo,0300 Games & Puzzles,0307 Non-wooden Puzzles,Toy,1030500,AMAZON_IN,443,1,0.2257%,2.79,1,141.90,1,2.79000,0.2257%,50.86022,0,0.00,0,,0.0000%,0.00000,1,141.90,1,,,,,,,,,
INR,"Apr 01, 2026 - Apr 16, 2026","=""amzn1.ads-account.g.a5og6bnunpn8m911rke7gdql""",Cubelelo,162147707583156,BA - Branded - Cubelelo,"=""504764596527478""",BA - SP PT - Moyu - Brand - ST - Exact,"=""410045211970216""",MoYu_ST,B0C6T2JHW9,Cubelelo MoYu Super RS3M MagLev 3x3 | Highspeed Smooth Lightweight Speed Cube for Children Kids Adults Boys Girls,B0C6TKLM22,cubelelo,0300 Games & Puzzles,0307 Non-wooden Puzzles,Toy,1030491,AMAZON_IN,1226,59,4.8124%,216.59,0,0.00,0,,0.0000%,0.00000,0,0.00,0,,0.0000%,0.00000,0,0.00,0,,,,,,,,,
INR,"Apr 01, 2026 - Apr 13, 2026","=""amzn1.ads-account.g.a5og6bnunpn8m911rke7gdql""",Cubelelo,279942205262904,BA - Generic - Mid & Low Volume,"=""369883644681767""","SP-KT - Magnetic - Open, 2x2, 4x4, 5x5 - High Volume - Exact & Phrase","=""549377709953283""",Phrase - Magnetic - 5x5 - Mid & Low Volume,B0CGNS9F16,"Cubelelo Drift 3x3, 4x4 & 5x5 Stickerless Gift Box | 3-in-1 Puzzle Game Set | Triple the Challenge, Thrice the Fun | Ultimate Value Saver Combo | Brainstoming Toy for Children Kids & Adults",-1,cubelelo,0300 Games & Puzzles,0307 Non-wooden Puzzles,Toy,1460516,AMAZON_IN,2,0,0.0000%,0.00,0,0.00,0,,0.0000%,,0,0.00,0,,0.0000%,,0,0.00,0,,,,,,,,,
INR,"Apr 01, 2026 - Apr 30, 2026","=""amzn1.ads-account.g.a5og6bnunpn8m911rke7gdql""",Cubelelo,279942205262904,BA - Generic - Mid & Low Volume,"=""332675778194131""",SP-KT - Generic - 4x4 - Mid & Low Volume - Exact & Phrase - DO,"=""318693646880033""",Phrase - Generic - 4x4 - Mid & Low Volume,B0CGNS9F16,"Cubelelo Drift 3x3, 4x4 & 5x5 Stickerless Gift Box | 3-in-1 Puzzle Game Set | Triple the Challenge, Thrice the Fun | Ultimate Value Saver Combo | Brainstoming Toy for Children Kids & Adults",-1,cubelelo,0300 Games & Puzzles,0307 Non-wooden Puzzles,Toy,1460516,AMAZON_IN,29413,86,0.2924%,911.31,12,6462.85,12,75.94250,0.0408%,7.09182,9,5753.33,9,101.25667,0.0306%,6.31325,3,709.52,3,,,,,,,,,
INR,"Apr 01, 2026 - Apr 30, 2026","=""amzn1.ads-account.g.a5og6bnunpn8m911rke7gdql""",Cubelelo,279942205262904,BA - Generic - Mid & Low Volume,"=""316273786051120""",SD-CT - 3D Puzzle & Brain Teasers - Comp - Open - Broad - Old,"=""302660200409918""",Category Targeting,B0CGNS9F16,"Cubelelo Drift 3x3, 4x4 & 5x5 Stickerless Gift Box | 3-in-1 Puzzle Game Set | Triple the Challenge, Thrice the Fun | Ultimate Value Saver Combo | Brainstoming Toy for Children Kids & Adults",-1,cubelelo,0300 Games & Puzzles,0307 Non-wooden Puzzles,Toy,1460516,AMAZON_IN,200,0,0.0000%,0.00,0,0.00,0,,0.0000%,,0,0.00,0,,0.0000%,,0,0.00,0,0,0.00,0,,0.0000%,,0,,0.0000%
INR,"Apr 01, 2026 - Apr 24, 2026","=""amzn1.ads-account.g.a5og6bnunpn8m911rke7gdql""",Cubelelo,279942205262904,BA - Generic - Mid & Low Volume,"=""369883644681767""","SP-KT - Magnetic - Open, 2x2, 4x4, 5x5 - High Volume - Exact & Phrase","=""311152673530412""",Magnetic - 5x5 - Mid & Low Volume,B0CGNS9F16,"Cubelelo Drift 3x3, 4x4 & 5x5 Stickerless Gift Box | 3-in-1 Puzzle Game Set | Triple the Challenge, Thrice the Fun | Ultimate Value Saver Combo | Brainstoming Toy for Children Kids & Adults",-1,cubelelo,0300 Games & Puzzles,0307 Non-wooden Puzzles,Toy,1460516,AMAZON_IN,7,0,0.0000%,0.00,0,0.00,0,,0.0000%,,0,0.00,0,,0.0000%,,0,0.00,0,,,,,,,,,
INR,"Apr 29, 2026 - Apr 29, 2026","=""amzn1.ads-account.g.a5og6bnunpn8m911rke7gdql""",Cubelelo,279942205262904,BA - Generic - Mid & Low Volume,"=""369883644681767""","SP-KT - Magnetic - Open, 2x2, 4x4, 5x5 - High Volume - Exact & Phrase","=""398733777024064""",Phrase - Magnetic - 4x4 - Mid & Low Volume,B0CGNS9F16,"Cubelelo Drift 3x3, 4x4 & 5x5 Stickerless Gift Box | 3-in-1 Puzzle Game Set | Triple the Challenge, Thrice the Fun | Ultimate Value Saver Combo | Brainstoming Toy for Children Kids & Adults",-1,cubelelo,0300 Games & Puzzles,0307 Non-wooden Puzzles,Toy,1460516,AMAZON_IN,1,0,0.0000%,0.00,0,0.00,0,,0.0000%,,0,0.00,0,,0.0000%,,0,0.00,0,,,,,,,,,
INR,"Apr 04, 2026 - Apr 28, 2026","=""amzn1.ads-account.g.a5og6bnunpn8m911rke7gdql""",Cubelelo,279942205262904,BA - Generic - Mid & Low Volume,"=""369883644681767""","SP-KT - Magnetic - Open, 2x2, 4x4, 5x5 - High Volume - Exact & Phrase","=""425372408989294""",Magnetic - 4x4 - Mid & Low Volume,B0CGNS9F16,"Cubelelo Drift 3x3, 4x4 & 5x5 Stickerless Gift Box | 3-in-1 Puzzle Game Set | Triple the Challenge, Thrice the Fun | Ultimate Value Saver Combo | Brainstoming Toy for Children Kids & Adults",-1,cubelelo,0300 Games & Puzzles,0307 Non-wooden Puzzles,Toy,1460516,AMAZON_IN,12,0,0.0000%,0.00,0,0.00,0,,0.0000%,,0,0.00,0,,0.0000%,,0,0.00,0,,,,,,,,,
INR,"Apr 01, 2026 - Apr 30, 2026","=""amzn1.ads-account.g.a5og6bnunpn8m911rke7gdql""",Cubelelo,106276615587889,BA - Wooden Toys,"=""333332405788753""",SP - Non Cube - Infinity cube - Generic - Phrase & Exact,"=""556873628191239""",Infinity cube,B09QMNCWYG,Cubelelo Drift Infinity Cube (Green) | Magic Puzzle Cool Mini Gadget for Stress and Anxiety Relief for Kids and Adults | Desk Finger Flip Toy for Fun and Game | for Ages 3 Years and Above,B0CWH1ZVTQ,cubelelo,0300 Games & Puzzles,0307 Non-wooden Puzzles,Toy,1630201,AMAZON_IN,25768,233,0.9042%,1354.97,36,15179.02,43,37.63806,0.1397%,11.20248,28,7964.73,28,48.39179,0.1087%,5.87816,8,7214.29,15,,,,,,,,,
INR,"Apr 01, 2026 - Apr 30, 2026","=""amzn1.ads-account.g.a5og6bnunpn8m911rke7gdql""",Cubelelo,242135938115990,BA - Competition - Cubes,"=""531300400003008""","SP-CT - Infinity Cuber - Dice Fidget Toys, Infinity Cubes & 3-D Puzzles","=""402525019912413""",Infinity Cube,B09QMNCWYG,Cubelelo Drift Infinity Cube (Green) | Magic Puzzle Cool Mini Gadget for Stress and Anxiety Relief for Kids and Adults | Desk Finger Flip Toy for Fun and Game | for Ages 3 Years and Above,B0CWH1ZVTQ,cubelelo,0300 Games & Puzzles,0307 Non-wooden Puzzles,Toy,1630201,AMAZON_IN,52029,540,1.0379%,2062.72,44,14255.21,45,46.88000,0.0846%,6.91088,37,10519.97,37,55.74919,0.0711%,5.10005,7,3735.24,8,,,,,,,,,
INR,"Apr 01, 2026 - Apr 30, 2026","=""amzn1.ads-account.g.a5og6bnunpn8m911rke7gdql""",Cubelelo,192177104268571,Old - Non Cube,"=""358488783032231""",SP-Auto - Infinity Cubes,"=""433356583073128""",Infinity Cube,B09QMNCWYG,Cubelelo Drift Infinity Cube (Green) | Magic Puzzle Cool Mini Gadget for Stress and Anxiety Relief for Kids and Adults | Desk Finger Flip Toy for Fun and Game | for Ages 3 Years and Above,B0CWH1ZVTQ,cubelelo,0300 Games & Puzzles,0307 Non-wooden Puzzles,Toy,1630201,AMAZON_IN,263872,1811,0.6863%,4055.27,74,25588.49,79,54.80095,0.0280%,6.30994,58,16875.18,59,69.91845,0.0220%,4.16130,16,8713.31,20,,,,,,,,,
INR,"Apr 01, 2026 - Apr 30, 2026","=""amzn1.ads-account.g.a5og6bnunpn8m911rke7gdql""",Cubelelo,279942205262904,BA - Generic - Mid & Low Volume,"=""560766968003680""","SP-KT - Mirror, Infinity & Combo - Open - Mid & Low Volume - Exact & Phrase - UND","=""432237711542454""",Phrase - Infinity - Mid & Low Volume,B09QMNCWYG,Cubelelo Drift Infinity Cube (Green) | Magic Puzzle Cool Mini Gadget for Stress and Anxiety Relief for Kids and Adults | Desk Finger Flip Toy for Fun and Game | for Ages 3 Years and Above,B0CWH1ZVTQ,cubelelo,0300 Games & Puzzles,0307 Non-wooden Puzzles,Toy,1630201,AMAZON_IN,15801,139,0.8797%,785.93,24,6991.41,24,32.74708,0.1519%,8.89572,22,6412.36,22,35.72409,0.1392%,8.15895,2,579.05,2,,,,,,,,,
INR,"Apr 01, 2026 - Apr 30, 2026","=""amzn1.ads-account.g.a5og6bnunpn8m911rke7gdql""",Cubelelo,279942205262904,BA - Generic - Mid & Low Volume,"=""405383753413943""","SP-KT - Lube Combo, Magic, Pyraminx, Skewb, Stand, Timer, Gear - Open - Mid & Low Volume - Exact & Phrase","=""291482927814540""",Pyraminx - Mid & Low Volume - Exact & Phrase,B0BYVHGR5H,"Cubelelo Drift 2x2, 3x3 & Pyraminx Cube Combo (Stickerless) | Ideal for Kids Above 3 4 5 6 Years Old Boys Girls | 3 in 1 Speedcube Gift Set | High Speed Puzzle 3x3x3 2x2x2 Pyramid Triangle",B0D6G24GVB,cubelelo,0300 Games & Puzzles,0307 Non-wooden Puzzles,Toy,1460553,AMAZON_IN,3703,38,1.0262%,375.33,4,1900.96,4,93.83250,0.1080%,5.06477,4,1900.96,4,93.83250,0.1080%,5.06477,0,0.00,0,,,,,,,,,
INR,"Apr 01, 2026 - Apr 30, 2026","=""amzn1.ads-account.g.a5og6bnunpn8m911rke7gdql""",Cubelelo,162147707583156,BA - Branded - Cubelelo,"=""329970929951347""",SP-KT - Branded - Cubelelo - Mid & Low Volume - Exact & Phrase - UND,"=""298700263606024""",Branded,B0BYVHGR5H,"Cubelelo Drift 2x2, 3x3 & Pyraminx Cube Combo (Stickerless) | Ideal for Kids Above 3 4 5 6 Years Old Boys Girls | 3 in 1 Speedcube Gift Set | High Speed Puzzle 3x3x3 2x2x2 Pyramid Triangle",B0D6G24GVB,cubelelo,0300 Games & Puzzles,0307 Non-wooden Puzzles,Toy,1460553,AMAZON_IN,3681,26,0.7063%,183.92,2,950.48,2,91.96000,0.0543%,5.16790,2,950.48,2,91.96000,0.0543%,5.16790,0,0.00,0,,,,,,,,,
INR,"Apr 01, 2026 - Apr 30, 2026","=""amzn1.ads-account.g.a5og6bnunpn8m911rke7gdql""",Cubelelo,162147707583156,BA - Branded - Cubelelo,"=""329970929951347""",SP-KT - Branded - Cubelelo - Mid & Low Volume - Exact & Phrase - UND,"=""479460967599506""",Branded - 3x3,B0BYVHGR5H,"Cubelelo Drift 2x2, 3x3 & Pyraminx Cube Combo (Stickerless) | Ideal for Kids Above 3 4 5 6 Years Old Boys Girls | 3 in 1 Speedcube Gift Set | High Speed Puzzle 3x3x3 2x2x2 Pyramid Triangle",B0D6G24GVB,cubelelo,0300 Games & Puzzles,0307 Non-wooden Puzzles,Toy,1460553,AMAZON_IN,4409,17,0.3856%,143.63,1,426.67,1,143.63000,0.0227%,2.97062,1,426.67,1,143.63000,0.0227%,2.97062,0,0.00,0,,,,,,,,,
INR,"Apr 01, 2026 - Apr 30, 2026","=""amzn1.ads-account.g.a5og6bnunpn8m911rke7gdql""",Cubelelo,108066094626813,BA - Generic - Extremely High Volume,"=""484046863276712""",SP-KT - Generic - Open - 'Rubik's Cube' - SKAG - High Volume - Exact,"=""514344038519157""",Generic - Open Searches - High Volume SKAG,B0BYVHGR5H,"Cubelelo Drift 2x2, 3x3 & Pyraminx Cube Combo (Stickerless) | Ideal for Kids Above 3 4 5 6 Years Old Boys Girls | 3 in 1 Speedcube Gift Set | High Speed Puzzle 3x3x3 2x2x2 Pyramid Triangle",B0D6G24GVB,cubelelo,0300 Games & Puzzles,0307 Non-wooden Puzzles,Toy,1460553,AMAZON_IN,38117,531,1.3931%,5849.02,139,83347.67,181,42.07928,0.3647%,14.24985,99,51561.16,109,59.08101,0.2597%,8.81535,40,31786.51,72,,,,,,,,,
INR,"Apr 01, 2026 - Apr 30, 2026","=""amzn1.ads-account.g.a5og6bnunpn8m911rke7gdql""",Cubelelo,279942205262904,BA - Generic - Mid & Low Volume,"=""560766968003680""","SP-KT - Mirror, Infinity & Combo - Open - Mid & Low Volume - Exact & Phrase - UND","=""531829023860059""",Phrase - Combo - Mid & Low Volume,B0BYVHGR5H,"Cubelelo Drift 2x2, 3x3 & Pyraminx Cube Combo (Stickerless) | Ideal for Kids Above 3 4 5 6 Years Old Boys Girls | 3 in 1 Speedcube Gift Set | High Speed Puzzle 3x3x3 2x2x2 Pyramid Triangle",B0D6G24GVB,cubelelo,0300 Games & Puzzles,0307 Non-wooden Puzzles,Toy,1460553,AMAZON_IN,10027,87,0.8677%,912.12,13,7199.04,20,70.16308,0.1296%,7.89265,10,5322.88,11,91.21200,0.0997%,5.83572,3,1876.16,9,,,,,,,,,
INR,"Apr 12, 2026 - Apr 28, 2026","=""amzn1.ads-account.g.a5og6bnunpn8m911rke7gdql""",Cubelelo,279942205262904,BA - Generic - Mid & Low Volume,"=""369883644681767""","SP-KT - Magnetic - Open, 2x2, 4x4, 5x5 - High Volume - Exact & Phrase","=""458736197006168""",Phrase - Magnetic - 2x2 - Mid & Low Volume,B0BYVHGR5H,"Cubelelo Drift 2x2, 3x3 & Pyraminx Cube Combo (Stickerless) | Ideal for Kids Above 3 4 5 6 Years Old Boys Girls | 3 in 1 Speedcube Gift Set | High Speed Puzzle 3x3x3 2x2x2 Pyramid Triangle",B0D6G24GVB,cubelelo,0300 Games & Puzzles,0307 Non-wooden Puzzles,Toy,1460553,AMAZON_IN,3,0,0.0000%,0.00,0,0.00,0,,0.0000%,,0,0.00,0,,0.0000%,,0,0.00,0,,,,,,,,,
INR,"Apr 01, 2026 - Apr 30, 2026","=""amzn1.ads-account.g.a5og6bnunpn8m911rke7gdql""",Cubelelo,279942205262904,BA - Generic - Mid & Low Volume,"=""334559235709808""",SP-KT - Generic - 3x3 - Mid & Low Volume - Exact & Phrase - UND,"=""363319492631962""",Phrase - Generic - 3x3 - Mid & Low Volume,B0BYVHGR5H,"Cubelelo Drift 2x2, 3x3 & Pyraminx Cube Combo (Stickerless) | Ideal for Kids Above 3 4 5 6 Years Old Boys Girls | 3 in 1 Speedcube Gift Set | High Speed Puzzle 3x3x3 2x2x2 Pyramid Triangle",B0D6G24GVB,cubelelo,0300 Games & Puzzles,0307 Non-wooden Puzzles,Toy,1460553,AMAZON_IN,24636,129,0.5236%,1700.02,14,5458.10,14,121.43000,0.0568%,3.21061,10,4797.16,10,170.00200,0.0406%,2.82183,4,660.94,4,,,,,,,,,
INR,"Apr 03, 2026 - Apr 30, 2026","=""amzn1.ads-account.g.a5og6bnunpn8m911rke7gdql""",Cubelelo,162147707583156,BA - Branded - Cubelelo,"=""329970929951347""",SP-KT - Branded - Cubelelo - Mid & Low Volume - Exact & Phrase - UND,"=""535729251693727""",Branded - Phrase,B0BYVHGR5H,"Cubelelo Drift 2x2, 3x3 & Pyraminx Cube Combo (Stickerless) | Ideal for Kids Above 3 4 5 6 Years Old Boys Girls | 3 in 1 Speedcube Gift Set | High Speed Puzzle 3x3x3 2x2x2 Pyramid Triangle",B0D6G24GVB,cubelelo,0300 Games & Puzzles,0307 Non-wooden Puzzles,Toy,1460553,AMAZON_IN,61,4,6.5574%,17.63,1,475.24,1,17.63000,1.6393%,26.95632,1,475.24,1,17.63000,1.6393%,26.95632,0,0.00,0,,,,,,,,,
INR,"Apr 01, 2026 - Apr 30, 2026","=""amzn1.ads-account.g.a5og6bnunpn8m911rke7gdql""",Cubelelo,279942205262904,BA - Generic - Mid & Low Volume,"=""316273786051120""",SD-CT - 3D Puzzle & Brain Teasers - Comp - Open - Broad - Old,"=""302660200409918""",Category Targeting,B0BYVHGR5H,"Cubelelo Drift 2x2, 3x3 & Pyraminx Cube Combo (Stickerless) | Ideal for Kids Above 3 4 5 6 Years Old Boys Girls | 3 in 1 Speedcube Gift Set | High Speed Puzzle 3x3x3 2x2x2 Pyramid Triangle",B0D6G24GVB,cubelelo,0300 Games & Puzzles,0307 Non-wooden Puzzles,Toy,1460553,AMAZON_IN,970,1,0.1031%,1.28,0,0.00,0,,0.0000%,0.00000,0,0.00,0,,0.0000%,0.00000,0,0.00,0,0,0.00,0,,0.0000%,0.00000,2,0.64000,0.2062%
INR,"Apr 01, 2026 - Apr 30, 2026","=""amzn1.ads-account.g.a5og6bnunpn8m911rke7gdql""",Cubelelo,279942205262904,BA - Generic - Mid & Low Volume,"=""285784532724588""",SP-KT - Generic - Open - Cube - Mid & Low Volume - Exact & Phrase,"=""479419335051851""",Phrase - Generic - Open Searches - Mid & Low Volume,B0BYVHGR5H,"Cubelelo Drift 2x2, 3x3 & Pyraminx Cube Combo (Stickerless) | Ideal for Kids Above 3 4 5 6 Years Old Boys Girls | 3 in 1 Speedcube Gift Set | High Speed Puzzle 3x3x3 2x2x2 Pyramid Triangle",B0D6G24GVB,cubelelo,0300 Games & Puzzles,0307 Non-wooden Puzzles,Toy,1460553,AMAZON_IN,7284,68,0.9336%,635.58,16,6412.39,16,39.72375,0.2197%,10.08904,10,4752.40,10,63.55800,0.1373%,7.47727,6,1659.99,6,,,,,,,,,
INR,"Apr 01, 2026 - Apr 30, 2026","=""amzn1.ads-account.g.a5og6bnunpn8m911rke7gdql""",Cubelelo,279942205262904,BA - Generic - Mid & Low Volume,"=""327104446426115""","SP-KT - Axis - Windmill - Fisher, Cylinder, Kids, Mini, Smart, Pyramid - Open - Mid & Low Volume - Exact & Phrase","=""310438687496531""",Pyramid - Mid & Low Volume - Exact & Phrase,B0BYVHGR5H,"Cubelelo Drift 2x2, 3x3 & Pyraminx Cube Combo (Stickerless) | Ideal for Kids Above 3 4 5 6 Years Old Boys Girls | 3 in 1 Speedcube Gift Set | High Speed Puzzle 3x3x3 2x2x2 Pyramid Triangle",B0D6G24GVB,cubelelo,0300 Games & Puzzles,0307 Non-wooden Puzzles,Toy,1460553,AMAZON_IN,23375,188,0.8043%,2347.43,35,14216.21,35,67.06943,0.1497%,6.05607,27,11550.50,27,86.94185,0.1155%,4.92049,8,2665.71,8,,,,,,,,,
INR,"Apr 01, 2026 - Apr 30, 2026","=""amzn1.ads-account.g.a5og6bnunpn8m911rke7gdql""",Cubelelo,162147707583156,BA - Branded - Cubelelo,"=""433317578586761""",SP-KT - Branded - Cubelelo - High Volume - Exact,"=""332121459254132""",Branded - SKAG,B0BYVHGR5H,"Cubelelo Drift 2x2, 3x3 & Pyraminx Cube Combo (Stickerless) | Ideal for Kids Above 3 4 5 6 Years Old Boys Girls | 3 in 1 Speedcube Gift Set | High Speed Puzzle 3x3x3 2x2x2 Pyramid Triangle",B0D6G24GVB,cubelelo,0300 Games & Puzzles,0307 Non-wooden Puzzles,Toy,1460553,AMAZON_IN,30798,167,0.5422%,1249.00,22,7886.66,22,56.77273,0.0714%,6.31438,12,5414.31,12,104.08333,0.0390%,4.33492,10,2472.35,10,,,,,,,,,
INR,"Apr 01, 2026 - Apr 30, 2026","=""amzn1.ads-account.g.a5og6bnunpn8m911rke7gdql""",Cubelelo,108066094626813,BA - Generic - Extremely High Volume,"=""442384136510181""","SP-KT - Generic - 3x3 - 'Cube, Cube Puzzle, Cube 33, Rubik's Cube 3x3',rubik's cube 3x3 speed cube - High Volume - Exact","=""368381636014986""",Generic - 3x3 - High Volume SKAG,B0BYVHGR5H,"Cubelelo Drift 2x2, 3x3 & Pyraminx Cube Combo (Stickerless) | Ideal for Kids Above 3 4 5 6 Years Old Boys Girls | 3 in 1 Speedcube Gift Set | High Speed Puzzle 3x3x3 2x2x2 Pyramid Triangle",B0D6G24GVB,cubelelo,0300 Games & Puzzles,0307 Non-wooden Puzzles,Toy,1460553,AMAZON_IN,17352,294,1.6943%,3950.66,57,24379.11,57,69.30982,0.3285%,6.17090,45,21385.80,45,87.79244,0.2593%,5.41322,12,2993.31,12,,,,,,,,,
INR,"Apr 01, 2026 - Apr 30, 2026","=""amzn1.ads-account.g.a5og6bnunpn8m911rke7gdql""",Cubelelo,279942205262904,BA - Generic - Mid & Low Volume,"=""327104446426115""","SP-KT - Axis - Windmill - Fisher, Cylinder, Kids, Mini, Smart, Pyramid - Open - Mid & Low Volume - Exact & Phrase","=""354824992183354""",Kids - Mid & Low Volume - Exact & Phrase,B0BYVHGR5H,"Cubelelo Drift 2x2, 3x3 & Pyraminx Cube Combo (Stickerless) | Ideal for Kids Above 3 4 5 6 Years Old Boys Girls | 3 in 1 Speedcube Gift Set | High Speed Puzzle 3x3x3 2x2x2 Pyramid Triangle",B0D6G24GVB,cubelelo,0300 Games & Puzzles,0307 Non-wooden Puzzles,Toy,1460553,AMAZON_IN,1023,36,3.5191%,423.96,9,3941.92,9,47.10667,0.8798%,9.29786,7,3326.68,7,60.56571,0.6843%,7.84668,2,615.24,2,,,,,,,,,
INR,"Apr 01, 2026 - Apr 30, 2026","=""amzn1.ads-account.g.a5og6bnunpn8m911rke7gdql""",Cubelelo,152274827442004,BA - Competition - D Eternal,"=""314135688950492""",SD-PT - Comp - D-Eternal - Best Sellers - Exact,"=""494824442944945""",D Eternal,B0BYVHGR5H,"Cubelelo Drift 2x2, 3x3 & Pyraminx Cube Combo (Stickerless) | Ideal for Kids Above 3 4 5 6 Years Old Boys Girls | 3 in 1 Speedcube Gift Set | High Speed Puzzle 3x3x3 2x2x2 Pyramid Triangle",B0D6G24GVB,cubelelo,0300 Games & Puzzles,0307 Non-wooden Puzzles,Toy,1460553,AMAZON_IN,2467,11,0.4459%,83.97,0,0.00,0,,0.0000%,0.00000,0,0.00,0,,0.0000%,0.00000,0,0.00,0,0,0.00,0,,0.0000%,0.00000,17,4.93941,0.6891%
INR,"Apr 01, 2026 - Apr 30, 2026","=""amzn1.ads-account.g.a5og6bnunpn8m911rke7gdql""",Cubelelo,162147707583156,BA - Branded - Cubelelo,"=""408832603271930""",BA_SP_KT_Brand Drift (3x3)_Phrase_09/23,"=""462288077097605""",Brand Drift (3x3),B0BYVHGR5H,"Cubelelo Drift 2x2, 3x3 & Pyraminx Cube Combo (Stickerless) | Ideal for Kids Above 3 4 5 6 Years Old Boys Girls | 3 in 1 Speedcube Gift Set | High Speed Puzzle 3x3x3 2x2x2 Pyramid Triangle",B0D6G24GVB,cubelelo,0300 Games & Puzzles,0307 Non-wooden Puzzles,Toy,1460553,AMAZON_IN,1361,8,0.5878%,85.69,1,303.81,1,85.69000,0.0735%,3.54546,0,0.00,0,,0.0000%,0.00000,1,303.81,1,,,,,,,,,
INR,"Apr 01, 2026 - Apr 30, 2026","=""amzn1.ads-account.g.a5og6bnunpn8m911rke7gdql""",Cubelelo,279942205262904,BA - Generic - Mid & Low Volume,"=""466977135029356""",SP-KT - Generic - 2x2 - Mid & Low Volume - Exact & Phrase,"=""296917065955111""",Phrase - Generic - 2x2 - Mid & Low Volume,B0BYVHGR5H,"Cubelelo Drift 2x2, 3x3 & Pyraminx Cube Combo (Stickerless) | Ideal for Kids Above 3 4 5 6 Years Old Boys Girls | 3 in 1 Speedcube Gift Set | High Speed Puzzle 3x3x3 2x2x2 Pyramid Triangle",B0D6G24GVB,cubelelo,0300 Games & Puzzles,0307 Non-wooden Puzzles,Toy,1460553,AMAZON_IN,19113,162,0.8476%,2737.74,30,12595.27,30,91.25800,0.1570%,4.60061,25,11498.14,25,109.50960,0.1308%,4.19987,5,1097.13,5,,,,,,,,,
INR,"Apr 01, 2026 - Apr 30, 2026","=""amzn1.ads-account.g.a5og6bnunpn8m911rke7gdql""",Cubelelo,159890394934310,Old - Core Generic Cube Campaigns All,"=""454748662358104""",BA_SP_KT_Generic Cube 2x2_Generic_Phrase_09/23,"=""305299342122740""",Generic Cube 2x2,B0BYVHGR5H,"Cubelelo Drift 2x2, 3x3 & Pyraminx Cube Combo (Stickerless) | Ideal for Kids Above 3 4 5 6 Years Old Boys Girls | 3 in 1 Speedcube Gift Set | High Speed Puzzle 3x3x3 2x2x2 Pyramid Triangle",B0D6G24GVB,cubelelo,0300 Games & Puzzles,0307 Non-wooden Puzzles,Toy,1460553,AMAZON_IN,12125,99,0.8165%,1303.79,33,14471.48,34,39.50879,0.2722%,11.09955,26,12368.62,27,50.14577,0.2144%,9.48667,7,2102.86,7,,,,,,,,,
INR,"Apr 01, 2026 - Apr 30, 2026","=""amzn1.ads-account.g.a5og6bnunpn8m911rke7gdql""",Cubelelo,242135938115990,BA - Competition - Cubes,"=""398099328860046""",SP-PT - Cubes - Toys Best Seller - Above 200,"=""389104660034552""",SP-SP - Cubes - Toys Best Seller - Above 200,B0BYVHGR5H,"Cubelelo Drift 2x2, 3x3 & Pyraminx Cube Combo (Stickerless) | Ideal for Kids Above 3 4 5 6 Years Old Boys Girls | 3 in 1 Speedcube Gift Set | High Speed Puzzle 3x3x3 2x2x2 Pyramid Triangle",B0D6G24GVB,cubelelo,0300 Games & Puzzles,0307 Non-wooden Puzzles,Toy,1460553,AMAZON_IN,8439,33,0.3910%,211.34,3,1425.72,3,70.44667,0.0355%,6.74610,3,1425.72,3,70.44667,0.0355%,6.74610,0,0.00,0,,,,,,,,,
INR,"Apr 03, 2026 - Apr 27, 2026","=""amzn1.ads-account.g.a5og6bnunpn8m911rke7gdql""",Cubelelo,162147707583156,BA - Branded - Cubelelo,"=""329970929951347""",SP-KT - Branded - Cubelelo - Mid & Low Volume - Exact & Phrase - UND,"=""428906316207860""",Pyraminx,B0BYVHGR5H,"Cubelelo Drift 2x2, 3x3 & Pyraminx Cube Combo (Stickerless) | Ideal for Kids Above 3 4 5 6 Years Old Boys Girls | 3 in 1 Speedcube Gift Set | High Speed Puzzle 3x3x3 2x2x2 Pyramid Triangle",B0D6G24GVB,cubelelo,0300 Games & Puzzles,0307 Non-wooden Puzzles,Toy,1460553,AMAZON_IN,54,4,7.4074%,40.67,0,0.00,0,,0.0000%,0.00000,0,0.00,0,,0.0000%,0.00000,0,0.00,0,,,,,,,,,
INR,"Apr 01, 2026 - Apr 30, 2026","=""amzn1.ads-account.g.a5og6bnunpn8m911rke7gdql""",Cubelelo,162147707583156,BA - Branded - Cubelelo,"=""329970929951347""",SP-KT - Branded - Cubelelo - Mid & Low Volume - Exact & Phrase - UND,"=""560146263793792""",Combo,B0BYVHGR5H,"Cubelelo Drift 2x2, 3x3 & Pyraminx Cube Combo (Stickerless) | Ideal for Kids Above 3 4 5 6 Years Old Boys Girls | 3 in 1 Speedcube Gift Set | High Speed Puzzle 3x3x3 2x2x2 Pyramid Triangle",B0D6G24GVB,cubelelo,0300 Games & Puzzles,0307 Non-wooden Puzzles,Toy,1460553,AMAZON_IN,5900,41,0.6949%,307.31,6,2613.34,6,51.21833,0.1017%,8.50392,5,2471.44,5,61.46200,0.0847%,8.04217,1,141.90,1,,,,,,,,,
INR,"Apr 01, 2026 - Apr 30, 2026","=""amzn1.ads-account.g.a5og6bnunpn8m911rke7gdql""",Cubelelo,279942205262904,BA - Generic - Mid & Low Volume,"=""334559235709808""",SP-KT - Generic - 3x3 - Mid & Low Volume - Exact & Phrase - UND,"=""412851408598744""",Generic - 3x3 - Mid & Low Volume,B0BYVHGR5H,"Cubelelo Drift 2x2, 3x3 & Pyraminx Cube Combo (Stickerless) | Ideal for Kids Above 3 4 5 6 Years Old Boys Girls | 3 in 1 Speedcube Gift Set | High Speed Puzzle 3x3x3 2x2x2 Pyramid Triangle",B0D6G24GVB,cubelelo,0300 Games & Puzzles,0307 Non-wooden Puzzles,Toy,1460553,AMAZON_IN,129692,665,0.5128%,7012.74,91,36779.09,98,77.06308,0.0702%,5.24461,65,32262.99,70,107.88831,0.0501%,4.60063,26,4516.10,28,,,,,,,,,
INR,"Apr 03, 2026 - Apr 28, 2026","=""amzn1.ads-account.g.a5og6bnunpn8m911rke7gdql""",Cubelelo,279942205262904,BA - Generic - Mid & Low Volume,"=""369883644681767""","SP-KT - Magnetic - Open, 2x2, 4x4, 5x5 - High Volume - Exact & Phrase","=""371587655476259""",Magnetic - 2x2 - Mid & Low Volume,B0BYVHGR5H,"Cubelelo Drift 2x2, 3x3 & Pyraminx Cube Combo (Stickerless) | Ideal for Kids Above 3 4 5 6 Years Old Boys Girls | 3 in 1 Speedcube Gift Set | High Speed Puzzle 3x3x3 2x2x2 Pyramid Triangle",B0D6G24GVB,cubelelo,0300 Games & Puzzles,0307 Non-wooden Puzzles,Toy,1460553,AMAZON_IN,7,0,0.0000%,0.00,0,0.00,0,,0.0000%,,0,0.00,0,,0.0000%,,0,0.00,0,,,,,,,,,
INR,"Apr 01, 2026 - Apr 30, 2026","=""amzn1.ads-account.g.a5og6bnunpn8m911rke7gdql""",Cubelelo,152274827442004,BA - Competition - D Eternal,"=""327219448958152""",SP-PT - Comp - Hawkister - High Volume - Exact,"=""521889920077913""",PT - Hawkister No.5,B0BYVHGR5H,"Cubelelo Drift 2x2, 3x3 & Pyraminx Cube Combo (Stickerless) | Ideal for Kids Above 3 4 5 6 Years Old Boys Girls | 3 in 1 Speedcube Gift Set | High Speed Puzzle 3x3x3 2x2x2 Pyramid Triangle",B0D6G24GVB,cubelelo,0300 Games & Puzzles,0307 Non-wooden Puzzles,Toy,1460553,AMAZON_IN,14650,209,1.4266%,2829.21,15,6677.16,15,188.61400,0.1024%,2.36008,9,4131.45,9,314.35667,0.0614%,1.46028,6,2545.71,6,,,,,,,,,
INR,"Apr 01, 2026 - Apr 30, 2026","=""amzn1.ads-account.g.a5og6bnunpn8m911rke7gdql""",Cubelelo,279942205262904,BA - Generic - Mid & Low Volume,"=""285784532724588""",SP-KT - Generic - Open - Cube - Mid & Low Volume - Exact & Phrase,"=""503467855821823""",Generic - Open Searches - Mid & Low Volume,B0BYVHGR5H,"Cubelelo Drift 2x2, 3x3 & Pyraminx Cube Combo (Stickerless) | Ideal for Kids Above 3 4 5 6 Years Old Boys Girls | 3 in 1 Speedcube Gift Set | High Speed Puzzle 3x3x3 2x2x2 Pyramid Triangle",B0D6G24GVB,cubelelo,0300 Games & Puzzles,0307 Non-wooden Puzzles,Toy,1460553,AMAZON_IN,4779,36,0.7533%,316.16,5,2376.20,5,63.23200,0.1046%,7.51582,5,2376.20,5,63.23200,0.1046%,7.51582,0,0.00,0,,,,,,,,,
INR,"Apr 02, 2026 - Apr 24, 2026","=""amzn1.ads-account.g.a5og6bnunpn8m911rke7gdql""",Cubelelo,279942205262904,BA - Generic - Mid & Low Volume,"=""405383753413943""","SP-KT - Lube Combo, Magic, Pyraminx, Skewb, Stand, Timer, Gear - Open - Mid & Low Volume - Exact & Phrase","=""515672683970502""",Magic - Mid & Low Volume - Exact & Phrase,B0BYVHGR5H,"Cubelelo Drift 2x2, 3x3 & Pyraminx Cube Combo (Stickerless) | Ideal for Kids Above 3 4 5 6 Years Old Boys Girls | 3 in 1 Speedcube Gift Set | High Speed Puzzle 3x3x3 2x2x2 Pyramid Triangle",B0D6G24GVB,cubelelo,0300 Games & Puzzles,0307 Non-wooden Puzzles,Toy,1460553,AMAZON_IN,8,0,0.0000%,0.00,0,0.00,0,,0.0000%,,0,0.00,0,,0.0000%,,0,0.00,0,,,,,,,,,
INR,"Apr 01, 2026 - Apr 30, 2026","=""amzn1.ads-account.g.a5og6bnunpn8m911rke7gdql""",Cubelelo,279942205262904,BA - Generic - Mid & Low Volume,"=""560766968003680""","SP-KT - Mirror, Infinity & Combo - Open - Mid & Low Volume - Exact & Phrase - UND","=""398270911795195""",Combo - Mid & Low Volume,B0BYVHGR5H,"Cubelelo Drift 2x2, 3x3 & Pyraminx Cube Combo (Stickerless) | Ideal for Kids Above 3 4 5 6 Years Old Boys Girls | 3 in 1 Speedcube Gift Set | High Speed Puzzle 3x3x3 2x2x2 Pyramid Triangle",B0D6G24GVB,cubelelo,0300 Games & Puzzles,0307 Non-wooden Puzzles,Toy,1460553,AMAZON_IN,1755,14,0.7977%,145.63,3,1454.29,3,48.54333,0.1709%,9.98620,3,1454.29,3,48.54333,0.1709%,9.98620,0,0.00,0,,,,,,,,,
INR,"Apr 01, 2026 - Apr 30, 2026","=""amzn1.ads-account.g.a5og6bnunpn8m911rke7gdql""",Cubelelo,152274827442004,BA - Competition - D Eternal,"=""546907838633970""",SP-PT - Comp - D Eternal - High Volume - Exact,"=""379711533982415""",D - eternal,B0BYVHGR5H,"Cubelelo Drift 2x2, 3x3 & Pyraminx Cube Combo (Stickerless) | Ideal for Kids Above 3 4 5 6 Years Old Boys Girls | 3 in 1 Speedcube Gift Set | High Speed Puzzle 3x3x3 2x2x2 Pyramid Triangle",B0D6G24GVB,cubelelo,0300 Games & Puzzles,0307 Non-wooden Puzzles,Toy,1460553,AMAZON_IN,116084,1696,1.4610%,24237.73,333,140072.74,335,72.78598,0.2869%,5.77912,263,122413.82,265,92.15867,0.2266%,5.05055,70,17658.92,70,,,,,,,,,
INR,"Apr 02, 2026 - Apr 30, 2026","=""amzn1.ads-account.g.a5og6bnunpn8m911rke7gdql""",Cubelelo,162147707583156,BA - Branded - Cubelelo,"=""329970929951347""",SP-KT - Branded - Cubelelo - Mid & Low Volume - Exact & Phrase - UND,"=""386093481557611""",Branded - 2x2,B0BYVHGR5H,"Cubelelo Drift 2x2, 3x3 & Pyraminx Cube Combo (Stickerless) | Ideal for Kids Above 3 4 5 6 Years Old Boys Girls | 3 in 1 Speedcube Gift Set | High Speed Puzzle 3x3x3 2x2x2 Pyramid Triangle",B0D6G24GVB,cubelelo,0300 Games & Puzzles,0307 Non-wooden Puzzles,Toy,1460553,AMAZON_IN,103,1,0.9709%,12.76,0,0.00,0,,0.0000%,0.00000,0,0.00,0,,0.0000%,0.00000,0,0.00,0,,,,,,,,,
INR,"Apr 01, 2026 - Apr 30, 2026","=""amzn1.ads-account.g.a5og6bnunpn8m911rke7gdql""",Cubelelo,108066094626813,BA - Generic - Extremely High Volume,"=""353368777045800""",SP-KT - Generic - 3x3 - 'Rubik's Cube 3x3 Speed Cube' - SKAG - High Volume - Exact - UND,"=""333014230375447""",Generic - 3x3 - High Volume SKAG,B0BYVHGR5H,"Cubelelo Drift 2x2, 3x3 & Pyraminx Cube Combo (Stickerless) | Ideal for Kids Above 3 4 5 6 Years Old Boys Girls | 3 in 1 Speedcube Gift Set | High Speed Puzzle 3x3x3 2x2x2 Pyramid Triangle",B0D6G24GVB,cubelelo,0300 Games & Puzzles,0307 Non-wooden Puzzles,Toy,1460553,AMAZON_IN,54568,388,0.7110%,3924.20,74,27739.99,76,53.02973,0.1356%,7.06895,48,22352.47,49,81.75417,0.0880%,5.69606,26,5387.52,27,,,,,,,,,
INR,"Apr 01, 2026 - Apr 30, 2026","=""amzn1.ads-account.g.a5og6bnunpn8m911rke7gdql""",Cubelelo,162147707583156,BA - Branded - Cubelelo,"=""329970929951347""",SP-KT - Branded - Cubelelo - Mid & Low Volume - Exact & Phrase - UND,"=""526301691836211""",Branded - 3x3 - Phrase,B0BYVHGR5H,"Cubelelo Drift 2x2, 3x3 & Pyraminx Cube Combo (Stickerless) | Ideal for Kids Above 3 4 5 6 Years Old Boys Girls | 3 in 1 Speedcube Gift Set | High Speed Puzzle 3x3x3 2x2x2 Pyramid Triangle",B0D6G24GVB,cubelelo,0300 Games & Puzzles,0307 Non-wooden Puzzles,Toy,1460553,AMAZON_IN,7657,35,0.4571%,394.44,13,7024.78,14,30.34154,0.1698%,17.80950,10,6084.78,11,39.44400,0.1306%,15.42638,3,940.00,3,,,,,,,,,
INR,"Apr 01, 2026 - Apr 30, 2026","=""amzn1.ads-account.g.a5og6bnunpn8m911rke7gdql""",Cubelelo,279942205262904,BA - Generic - Mid & Low Volume,"=""315451570129574""","SP-KT - Maglev, Mastermorphix, Puppet, Snake, Square1, Megaminx - Open - Mid & Low Volume - Exact & Phrase - UND","=""391120880267490""",Unique - Mid & Low Volume - Exact & Phrase,B0BYVHGR5H,"Cubelelo Drift 2x2, 3x3 & Pyraminx Cube Combo (Stickerless) | Ideal for Kids Above 3 4 5 6 Years Old Boys Girls | 3 in 1 Speedcube Gift Set | High Speed Puzzle 3x3x3 2x2x2 Pyramid Triangle",B0D6G24GVB,cubelelo,0300 Games & Puzzles,0307 Non-wooden Puzzles,Toy,1460553,AMAZON_IN,1068,10,0.9363%,128.52,0,0.00,0,,0.0000%,0.00000,0,0.00,0,,0.0000%,0.00000,0,0.00,0,,,,,,,,,
INR,"Apr 01, 2026 - Apr 30, 2026","=""amzn1.ads-account.g.a5og6bnunpn8m911rke7gdql""",Cubelelo,108066094626813,BA - Generic - Extremely High Volume,"=""530532259196935""","SP-KT - Megaminx, Pyramid, Timer & Gear - Open - High Volume - Exact","=""321431385380150""",Pyramid - High Volume,B0BYVHGR5H,"Cubelelo Drift 2x2, 3x3 & Pyraminx Cube Combo (Stickerless) | Ideal for Kids Above 3 4 5 6 Years Old Boys Girls | 3 in 1 Speedcube Gift Set | High Speed Puzzle 3x3x3 2x2x2 Pyramid Triangle",B0D6G24GVB,cubelelo,0300 Games & Puzzles,0307 Non-wooden Puzzles,Toy,1460553,AMAZON_IN,7399,43,0.5812%,438.96,7,3801.92,8,62.70857,0.0946%,8.66120,7,3801.92,8,62.70857,0.0946%,8.66120,0,0.00,0,,,,,,,,,
INR,"Apr 30, 2026 - Apr 30, 2026","=""amzn1.ads-account.g.a5og6bnunpn8m911rke7gdql""",Cubelelo,108066094626813,BA - Generic - Extremely High Volume,"=""345506724788622""","SP-KT - Mirror, Infinity & Combo - Open - High Volume - Exact","=""399619745424045""",Combo - High Volume SKAG,B0BYVHGR5H,"Cubelelo Drift 2x2, 3x3 & Pyraminx Cube Combo (Stickerless) | Ideal for Kids Above 3 4 5 6 Years Old Boys Girls | 3 in 1 Speedcube Gift Set | High Speed Puzzle 3x3x3 2x2x2 Pyramid Triangle",B0D6G24GVB,cubelelo,0300 Games & Puzzles,0307 Non-wooden Puzzles,Toy,1460553,AMAZON_IN,0,0,,0.00,0,0.00,0,,,,0,0.00,0,,,,0,0.00,0,,,,,,,,,
INR,"Apr 01, 2026 - Apr 30, 2026","=""amzn1.ads-account.g.a5og6bnunpn8m911rke7gdql""",Cubelelo,279942205262904,BA - Generic - Mid & Low Volume,"=""327104446426115""","SP-KT - Axis - Windmill - Fisher, Cylinder, Kids, Mini, Smart, Pyramid - Open - Mid & Low Volume - Exact & Phrase","=""287381957290883""",Cylinder - Mid & Low volume - Exact & Phrase,B0BYVHGR5H,"Cubelelo Drift 2x2, 3x3 & Pyraminx Cube Combo (Stickerless) | Ideal for Kids Above 3 4 5 6 Years Old Boys Girls | 3 in 1 Speedcube Gift Set | High Speed Puzzle 3x3x3 2x2x2 Pyramid Triangle",B0D6G24GVB,cubelelo,0300 Games & Puzzles,0307 Non-wooden Puzzles,Toy,1460553,AMAZON_IN,1600,2,0.1250%,32.60,0,0.00,0,,0.0000%,0.00000,0,0.00,0,,0.0000%,0.00000,0,0.00,0,,,,,,,,,
INR,"Apr 01, 2026 - Apr 30, 2026","=""amzn1.ads-account.g.a5og6bnunpn8m911rke7gdql""",Cubelelo,279942205262904,BA - Generic - Mid & Low Volume,"=""466977135029356""",SP-KT - Generic - 2x2 - Mid & Low Volume - Exact & Phrase,"=""398214295345341""",Generic - 2x2 - Mid & Low Volume,B0BYVHGR5H,"Cubelelo Drift 2x2, 3x3 & Pyraminx Cube Combo (Stickerless) | Ideal for Kids Above 3 4 5 6 Years Old Boys Girls | 3 in 1 Speedcube Gift Set | High Speed Puzzle 3x3x3 2x2x2 Pyramid Triangle",B0D6G24GVB,cubelelo,0300 Games & Puzzles,0307 Non-wooden Puzzles,Toy,1460553,AMAZON_IN,20888,121,0.5793%,1619.21,26,10495.26,26,62.27731,0.1245%,6.48172,21,9313.37,21,77.10524,0.1005%,5.75180,5,1181.89,5,,,,,,,,,
INR,"Apr 01, 2026 - Apr 30, 2026","=""amzn1.ads-account.g.a5og6bnunpn8m911rke7gdql""",Cubelelo,108066094626813,BA - Generic - Extremely High Volume,"=""495997417400177""",SP-KT - Generic - Open - 'Rubix Cube' - SKAG - High Volume - Exact,"=""536771283942162""",Generic - Open Searches - High Volume SKAG,B0BYVHGR5H,"Cubelelo Drift 2x2, 3x3 & Pyraminx Cube Combo (Stickerless) | Ideal for Kids Above 3 4 5 6 Years Old Boys Girls | 3 in 1 Speedcube Gift Set | High Speed Puzzle 3x3x3 2x2x2 Pyramid Triangle",B0D6G24GVB,cubelelo,0300 Games & Puzzles,0307 Non-wooden Puzzles,Toy,1460553,AMAZON_IN,29391,231,0.7860%,2504.76,26,11381.94,26,96.33692,0.0885%,4.54412,21,9788.61,21,119.27429,0.0715%,3.90800,5,1593.33,5,,,,,,,,,
INR,"Apr 01, 2026 - Apr 30, 2026","=""amzn1.ads-account.g.a5og6bnunpn8m911rke7gdql""",Cubelelo,279942205262904,BA - Generic - Mid & Low Volume,"=""334559235709808""",SP-KT - Generic - 3x3 - Mid & Low Volume - Exact & Phrase - UND,"=""412851408598744""",Generic - 3x3 - Mid & Low Volume,B0BVHL9JLB,"Cubelelo Drift 5-in-1 Cube Gift Box | 2x2, 3x3, 4x4, 5x5 and Secret Tutorial for Cubes Guide Book | Suitable for Kids & Adults | Magic Speedy Stress Buster Brainstorming Puzzle Multicolor Combo Set",B0F5QHH1XY,cubelelo,0300 Games & Puzzles,0307 Non-wooden Puzzles,Toy,B0BVHL9JLB,AMAZON_IN,13983,67,0.4792%,665.69,3,1852.37,5,221.89667,0.0215%,2.78263,2,1426.67,2,332.84500,0.0143%,2.14315,1,425.70,3,,,,,,,,,
INR,"Apr 04, 2026 - Apr 28, 2026","=""amzn1.ads-account.g.a5og6bnunpn8m911rke7gdql""",Cubelelo,279942205262904,BA - Generic - Mid & Low Volume,"=""316273786051120""",SD-CT - 3D Puzzle & Brain Teasers - Comp - Open - Broad - Old,"=""302660200409918""",Category Targeting,B0BVHL9JLB,"Cubelelo Drift 5-in-1 Cube Gift Box | 2x2, 3x3, 4x4, 5x5 and Secret Tutorial for Cubes Guide Book | Suitable for Kids & Adults | Magic Speedy Stress Buster Brainstorming Puzzle Multicolor Combo Set",B0F5QHH1XY,cubelelo,0300 Games & Puzzles,0307 Non-wooden Puzzles,Toy,B0BVHL9JLB,AMAZON_IN,9,0,0.0000%,0.00,0,0.00,0,,0.0000%,,0,0.00,0,,0.0000%,,0,0.00,0,0,0.00,0,,0.0000%,,0,,0.0000%
INR,"Apr 01, 2026 - Apr 30, 2026","=""amzn1.ads-account.g.a5og6bnunpn8m911rke7gdql""",Cubelelo,279942205262904,BA - Generic - Mid & Low Volume,"=""334559235709808""",SP-KT - Generic - 3x3 - Mid & Low Volume - Exact & Phrase - UND,"=""363319492631962""",Phrase - Generic - 3x3 - Mid & Low Volume,B0BVHL9JLB,"Cubelelo Drift 5-in-1 Cube Gift Box | 2x2, 3x3, 4x4, 5x5 and Secret Tutorial for Cubes Guide Book | Suitable for Kids & Adults | Magic Speedy Stress Buster Brainstorming Puzzle Multicolor Combo Set",B0F5QHH1XY,cubelelo,0300 Games & Puzzles,0307 Non-wooden Puzzles,Toy,B0BVHL9JLB,AMAZON_IN,8568,64,0.7470%,745.43,2,663.81,2,372.71500,0.0233%,0.89051,1,475.24,1,745.43000,0.0117%,0.63754,1,188.57,1,,,,,,,,,
INR,"Apr 01, 2026 - Apr 29, 2026","=""amzn1.ads-account.g.a5og6bnunpn8m911rke7gdql""",Cubelelo,279942205262904,BA - Generic - Mid & Low Volume,"=""498287583816355""","SP-KT - Generic - 5x5, 6x6, 7x7, Keychain - Mid & Low Volume - Exact & Phrase","=""490322774447990""",Generic - 5x5 - Mid & Low Volume,B0BVHL9JLB,"Cubelelo Drift 5-in-1 Cube Gift Box | 2x2, 3x3, 4x4, 5x5 and Secret Tutorial for Cubes Guide Book | Suitable for Kids & Adults | Magic Speedy Stress Buster Brainstorming Puzzle Multicolor Combo Set",B0F5QHH1XY,cubelelo,0300 Games & Puzzles,0307 Non-wooden Puzzles,Toy,B0BVHL9JLB,AMAZON_IN,3786,62,1.6376%,549.24,4,2758.09,4,137.31000,0.1057%,5.02165,3,2616.19,3,183.08000,0.0792%,4.76329,1,141.90,1,,,,,,,,,
INR,"Apr 01, 2026 - Apr 28, 2026","=""amzn1.ads-account.g.a5og6bnunpn8m911rke7gdql""",Cubelelo,162147707583156,BA - Branded - Cubelelo,"=""408832603271930""",BA_SP_KT_Brand Drift (3x3)_Phrase_09/23,"=""462288077097605""",Brand Drift (3x3),B0BVHL9JLB,"Cubelelo Drift 5-in-1 Cube Gift Box | 2x2, 3x3, 4x4, 5x5 and Secret Tutorial for Cubes Guide Book | Suitable for Kids & Adults | Magic Speedy Stress Buster Brainstorming Puzzle Multicolor Combo Set",B0F5QHH1XY,cubelelo,0300 Games & Puzzles,0307 Non-wooden Puzzles,Toy,B0BVHL9JLB,AMAZON_IN,555,6,1.0811%,53.91,1,665.71,1,53.91000,0.1802%,12.34854,1,665.71,1,53.91000,0.1802%,12.34854,0,0.00,0,,,,,,,,,
INR,"Apr 01, 2026 - Apr 30, 2026","=""amzn1.ads-account.g.a5og6bnunpn8m911rke7gdql""",Cubelelo,279942205262904,BA - Generic - Mid & Low Volume,"=""498287583816355""","SP-KT - Generic - 5x5, 6x6, 7x7, Keychain - Mid & Low Volume - Exact & Phrase","=""384271447348191""",Phrase - Generic - 5x5 - Mid & Low Volume,B0BVHL9JLB,"Cubelelo Drift 5-in-1 Cube Gift Box | 2x2, 3x3, 4x4, 5x5 and Secret Tutorial for Cubes Guide Book | Suitable for Kids & Adults | Magic Speedy Stress Buster Brainstorming Puzzle Multicolor Combo Set",B0F5QHH1XY,cubelelo,0300 Games & Puzzles,0307 Non-wooden Puzzles,Toy,B0BVHL9JLB,AMAZON_IN,7169,115,1.6041%,1026.51,5,4471.43,5,205.30200,0.0697%,4.35595,5,4471.43,5,205.30200,0.0697%,4.35595,0,0.00,0,,,,,,,,,
INR,"Apr 01, 2026 - Apr 30, 2026","=""amzn1.ads-account.g.a5og6bnunpn8m911rke7gdql""",Cubelelo,108066094626813,BA - Generic - Extremely High Volume,"=""484046863276712""",SP-KT - Generic - Open - 'Rubik's Cube' - SKAG - High Volume - Exact,"=""514344038519157""",Generic - Open Searches - High Volume SKAG,B0BVHL9JLB,"Cubelelo Drift 5-in-1 Cube Gift Box | 2x2, 3x3, 4x4, 5x5 and Secret Tutorial for Cubes Guide Book | Suitable for Kids & Adults | Magic Speedy Stress Buster Brainstorming Puzzle Multicolor Combo Set",B0F5QHH1XY,cubelelo,0300 Games & Puzzles,0307 Non-wooden Puzzles,Toy,B0BVHL9JLB,AMAZON_IN,32782,220,0.6711%,2402.74,9,4065.70,9,266.97111,0.0275%,1.69211,4,3280.96,4,600.68500,0.0122%,1.36551,5,784.74,5,,,,,,,,,
INR,"Apr 01, 2026 - Apr 30, 2026","=""amzn1.ads-account.g.a5og6bnunpn8m911rke7gdql""",Cubelelo,106276615587889,BA - Wooden Toys,"=""414214833476538""",SP-KT - Wooden Beads Threading Lacing - Mid & low Volume - Exact,"=""418373598476154""",KT - Wooden Beads,B0C3H8JJGQ,Cubelelo Wooden Beads Threading Lacing Game | DIY Lace & String Beading Kit | Multicolor Beads Rope Sewing Toy for Children Kids Boys Girls | Develops Creativity & Imagination | Puzzle,B0CJFV8XZT,cubelelo,"0200 Arts, Crafts & School Supplies",0208 Pearls & Jewelry,Toy,4001039,AMAZON_IN,9178,91,0.9915%,548.99,6,3994.26,6,91.49833,0.0654%,7.27565,6,3994.26,6,91.49833,0.0654%,7.27565,0,0.00,0,,,,,,,,,
INR,"Apr 01, 2026 - Apr 30, 2026","=""amzn1.ads-account.g.a5og6bnunpn8m911rke7gdql""",Cubelelo,106276615587889,BA - Wooden Toys,"=""312905165546329""",SP-PT - Wooden Toy Beads Threading Lacing - Lower ASP - High Volume - Exact,"=""502296326188185""",SP-PT - Wooden Beads Threading Lacing - Lower ASP - High Volume - Exact,B0C3H8JJGQ,Cubelelo Wooden Beads Threading Lacing Game | DIY Lace & String Beading Kit | Multicolor Beads Rope Sewing Toy for Children Kids Boys Girls | Develops Creativity & Imagination | Puzzle,B0CJFV8XZT,cubelelo,"0200 Arts, Crafts & School Supplies",0208 Pearls & Jewelry,Toy,4001039,AMAZON_IN,4010,75,1.8703%,701.21,10,6371.39,10,70.12100,0.2494%,9.08628,9,5991.39,9,77.91222,0.2244%,8.54436,1,380.00,1,,,,,,,,,
INR,"Apr 01, 2026 - Apr 30, 2026","=""amzn1.ads-account.g.a5og6bnunpn8m911rke7gdql""",Cubelelo,279942205262904,BA - Generic - Mid & Low Volume,"=""315451570129574""","SP-KT - Maglev, Mastermorphix, Puppet, Snake, Square1, Megaminx - Open - Mid & Low Volume - Exact & Phrase - UND","=""429913349679527""",Megaminx - Mid & Low Volume - Exact & Phrase,B0CGNXF2HT,Cubelelo Drift 2x2 Megaminx & 3x3 Megaminx Puzzle Combo | Dual Magic Cube Set for Challenging & Fun Puzzle Solving | Stickerless Speed Cubes for Kids & Adults,-1,cubelelo,0300 Games & Puzzles,0307 Non-wooden Puzzles,Toy,CLB0183,AMAZON_IN,11632,53,0.4556%,550.46,8,6400.95,8,68.80750,0.0688%,11.62837,8,6400.95,8,68.80750,0.0688%,11.62837,0,0.00,0,,,,,,,,,
INR,"Apr 02, 2026 - Apr 30, 2026","=""amzn1.ads-account.g.a5og6bnunpn8m911rke7gdql""",Cubelelo,108066094626813,BA - Generic - Extremely High Volume,"=""530532259196935""","SP-KT - Megaminx, Pyramid, Timer & Gear - Open - High Volume - Exact","=""360566109921119""",Megaminx - High Volume SKAG,B0CGNXF2HT,Cubelelo Drift 2x2 Megaminx & 3x3 Megaminx Puzzle Combo | Dual Magic Cube Set for Challenging & Fun Puzzle Solving | Stickerless Speed Cubes for Kids & Adults,-1,cubelelo,0300 Games & Puzzles,0307 Non-wooden Puzzles,Toy,CLB0183,AMAZON_IN,1471,7,0.4759%,107.39,1,1237.14,1,107.39000,0.0680%,11.52007,1,1237.14,1,107.39000,0.0680%,11.52007,0,0.00,0,,,,,,,,,
INR,"Apr 02, 2026 - Apr 30, 2026","=""amzn1.ads-account.g.a5og6bnunpn8m911rke7gdql""",Cubelelo,279942205262904,BA - Generic - Mid & Low Volume,"=""315451570129574""","SP-KT - Maglev, Mastermorphix, Puppet, Snake, Square1, Megaminx - Open - Mid & Low Volume - Exact & Phrase - UND","=""391120880267490""",Unique - Mid & Low Volume - Exact & Phrase,B0CGNXF2HT,Cubelelo Drift 2x2 Megaminx & 3x3 Megaminx Puzzle Combo | Dual Magic Cube Set for Challenging & Fun Puzzle Solving | Stickerless Speed Cubes for Kids & Adults,-1,cubelelo,0300 Games & Puzzles,0307 Non-wooden Puzzles,Toy,CLB0183,AMAZON_IN,2264,9,0.3975%,108.50,0,0.00,0,,0.0000%,0.00000,0,0.00,0,,0.0000%,0.00000,0,0.00,0,,,,,,,,,
INR,"Apr 01, 2026 - Apr 30, 2026","=""amzn1.ads-account.g.a5og6bnunpn8m911rke7gdql""",Cubelelo,182829498693993,BA - Competition - GAN,"=""491880598355368""",SP-KT - Comp - GAN - 3x3 - Mid & Low Volume - Exact & Phrase,"=""351640142731378""",Phrase - SKAG,B0FB8VSWYZ,Cubelelo GAN 356 ME (v3-Frosted) 3x3 Magnetic Speed Cube | New Version | Premium Smooth Turning Puzzle for Speedcubing | Fast & Stable Competition-Ready Cube for Beginners & Professionals,B0DX26WL82,cubelelo,0300 Games & Puzzles,0301 Family Board / Action,Toy,1030553,AMAZON_IN,415,5,1.2048%,11.11,0,0.00,0,,0.0000%,0.00000,0,0.00,0,,0.0000%,0.00000,0,0.00,0,,,,,,,,,
INR,"Apr 01, 2026 - Apr 30, 2026","=""amzn1.ads-account.g.a5og6bnunpn8m911rke7gdql""",Cubelelo,182829498693993,BA - Competition - GAN,"=""287167733706633""",SP-KT - Comp - GAN - Generic - High Volume - Exact,"=""497061644898658""",Gan - Generic - High Volume,B0FB8VSWYZ,Cubelelo GAN 356 ME (v3-Frosted) 3x3 Magnetic Speed Cube | New Version | Premium Smooth Turning Puzzle for Speedcubing | Fast & Stable Competition-Ready Cube for Beginners & Professionals,B0DX26WL82,cubelelo,0300 Games & Puzzles,0301 Family Board / Action,Toy,1030553,AMAZON_IN,1601,18,1.1243%,104.01,0,0.00,0,,0.0000%,0.00000,0,0.00,0,,0.0000%,0.00000,0,0.00,0,,,,,,,,,
INR,"Apr 01, 2026 - Apr 30, 2026","=""amzn1.ads-account.g.a5og6bnunpn8m911rke7gdql""",Cubelelo,182829498693993,BA - Competition - GAN,"=""548052105782309""",SP-KT - Comp - GAN - 3x3 - High Volume - Exact,"=""489910891681991""",Gan - 3x3 - High Volume,B0FB8VSWYZ,Cubelelo GAN 356 ME (v3-Frosted) 3x3 Magnetic Speed Cube | New Version | Premium Smooth Turning Puzzle for Speedcubing | Fast & Stable Competition-Ready Cube for Beginners & Professionals,B0DX26WL82,cubelelo,0300 Games & Puzzles,0301 Family Board / Action,Toy,1030553,AMAZON_IN,448,22,4.9107%,77.10,0,0.00,0,,0.0000%,0.00000,0,0.00,0,,0.0000%,0.00000,0,0.00,0,,,,,,,,,
INR,"Apr 01, 2026 - Apr 30, 2026","=""amzn1.ads-account.g.a5og6bnunpn8m911rke7gdql""",Cubelelo,182829498693993,BA - Competition - GAN,"=""303138629347007""",SP-KT - Comp - GAN - Generic - Mid & Low Volume - Exact & Phrase,"=""439855833331529""",Gan - Generic - Mid & Low Volume,B0FB8VSWYZ,Cubelelo GAN 356 ME (v3-Frosted) 3x3 Magnetic Speed Cube | New Version | Premium Smooth Turning Puzzle for Speedcubing | Fast & Stable Competition-Ready Cube for Beginners & Professionals,B0DX26WL82,cubelelo,0300 Games & Puzzles,0301 Family Board / Action,Toy,1030553,AMAZON_IN,9109,336,3.6887%,1675.09,14,19632.37,15,119.64929,0.1537%,11.72019,7,16660.00,7,239.29857,0.0768%,9.94573,7,2972.37,8,,,,,,,,,
INR,"Apr 01, 2026 - Apr 30, 2026","=""amzn1.ads-account.g.a5og6bnunpn8m911rke7gdql""",Cubelelo,143920007876206,BA - Megaminx Gan,"=""72913969349326""",SP - KT - GAN - Generic - High Volume - Exact - UND,"=""221819563115596""",GAN - High Volume - Exact,B0FB8VSWYZ,Cubelelo GAN 356 ME (v3-Frosted) 3x3 Magnetic Speed Cube | New Version | Premium Smooth Turning Puzzle for Speedcubing | Fast & Stable Competition-Ready Cube for Beginners & Professionals,B0DX26WL82,cubelelo,0300 Games & Puzzles,0301 Family Board / Action,Toy,1030553,AMAZON_IN,43829,645,1.4716%,2886.77,18,34352.38,18,160.37611,0.0411%,11.89994,14,33320.00,14,206.19786,0.0319%,11.54231,4,1032.38,4,,,,,,,,,
INR,"Apr 01, 2026 - Apr 30, 2026","=""amzn1.ads-account.g.a5og6bnunpn8m911rke7gdql""",Cubelelo,143920007876206,BA - Megaminx Gan,"=""251982080013737""",SP-KT - GAN - Comp - Mid & Low Volume - Exact & Phrase - UND,"=""224709414529360""",GAN - 3x3 Magnetic - Exact & Phrase,B0FB8VSWYZ,Cubelelo GAN 356 ME (v3-Frosted) 3x3 Magnetic Speed Cube | New Version | Premium Smooth Turning Puzzle for Speedcubing | Fast & Stable Competition-Ready Cube for Beginners & Professionals,B0DX26WL82,cubelelo,0300 Games & Puzzles,0301 Family Board / Action,Toy,1030553,AMAZON_IN,5826,145,2.4888%,697.34,5,9661.90,5,139.46800,0.0858%,13.85537,4,9520.00,4,174.33500,0.0687%,13.65188,1,141.90,1,,,,,,,,,
INR,"Apr 01, 2026 - Apr 30, 2026","=""amzn1.ads-account.g.a5og6bnunpn8m911rke7gdql""",Cubelelo,143920007876206,BA - Megaminx Gan,"=""251982080013737""",SP-KT - GAN - Comp - Mid & Low Volume - Exact & Phrase - UND,"=""95314050722662""",GAN - Model Specific - Exact & Phrase,B0FB8VSWYZ,Cubelelo GAN 356 ME (v3-Frosted) 3x3 Magnetic Speed Cube | New Version | Premium Smooth Turning Puzzle for Speedcubing | Fast & Stable Competition-Ready Cube for Beginners & Professionals,B0DX26WL82,cubelelo,0300 Games & Puzzles,0301 Family Board / Action,Toy,1030553,AMAZON_IN,1680,43,2.5595%,227.40,0,0.00,0,,0.0000%,0.00000,0,0.00,0,,0.0000%,0.00000,0,0.00,0,,,,,,,,,
INR,"Apr 01, 2026 - Apr 30, 2026","=""amzn1.ads-account.g.a5og6bnunpn8m911rke7gdql""",Cubelelo,182829498693993,BA - Competition - GAN,"=""491880598355368""",SP-KT - Comp - GAN - 3x3 - Mid & Low Volume - Exact & Phrase,"=""404568450484859""",Gan - 3x3 - Mid & Low Volume,B0FB8VSWYZ,Cubelelo GAN 356 ME (v3-Frosted) 3x3 Magnetic Speed Cube | New Version | Premium Smooth Turning Puzzle for Speedcubing | Fast & Stable Competition-Ready Cube for Beginners & Professionals,B0DX26WL82,cubelelo,0300 Games & Puzzles,0301 Family Board / Action,Toy,1030553,AMAZON_IN,1163,33,2.8375%,95.96,0,0.00,0,,0.0000%,0.00000,0,0.00,0,,0.0000%,0.00000,0,0.00,0,,,,,,,,,
INR,"Apr 01, 2026 - Apr 30, 2026","=""amzn1.ads-account.g.a5og6bnunpn8m911rke7gdql""",Cubelelo,279942205262904,BA - Generic - Mid & Low Volume,"=""315451570129574""","SP-KT - Maglev, Mastermorphix, Puppet, Snake, Square1, Megaminx - Open - Mid & Low Volume - Exact & Phrase - UND","=""391120880267490""",Unique - Mid & Low Volume - Exact & Phrase,B08XJZW1T8,"Cubelelo Drift Axis, Fisher & Windmill v2 Tiled Gift Box | Unique Puzzle Combo for Kids & Adults | Smooth & Durable Cubes for Puzzle Enthusiasts",B0F1YY4MBJ,cubelelo,0300 Games & Puzzles,0307 Non-wooden Puzzles,Toy,1460560_gp,AMAZON_IN,1836,18,0.9804%,61.31,1,665.71,1,61.31000,0.0545%,10.85810,0,0.00,0,,0.0000%,0.00000,1,665.71,1,,,,,,,,,
INR,"Apr 01, 2026 - Apr 30, 2026","=""amzn1.ads-account.g.a5og6bnunpn8m911rke7gdql""",Cubelelo,279942205262904,BA - Generic - Mid & Low Volume,"=""327104446426115""","SP-KT - Axis - Windmill - Fisher, Cylinder, Kids, Mini, Smart, Pyramid - Open - Mid & Low Volume - Exact & Phrase","=""287381957290883""",Cylinder - Mid & Low volume - Exact & Phrase,B08XJZW1T8,"Cubelelo Drift Axis, Fisher & Windmill v2 Tiled Gift Box | Unique Puzzle Combo for Kids & Adults | Smooth & Durable Cubes for Puzzle Enthusiasts",B0F1YY4MBJ,cubelelo,0300 Games & Puzzles,0307 Non-wooden Puzzles,Toy,1460560_gp,AMAZON_IN,442,4,0.9050%,24.45,0,0.00,0,,0.0000%,0.00000,0,0.00,0,,0.0000%,0.00000,0,0.00,0,,,,,,,,,
INR,"Apr 01, 2026 - Apr 30, 2026","=""amzn1.ads-account.g.a5og6bnunpn8m911rke7gdql""",Cubelelo,279942205262904,BA - Generic - Mid & Low Volume,"=""327104446426115""","SP-KT - Axis - Windmill - Fisher, Cylinder, Kids, Mini, Smart, Pyramid - Open - Mid & Low Volume - Exact & Phrase","=""338572243352605""","PT - Axis, Windmill, Fisher",B08XJZW1T8,"Cubelelo Drift Axis, Fisher & Windmill v2 Tiled Gift Box | Unique Puzzle Combo for Kids & Adults | Smooth & Durable Cubes for Puzzle Enthusiasts",B0F1YY4MBJ,cubelelo,0300 Games & Puzzles,0307 Non-wooden Puzzles,Toy,1460560_gp,AMAZON_IN,577,16,2.7730%,303.88,3,2549.52,3,101.29333,0.5199%,8.38989,1,808.57,1,303.88000,0.1733%,2.66082,2,1740.95,2,,,,,,,,,
INR,"Apr 01, 2026 - Apr 30, 2026","=""amzn1.ads-account.g.a5og6bnunpn8m911rke7gdql""",Cubelelo,279942205262904,BA - Generic - Mid & Low Volume,"=""327104446426115""","SP-KT - Axis - Windmill - Fisher, Cylinder, Kids, Mini, Smart, Pyramid - Open - Mid & Low Volume - Exact & Phrase","=""423861844641216""",Axis - Windmill - Fisher - Mid & Low Volume - Exact & Phrase,B08XJZW1T8,"Cubelelo Drift Axis, Fisher & Windmill v2 Tiled Gift Box | Unique Puzzle Combo for Kids & Adults | Smooth & Durable Cubes for Puzzle Enthusiasts",B0F1YY4MBJ,cubelelo,0300 Games & Puzzles,0307 Non-wooden Puzzles,Toy,1460560_gp,AMAZON_IN,663,19,2.8658%,77.28,2,1121.90,2,38.64000,0.3017%,14.51734,2,1121.90,2,38.64000,0.3017%,14.51734,0,0.00,0,,,,,,,,,
INR,"Apr 08, 2026 - Apr 24, 2026","=""amzn1.ads-account.g.a5og6bnunpn8m911rke7gdql""",Cubelelo,279942205262904,BA - Generic - Mid & Low Volume,"=""327104446426115""","SP-KT - Axis - Windmill - Fisher, Cylinder, Kids, Mini, Smart, Pyramid - Open - Mid & Low Volume - Exact & Phrase","=""528810430432085""",Mini - Mid & Low Volume - Exact & Phrase,B088K8PLS9,"Cubelelo Drift Keychain 3x3 (Stickered) Mini Speed Cube - Compact & Portable Puzzle Keychain Pack of 2 for Kids & Adults | Smooth Turning, Fun & Engaging Travel Toy & Unique Gift Idea",B0D9VS131F,cubelelo,0300 Games & Puzzles,0307 Non-wooden Puzzles,Toy,1960043,AMAZON_IN,4,0,0.0000%,0.00,0,0.00,0,,0.0000%,,0,0.00,0,,0.0000%,,0,0.00,0,,,,,,,,,
INR,"Apr 01, 2026 - Apr 30, 2026","=""amzn1.ads-account.g.a5og6bnunpn8m911rke7gdql""",Cubelelo,279942205262904,BA - Generic - Mid & Low Volume,"=""498287583816355""","SP-KT - Generic - 5x5, 6x6, 7x7, Keychain - Mid & Low Volume - Exact & Phrase","=""384271447348191""",Phrase - Generic - 5x5 - Mid & Low Volume,B09QCL5JCC,Cubelelo Drift 5M 5x5 (Magnetic) Stickerless Speed Cube Magic Puzzle for Kids & Adults Speedy Stress Buster Brainstorming Cube,B0CWDC1YJL,cubelelo,0300 Games & Puzzles,0307 Non-wooden Puzzles,Toy,1050600,AMAZON_IN,2867,33,1.1510%,318.61,1,1332.38,1,318.61000,0.0349%,4.18185,1,1332.38,1,318.61000,0.0349%,4.18185,0,0.00,0,,,,,,,,,
INR,"Apr 01, 2026 - Apr 30, 2026","=""amzn1.ads-account.g.a5og6bnunpn8m911rke7gdql""",Cubelelo,279942205262904,BA - Generic - Mid & Low Volume,"=""498287583816355""","SP-KT - Generic - 5x5, 6x6, 7x7, Keychain - Mid & Low Volume - Exact & Phrase","=""490322774447990""",Generic - 5x5 - Mid & Low Volume,B09QCL5JCC,Cubelelo Drift 5M 5x5 (Magnetic) Stickerless Speed Cube Magic Puzzle for Kids & Adults Speedy Stress Buster Brainstorming Cube,B0CWDC1YJL,cubelelo,0300 Games & Puzzles,0307 Non-wooden Puzzles,Toy,1050600,AMAZON_IN,608,7,1.1513%,36.33,2,1760.00,2,18.16500,0.3289%,48.44481,2,1760.00,2,18.16500,0.3289%,48.44481,0,0.00,0,,,,,,,,,
INR,"Apr 28, 2026 - Apr 28, 2026","=""amzn1.ads-account.g.a5og6bnunpn8m911rke7gdql""",Cubelelo,279942205262904,BA - Generic - Mid & Low Volume,"=""369883644681767""","SP-KT - Magnetic - Open, 2x2, 4x4, 5x5 - High Volume - Exact & Phrase","=""549377709953283""",Phrase - Magnetic - 5x5 - Mid & Low Volume,B09QCL5JCC,Cubelelo Drift 5M 5x5 (Magnetic) Stickerless Speed Cube Magic Puzzle for Kids & Adults Speedy Stress Buster Brainstorming Cube,B0CWDC1YJL,cubelelo,0300 Games & Puzzles,0307 Non-wooden Puzzles,Toy,1050600,AMAZON_IN,1,0,0.0000%,0.00,0,0.00,0,,0.0000%,,0,0.00,0,,0.0000%,,0,0.00,0,,,,,,,,,
INR,"Apr 01, 2026 - Apr 30, 2026","=""amzn1.ads-account.g.a5og6bnunpn8m911rke7gdql""",Cubelelo,108066094626813,BA - Generic - Extremely High Volume,"=""530532259196935""","SP-KT - Megaminx, Pyramid, Timer & Gear - Open - High Volume - Exact","=""402396258219983""",Gear - High Volume SKAG,B0CP1XHDTC,"Cubelelo Drift Gear 3x3 Tiled Black Puzzle - Unique Gear Mechanism Speedcube for Enthusiasts & Beginners | Durable, Smooth-Turning, and Visually Striking 3x3 Magic Cube for Kid",B0CP2C3BXN,cubelelo,0300 Games & Puzzles,0307 Non-wooden Puzzles,Toy,1140034,AMAZON_IN,5578,125,2.2409%,480.94,18,8001.91,18,26.71889,0.3227%,16.63806,14,6710.49,14,34.35286,0.2510%,13.95286,4,1291.42,4,,,,,,,,,
INR,"Apr 30, 2026 - Apr 30, 2026","=""amzn1.ads-account.g.a5og6bnunpn8m911rke7gdql""",Cubelelo,279942205262904,BA - Generic - Mid & Low Volume,"=""405383753413943""","SP-KT - Lube Combo, Magic, Pyraminx, Skewb, Stand, Timer, Gear - Open - Mid & Low Volume - Exact & Phrase","=""336660360115507""",Gear - Mid & Low Volume - Exact & Phrase,B0CP1XHDTC,"Cubelelo Drift Gear 3x3 Tiled Black Puzzle - Unique Gear Mechanism Speedcube for Enthusiasts & Beginners | Durable, Smooth-Turning, and Visually Striking 3x3 Magic Cube for Kid",B0CP2C3BXN,cubelelo,0300 Games & Puzzles,0307 Non-wooden Puzzles,Toy,1140034,AMAZON_IN,8,0,0.0000%,0.00,0,0.00,0,,0.0000%,,0,0.00,0,,0.0000%,,0,0.00,0,,,,,,,,,
INR,"Apr 01, 2026 - Apr 30, 2026","=""amzn1.ads-account.g.a5og6bnunpn8m911rke7gdql""",Cubelelo,162147707583156,BA - Branded - Cubelelo,"=""329970929951347""",SP-KT - Branded - Cubelelo - Mid & Low Volume - Exact & Phrase - UND,"=""360220929148821""",Mirror,B08N19CLYJ,Cubelelo Drift 3x3 & Blue Mirror Cube Premium Gift Box | Speedcube Set for Kids & Adults | Smooth & Durable Puzzle Combo | Ideal Gift for Puzzle Lovers,-1,cubelelo,0300 Games & Puzzles,0307 Non-wooden Puzzles,Toy,1460507,AMAZON_IN,4629,40,0.8641%,288.90,9,3093.34,9,32.10000,0.1944%,10.70730,3,1138.10,3,96.30000,0.0648%,3.93943,6,1955.24,6,,,,,,,,,
INR,"Apr 01, 2026 - Apr 30, 2026","=""amzn1.ads-account.g.a5og6bnunpn8m911rke7gdql""",Cubelelo,162147707583156,BA - Branded - Cubelelo,"=""329970929951347""",SP-KT - Branded - Cubelelo - Mid & Low Volume - Exact & Phrase - UND,"=""560146263793792""",Combo,B08N19CLYJ,Cubelelo Drift 3x3 & Blue Mirror Cube Premium Gift Box | Speedcube Set for Kids & Adults | Smooth & Durable Puzzle Combo | Ideal Gift for Puzzle Lovers,-1,cubelelo,0300 Games & Puzzles,0307 Non-wooden Puzzles,Toy,1460507,AMAZON_IN,8297,37,0.4459%,352.90,5,2184.77,5,70.58000,0.0603%,6.19090,4,1996.20,4,88.22500,0.0482%,5.65656,1,188.57,1,,,,,,,,,
INR,"Apr 01, 2026 - Apr 30, 2026","=""amzn1.ads-account.g.a5og6bnunpn8m911rke7gdql""",Cubelelo,162147707583156,BA - Branded - Cubelelo,"=""329970929951347""",SP-KT - Branded - Cubelelo - Mid & Low Volume - Exact & Phrase - UND,"=""298700263606024""",Branded,B0DRVTQ6NM,Cubelelo Drift 3x3 Mirror Color (Tiled) Speedcube | New Colored Version Looks Fantastic with Buttery Smooth Turns | Ideal for Kids Above 5 Years Old | Unique Shape-Shifting Design for Puzzle Toy,B0DWMW5ZNX,cubelelo,0300 Games & Puzzles,0301 Family Board / Action,Toy,1120038,AMAZON_IN,10680,47,0.4401%,417.77,4,1063.81,4,104.44250,0.0375%,2.54640,3,760.00,3,139.25667,0.0281%,1.81918,1,303.81,1,,,,,,,,,
INR,"Apr 01, 2026 - Apr 30, 2026","=""amzn1.ads-account.g.a5og6bnunpn8m911rke7gdql""",Cubelelo,279942205262904,BA - Generic - Mid & Low Volume,"=""315451570129574""","SP-KT - Maglev, Mastermorphix, Puppet, Snake, Square1, Megaminx - Open - Mid & Low Volume - Exact & Phrase - UND","=""455806518818545""",Metallic - Mid & Low Volume - Exact & Phrase,B0DRVTQ6NM,Cubelelo Drift 3x3 Mirror Color (Tiled) Speedcube | New Colored Version Looks Fantastic with Buttery Smooth Turns | Ideal for Kids Above 5 Years Old | Unique Shape-Shifting Design for Puzzle Toy,B0DWMW5ZNX,cubelelo,0300 Games & Puzzles,0301 Family Board / Action,Toy,1120038,AMAZON_IN,229,1,0.4367%,2.61,0,0.00,0,,0.0000%,0.00000,0,0.00,0,,0.0000%,0.00000,0,0.00,0,,,,,,,,,
INR,"Apr 01, 2026 - Apr 30, 2026","=""amzn1.ads-account.g.a5og6bnunpn8m911rke7gdql""",Cubelelo,162147707583156,BA - Branded - Cubelelo,"=""433317578586761""",SP-KT - Branded - Cubelelo - High Volume - Exact,"=""332121459254132""",Branded - SKAG,B0DRVTQ6NM,Cubelelo Drift 3x3 Mirror Color (Tiled) Speedcube | New Colored Version Looks Fantastic with Buttery Smooth Turns | Ideal for Kids Above 5 Years Old | Unique Shape-Shifting Design for Puzzle Toy,B0DWMW5ZNX,cubelelo,0300 Games & Puzzles,0301 Family Board / Action,Toy,1120038,AMAZON_IN,57652,211,0.3660%,1616.25,17,7577.12,18,95.07353,0.0295%,4.68809,4,2232.38,5,404.06250,0.0069%,1.38121,13,5344.74,13,,,,,,,,,
INR,"Apr 01, 2026 - Apr 30, 2026","=""amzn1.ads-account.g.a5og6bnunpn8m911rke7gdql""",Cubelelo,162147707583156,BA - Branded - Cubelelo,"=""329970929951347""",SP-KT - Branded - Cubelelo - Mid & Low Volume - Exact & Phrase - UND,"=""360220929148821""",Mirror,B0DRVTQ6NM,Cubelelo Drift 3x3 Mirror Color (Tiled) Speedcube | New Colored Version Looks Fantastic with Buttery Smooth Turns | Ideal for Kids Above 5 Years Old | Unique Shape-Shifting Design for Puzzle Toy,B0DWMW5ZNX,cubelelo,0300 Games & Puzzles,0301 Family Board / Action,Toy,1120038,AMAZON_IN,1090,0,0.0000%,0.00,0,0.00,0,,0.0000%,,0,0.00,0,,0.0000%,,0,0.00,0,,,,,,,,,
INR,"Apr 02, 2026 - Apr 30, 2026","=""amzn1.ads-account.g.a5og6bnunpn8m911rke7gdql""",Cubelelo,162147707583156,BA - Branded - Cubelelo,"=""329970929951347""",SP-KT - Branded - Cubelelo - Mid & Low Volume - Exact & Phrase - UND,"=""535729251693727""",Branded - Phrase,B0DRVTQ6NM,Cubelelo Drift 3x3 Mirror Color (Tiled) Speedcube | New Colored Version Looks Fantastic with Buttery Smooth Turns | Ideal for Kids Above 5 Years Old | Unique Shape-Shifting Design for Puzzle Toy,B0DWMW5ZNX,cubelelo,0300 Games & Puzzles,0301 Family Board / Action,Toy,1120038,AMAZON_IN,370,1,0.2703%,6.65,0,0.00,0,,0.0000%,0.00000,0,0.00,0,,0.0000%,0.00000,0,0.00,0,,,,,,,,,
INR,"Apr 01, 2026 - Apr 30, 2026","=""amzn1.ads-account.g.a5og6bnunpn8m911rke7gdql""",Cubelelo,84309541083410,BA - Tangram,"=""128958768411602""",SP - PT - Tangram - Smart Toys - Comp - Exact,"=""486903524661025""",Tangram,B0GH18NXXG,"Cubelelo Drift Magnetic Tangram Puzzle | with Strong Magnets, Wooden Pieces & Bold Colors | Toys for 5-10 Years Old Boys Girls & Adults | Travel Friendly, Educational Toy for Return & Birthday Gifts",B0GH7Q6WH6,cubelelo,0300 Games & Puzzles,0330 Brainteasers,Toy,1630222,AMAZON_IN,31506,428,1.3585%,3025.66,22,8170.52,22,137.53000,0.0698%,2.70041,19,7201.95,19,159.24526,0.0603%,2.38029,3,968.57,3,,,,,,,,,
INR,"Apr 01, 2026 - Apr 30, 2026","=""amzn1.ads-account.g.a5og6bnunpn8m911rke7gdql""",Cubelelo,84309541083410,BA - Tangram,"=""220146118616523""",SP-KT - Generic - Tangram - Mid Volume - Exact,"=""458607784148815""",Tangram,B0GH18NXXG,"Cubelelo Drift Magnetic Tangram Puzzle | with Strong Magnets, Wooden Pieces & Bold Colors | Toys for 5-10 Years Old Boys Girls & Adults | Travel Friendly, Educational Toy for Return & Birthday Gifts",B0GH7Q6WH6,cubelelo,0300 Games & Puzzles,0330 Brainteasers,Toy,1630222,AMAZON_IN,37701,506,1.3421%,5939.91,59,21954.41,61,100.67644,0.1565%,3.69609,53,19760.12,55,112.07377,0.1406%,3.32667,6,2194.29,6,,,,,,,,,
INR,"Apr 01, 2026 - Apr 30, 2026","=""amzn1.ads-account.g.a5og6bnunpn8m911rke7gdql""",Cubelelo,84309541083410,BA - Tangram,"=""215668526840756""",BA - SBV - KT - Tangram - Generic - Mid Volume - Exact,"=""288789520683773""",Tangram,B0GH18NXXG,"Cubelelo Drift Magnetic Tangram Puzzle | with Strong Magnets, Wooden Pieces & Bold Colors | Toys for 5-10 Years Old Boys Girls & Adults | Travel Friendly, Educational Toy for Return & Birthday Gifts",B0GH7Q6WH6,cubelelo,0300 Games & Puzzles,0330 Brainteasers,Toy,,AMAZON_IN,9138,108,1.1819%,4705.10,14,23501.10,62,336.07857,0.1532%,4.99481,14,23501.10,62,336.07857,0.1532%,4.99481,0,0.00,0,12,19331.55,51,392.09167,0.1313%,4.10864,225,20.91156,2.4622%
INR,"Apr 09, 2026 - Apr 30, 2026","=""amzn1.ads-account.g.a5og6bnunpn8m911rke7gdql""",Cubelelo,84309541083410,BA - Tangram,"=""46982620548775""",SP - PT - Tangram - NB - Comp - Pelikas - Exact - DO,"=""232387008761635""",Tangram,B0GH18NXXG,"Cubelelo Drift Magnetic Tangram Puzzle | with Strong Magnets, Wooden Pieces & Bold Colors | Toys for 5-10 Years Old Boys Girls & Adults | Travel Friendly, Educational Toy for Return & Birthday Gifts",B0GH7Q6WH6,cubelelo,0300 Games & Puzzles,0330 Brainteasers,Toy,1630222,AMAZON_IN,47004,930,1.9786%,12407.29,78,28521.08,80,159.06782,0.1659%,2.29874,60,23122.03,62,206.78817,0.1276%,1.86358,18,5399.05,18,,,,,,,,,
INR,"Apr 01, 2026 - Apr 30, 2026","=""amzn1.ads-account.g.a5og6bnunpn8m911rke7gdql""",Cubelelo,84309541083410,BA - Tangram,"=""100730157368715""",SP - CT - Tangram - Above 299,"=""424564038631858""",Tangram,B0GH18NXXG,"Cubelelo Drift Magnetic Tangram Puzzle | with Strong Magnets, Wooden Pieces & Bold Colors | Toys for 5-10 Years Old Boys Girls & Adults | Travel Friendly, Educational Toy for Return & Birthday Gifts",B0GH7Q6WH6,cubelelo,0300 Games & Puzzles,0330 Brainteasers,Toy,1630222,AMAZON_IN,30405,279,0.9176%,1700.29,16,5181.92,16,106.26813,0.0526%,3.04767,11,4169.55,11,154.57182,0.0362%,2.45226,5,1012.37,5,,,,,,,,,
INR,"Apr 01, 2026 - Apr 30, 2026","=""amzn1.ads-account.g.a5og6bnunpn8m911rke7gdql""",Cubelelo,84309541083410,BA - Tangram,"=""95341474842930""",SP - KT - Tangram - Generic - Gifting Terms - Exact - DO,"=""529099855431728""",Tangram,B0GH18NXXG,"Cubelelo Drift Magnetic Tangram Puzzle | with Strong Magnets, Wooden Pieces & Bold Colors | Toys for 5-10 Years Old Boys Girls & Adults | Travel Friendly, Educational Toy for Return & Birthday Gifts",B0GH7Q6WH6,cubelelo,0300 Games & Puzzles,0330 Brainteasers,Toy,1630222,AMAZON_IN,15820,300,1.8963%,3076.92,23,8521.00,23,133.77913,0.1454%,2.76933,21,8008.62,21,146.52000,0.1327%,2.60280,2,512.38,2,,,,,,,,,
INR,"Apr 01, 2026 - Apr 27, 2026","=""amzn1.ads-account.g.a5og6bnunpn8m911rke7gdql""",Cubelelo,84309541083410,BA - Tangram,"=""28392105618897""",BA - SBV - KT - Tangram - Generic - Return Gift Queries - Exact,"=""471547055349479""",Tangram,B0GH18NXXG,"Cubelelo Drift Magnetic Tangram Puzzle | with Strong Magnets, Wooden Pieces & Bold Colors | Toys for 5-10 Years Old Boys Girls & Adults | Travel Friendly, Educational Toy for Return & Birthday Gifts",B0GH7Q6WH6,cubelelo,0300 Games & Puzzles,0330 Brainteasers,Toy,,AMAZON_IN,16497,176,1.0669%,4939.86,6,2530.49,7,823.31000,0.0364%,0.51226,5,2274.30,6,987.97200,0.0303%,0.46040,1,256.19,1,6,2530.49,7,823.31000,0.0364%,0.51226,288,17.15229,1.7458%
INR,"Apr 01, 2026 - Apr 30, 2026","=""amzn1.ads-account.g.a5og6bnunpn8m911rke7gdql""",Cubelelo,84309541083410,BA - Tangram,"=""210527515847871""",SP-KT - Tangram - Generic - Return Gift Queries - Exact,"=""333579196683513""",Tangram,B0GH18NXXG,"Cubelelo Drift Magnetic Tangram Puzzle | with Strong Magnets, Wooden Pieces & Bold Colors | Toys for 5-10 Years Old Boys Girls & Adults | Travel Friendly, Educational Toy for Return & Birthday Gifts",B0GH7Q6WH6,cubelelo,0300 Games & Puzzles,0330 Brainteasers,Toy,1630222,AMAZON_IN,32538,167,0.5132%,1273.93,8,2551.43,8,159.24125,0.0246%,2.00280,5,1526.67,5,254.78600,0.0154%,1.19839,3,1024.76,3,,,,,,,,,
INR,"Apr 01, 2026 - Apr 30, 2026","=""amzn1.ads-account.g.a5og6bnunpn8m911rke7gdql""",Cubelelo,84309541083410,BA - Tangram,"=""154539465665101""",BA - SBV - KT - Tangram - Generic - More than 1L Searches - Exact,"=""399878860861298""",Tangram,B0GH18NXXG,"Cubelelo Drift Magnetic Tangram Puzzle | with Strong Magnets, Wooden Pieces & Bold Colors | Toys for 5-10 Years Old Boys Girls & Adults | Travel Friendly, Educational Toy for Return & Birthday Gifts",B0GH7Q6WH6,cubelelo,0300 Games & Puzzles,0330 Brainteasers,Toy,,AMAZON_IN,100557,746,0.7419%,15009.13,85,32109.71,87,176.57800,0.0845%,2.13935,78,29945.90,80,192.42474,0.0776%,1.99518,7,2163.81,7,81,30876.37,83,185.29790,0.0806%,2.05717,1404,10.69026,1.3962%
INR,"Apr 01, 2026 - Apr 30, 2026","=""amzn1.ads-account.g.a5og6bnunpn8m911rke7gdql""",Cubelelo,84309541083410,BA - Tangram,"=""73064977804193""",SP-PT - Comp - Tangram - Exact,"=""413890454935397""",Tangram,B0GH18NXXG,"Cubelelo Drift Magnetic Tangram Puzzle | with Strong Magnets, Wooden Pieces & Bold Colors | Toys for 5-10 Years Old Boys Girls & Adults | Travel Friendly, Educational Toy for Return & Birthday Gifts",B0GH7Q6WH6,cubelelo,0300 Games & Puzzles,0330 Brainteasers,Toy,1630222,AMAZON_IN,6671,127,1.9038%,1035.80,14,5306.70,14,73.98571,0.2099%,5.12329,14,5306.70,14,73.98571,0.2099%,5.12329,0,0.00,0,,,,,,,,,
INR,"Apr 01, 2026 - Apr 30, 2026","=""amzn1.ads-account.g.a5og6bnunpn8m911rke7gdql""",Cubelelo,84309541083410,BA - Tangram,"=""88215368194317""",SP - PT - Tangram - Smartivity - Comp - Exact,"=""456893587540895""",Tangram,B0GH18NXXG,"Cubelelo Drift Magnetic Tangram Puzzle | with Strong Magnets, Wooden Pieces & Bold Colors | Toys for 5-10 Years Old Boys Girls & Adults | Travel Friendly, Educational Toy for Return & Birthday Gifts",B0GH7Q6WH6,cubelelo,0300 Games & Puzzles,0330 Brainteasers,Toy,1630222,AMAZON_IN,1096,20,1.8248%,120.36,1,379.05,1,120.36000,0.0912%,3.14930,1,379.05,1,120.36000,0.0912%,3.14930,0,0.00,0,,,,,,,,,
INR,"Apr 01, 2026 - Apr 30, 2026","=""amzn1.ads-account.g.a5og6bnunpn8m911rke7gdql""",Cubelelo,279942205262904,BA - Generic - Mid & Low Volume,"=""466977135029356""",SP-KT - Generic - 2x2 - Mid & Low Volume - Exact & Phrase,"=""296917065955111""",Phrase - Generic - 2x2 - Mid & Low Volume,B09QCHSPYP,"Cubelelo Drift 2M 2x2 Magnetic Stickerless Speedcube | Premium Multicolor Puzzle Cube for Kids & Adults | Ideal for Speedcubing, Brainstorming, and Mental Development | (Smooth & Fast Turns)",B0CHJX31DJ,cubelelo,0300 Games & Puzzles,0307 Non-wooden Puzzles,Toy,B09QCHSPYP,AMAZON_IN,418,14,3.3493%,104.26,2,487.62,2,52.13000,0.4785%,4.67696,0,0.00,0,,0.0000%,0.00000,2,487.62,2,,,,,,,,,
INR,"Apr 05, 2026 - Apr 23, 2026","=""amzn1.ads-account.g.a5og6bnunpn8m911rke7gdql""",Cubelelo,279942205262904,BA - Generic - Mid & Low Volume,"=""369883644681767""","SP-KT - Magnetic - Open, 2x2, 4x4, 5x5 - High Volume - Exact & Phrase","=""371587655476259""",Magnetic - 2x2 - Mid & Low Volume,B09QCHSPYP,"Cubelelo Drift 2M 2x2 Magnetic Stickerless Speedcube | Premium Multicolor Puzzle Cube for Kids & Adults | Ideal for Speedcubing, Brainstorming, and Mental Development | (Smooth & Fast Turns)",B0CHJX31DJ,cubelelo,0300 Games & Puzzles,0307 Non-wooden Puzzles,Toy,B09QCHSPYP,AMAZON_IN,6,0,0.0000%,0.00,0,0.00,0,,0.0000%,,0,0.00,0,,0.0000%,,0,0.00,0,,,,,,,,,
INR,"Apr 03, 2026 - Apr 30, 2026","=""amzn1.ads-account.g.a5og6bnunpn8m911rke7gdql""",Cubelelo,159890394934310,Old - Core Generic Cube Campaigns All,"=""454748662358104""",BA_SP_KT_Generic Cube 2x2_Generic_Phrase_09/23,"=""305299342122740""",Generic Cube 2x2,B09QCHSPYP,"Cubelelo Drift 2M 2x2 Magnetic Stickerless Speedcube | Premium Multicolor Puzzle Cube for Kids & Adults | Ideal for Speedcubing, Brainstorming, and Mental Development | (Smooth & Fast Turns)",B0CHJX31DJ,cubelelo,0300 Games & Puzzles,0307 Non-wooden Puzzles,Toy,B09QCHSPYP,AMAZON_IN,82,0,0.0000%,0.00,0,0.00,0,,0.0000%,,0,0.00,0,,0.0000%,,0,0.00,0,,,,,,,,,
INR,"Apr 01, 2026 - Apr 30, 2026","=""amzn1.ads-account.g.a5og6bnunpn8m911rke7gdql""",Cubelelo,279942205262904,BA - Generic - Mid & Low Volume,"=""466977135029356""",SP-KT - Generic - 2x2 - Mid & Low Volume - Exact & Phrase,"=""398214295345341""",Generic - 2x2 - Mid & Low Volume,B09QCHSPYP,"Cubelelo Drift 2M 2x2 Magnetic Stickerless Speedcube | Premium Multicolor Puzzle Cube for Kids & Adults | Ideal for Speedcubing, Brainstorming, and Mental Development | (Smooth & Fast Turns)",B0CHJX31DJ,cubelelo,0300 Games & Puzzles,0307 Non-wooden Puzzles,Toy,B09QCHSPYP,AMAZON_IN,683,15,2.1962%,134.69,0,0.00,0,,0.0000%,0.00000,0,0.00,0,,0.0000%,0.00000,0,0.00,0,,,,,,,,,
INR,"Apr 06, 2026 - Apr 28, 2026","=""amzn1.ads-account.g.a5og6bnunpn8m911rke7gdql""",Cubelelo,279942205262904,BA - Generic - Mid & Low Volume,"=""327104446426115""","SP-KT - Axis - Windmill - Fisher, Cylinder, Kids, Mini, Smart, Pyramid - Open - Mid & Low Volume - Exact & Phrase","=""282227071854307""",Smart - Mid & Low Volume - Exact & Phrase,B01MAW6TLK,Cubelelo QiYi Smart Cube Stickerless (Speed Version) | High-Performance Bluetooth Speed Cube | Real-Time Stats & Tracking | Adjustable Tension & Magnets | Ideal for All Ages,-1,cubelelo,0300 Games & Puzzles,0330 Brainteasers,Toy,QiYi3*3*3_02,AMAZON_IN,8,0,0.0000%,0.00,0,0.00,0,,0.0000%,,0,0.00,0,,0.0000%,,0,0.00,0,,,,,,,,,
INR,"Apr 23, 2026 - Apr 28, 2026","=""amzn1.ads-account.g.a5og6bnunpn8m911rke7gdql""",Cubelelo,162147707583156,BA - Branded - Cubelelo,"=""329970929951347""",SP-KT - Branded - Cubelelo - Mid & Low Volume - Exact & Phrase - UND,"=""466745020882275""",Magnetic - 3x3,B0DKJD6WV1,"Cubelelo Drift 3M Plus v2 3x3 (Magnetic) with Cube Lubricant & Premium Pouch (2024 Updated Version) | 48 Strong Magnets for Enhanced Stability & Smooth Turns | Kids & Adults,multicolor",B0DQPD175T,cubelelo,"0200 Arts, Crafts & School Supplies",0223 Stationery,Toy,CLB0503,AMAZON_IN,3,0,0.0000%,0.00,0,0.00,0,,0.0000%,,0,0.00,0,,0.0000%,,0,0.00,0,,,,,,,,,
INR,"Apr 01, 2026 - Apr 30, 2026","=""amzn1.ads-account.g.a5og6bnunpn8m911rke7gdql""",Cubelelo,279942205262904,BA - Generic - Mid & Low Volume,"=""369883644681767""","SP-KT - Magnetic - Open, 2x2, 4x4, 5x5 - High Volume - Exact & Phrase","=""475526629790872""",Phrase - Magnetic - Open - Mid & Low Volume,B0DKJD6WV1,"Cubelelo Drift 3M Plus v2 3x3 (Magnetic) with Cube Lubricant & Premium Pouch (2024 Updated Version) | 48 Strong Magnets for Enhanced Stability & Smooth Turns | Kids & Adults,multicolor",B0DQPD175T,cubelelo,"0200 Arts, Crafts & School Supplies",0223 Stationery,Toy,CLB0503,AMAZON_IN,21219,200,0.9426%,1695.90,11,4811.44,11,154.17273,0.0518%,2.83710,8,4081.92,8,211.98750,0.0377%,2.40693,3,729.52,3,,,,,,,,,
INR,"Apr 01, 2026 - Apr 30, 2026","=""amzn1.ads-account.g.a5og6bnunpn8m911rke7gdql""",Cubelelo,279942205262904,BA - Generic - Mid & Low Volume,"=""369883644681767""","SP-KT - Magnetic - Open, 2x2, 4x4, 5x5 - High Volume - Exact & Phrase","=""555858234006967""",Magnetic - Open - Mid & Low Volume,B0DKJD6WV1,"Cubelelo Drift 3M Plus v2 3x3 (Magnetic) with Cube Lubricant & Premium Pouch (2024 Updated Version) | 48 Strong Magnets for Enhanced Stability & Smooth Turns | Kids & Adults,multicolor",B0DQPD175T,cubelelo,"0200 Arts, Crafts & School Supplies",0223 Stationery,Toy,CLB0503,AMAZON_IN,1651,47,2.8468%,291.13,2,1998.09,2,145.56500,0.1211%,6.86322,2,1998.09,2,145.56500,0.1211%,6.86322,0,0.00,0,,,,,,,,,
INR,"Apr 01, 2026 - Apr 30, 2026","=""amzn1.ads-account.g.a5og6bnunpn8m911rke7gdql""",Cubelelo,279942205262904,BA - Generic - Mid & Low Volume,"=""512597066162542""",SP-KT - Magnetic - 3x3 - Mid & Low Volume - Exact & Phrase - DO,"=""405975184325655""",Phrase - Magnetic - 3x3 - Mid & Low Volume,B0DKJD6WV1,"Cubelelo Drift 3M Plus v2 3x3 (Magnetic) with Cube Lubricant & Premium Pouch (2024 Updated Version) | 48 Strong Magnets for Enhanced Stability & Smooth Turns | Kids & Adults,multicolor",B0DQPD175T,cubelelo,"0200 Arts, Crafts & School Supplies",0223 Stationery,Toy,CLB0503,AMAZON_IN,13841,164,1.1849%,1078.78,4,2519.04,4,269.69500,0.0289%,2.33508,4,2519.04,4,269.69500,0.0289%,2.33508,0,0.00,0,,,,,,,,,
INR,"Apr 02, 2026 - Apr 28, 2026","=""amzn1.ads-account.g.a5og6bnunpn8m911rke7gdql""",Cubelelo,279942205262904,BA - Generic - Mid & Low Volume,"=""405383753413943""","SP-KT - Lube Combo, Magic, Pyraminx, Skewb, Stand, Timer, Gear - Open - Mid & Low Volume - Exact & Phrase","=""387936063231496""",Lube Combo - Mid & Low Volume - Exact & Phrase,B0DKJD6WV1,"Cubelelo Drift 3M Plus v2 3x3 (Magnetic) with Cube Lubricant & Premium Pouch (2024 Updated Version) | 48 Strong Magnets for Enhanced Stability & Smooth Turns | Kids & Adults,multicolor",B0DQPD175T,cubelelo,"0200 Arts, Crafts & School Supplies",0223 Stationery,Toy,CLB0503,AMAZON_IN,1951,19,0.9739%,61.32,1,426.67,1,61.32000,0.0513%,6.95809,1,426.67,1,61.32000,0.0513%,6.95809,0,0.00,0,,,,,,,,,
INR,"Apr 01, 2026 - Apr 30, 2026","=""amzn1.ads-account.g.a5og6bnunpn8m911rke7gdql""",Cubelelo,159890394934310,Old - Core Generic Cube Campaigns All,"=""461439945733289""",BA_SP_KT_5x5 Cube_Generic_Phrase_09/23,"=""521470917336542""",5x5 Cube,B0D9QBDCQW,Cubelelo Drift 5x5 Stickerless with Cube Lubricant and Stand Combo | High-Performance Speed Cube | Adjustable Tension & Smooth Turning | Durable & Reliable | Ideal for All Ages,B0DJ5GDB7Y,cubelelo,"0200 Arts, Crafts & School Supplies",0223 Stationery,Toy,1460583,AMAZON_IN,8621,154,1.7863%,1066.58,21,10599.10,21,50.78952,0.2436%,9.93746,19,9648.62,19,56.13579,0.2204%,9.04632,2,950.48,2,,,,,,,,,
INR,"Apr 30, 2026 - Apr 30, 2026","=""amzn1.ads-account.g.a5og6bnunpn8m911rke7gdql""",Cubelelo,279942205262904,BA - Generic - Mid & Low Volume,"=""405383753413943""","SP-KT - Lube Combo, Magic, Pyraminx, Skewb, Stand, Timer, Gear - Open - Mid & Low Volume - Exact & Phrase","=""336660360115507""",Gear - Mid & Low Volume - Exact & Phrase,B0BZKZ8212,"Cubelelo Drift Gear, Mirror (Silver) & Pyraminx Combo Stickerless | Unique Speedcube Set for Kids & Adults | Smooth & Durable Puzzles | Challenging Gift for Cubers",B0D6G24GVB,cubelelo,0300 Games & Puzzles,0307 Non-wooden Puzzles,Toy,1460552,AMAZON_IN,6,0,0.0000%,0.00,0,0.00,0,,0.0000%,,0,0.00,0,,0.0000%,,0,0.00,0,,,,,,,,,
INR,"Apr 01, 2026 - Apr 30, 2026","=""amzn1.ads-account.g.a5og6bnunpn8m911rke7gdql""",Cubelelo,108066094626813,BA - Generic - Extremely High Volume,"=""530532259196935""","SP-KT - Megaminx, Pyramid, Timer & Gear - Open - High Volume - Exact","=""402396258219983""",Gear - High Volume SKAG,B0BZKZ8212,"Cubelelo Drift Gear, Mirror (Silver) & Pyraminx Combo Stickerless | Unique Speedcube Set for Kids & Adults | Smooth & Durable Puzzles | Challenging Gift for Cubers",B0D6G24GVB,cubelelo,0300 Games & Puzzles,0307 Non-wooden Puzzles,Toy,1460552,AMAZON_IN,1386,7,0.5051%,36.64,0,0.00,0,,0.0000%,0.00000,0,0.00,0,,0.0000%,0.00000,0,0.00,0,,,,,,,,,
INR,"Apr 01, 2026 - Apr 30, 2026","=""amzn1.ads-account.g.a5og6bnunpn8m911rke7gdql""",Cubelelo,279942205262904,BA - Generic - Mid & Low Volume,"=""327104446426115""","SP-KT - Axis - Windmill - Fisher, Cylinder, Kids, Mini, Smart, Pyramid - Open - Mid & Low Volume - Exact & Phrase","=""423861844641216""",Axis - Windmill - Fisher - Mid & Low Volume - Exact & Phrase,B0CZDV68CM,"Cubelelo Drift Windmill (Tiled) Magic Cube Puzzle | Unique Shape Mod with Premium Design, Smooth Finish Toy for Intermediate and Advanced Solvers | Suitable for Adults and Kids Ages 3 & Above",B0F1YY4MBJ,cubelelo,0300 Games & Puzzles,0307 Non-wooden Puzzles,Toy,1170200,AMAZON_IN,7356,84,1.1419%,352.57,15,6157.11,16,23.50467,0.2039%,17.46351,12,5226.64,13,29.38083,0.1631%,14.82440,3,930.47,3,,,,,,,,,
INR,"Apr 01, 2026 - Apr 30, 2026","=""amzn1.ads-account.g.a5og6bnunpn8m911rke7gdql""",Cubelelo,279942205262904,BA - Generic - Mid & Low Volume,"=""327104446426115""","SP-KT - Axis - Windmill - Fisher, Cylinder, Kids, Mini, Smart, Pyramid - Open - Mid & Low Volume - Exact & Phrase","=""287381957290883""",Cylinder - Mid & Low volume - Exact & Phrase,B0CZDV68CM,"Cubelelo Drift Windmill (Tiled) Magic Cube Puzzle | Unique Shape Mod with Premium Design, Smooth Finish Toy for Intermediate and Advanced Solvers | Suitable for Adults and Kids Ages 3 & Above",B0F1YY4MBJ,cubelelo,0300 Games & Puzzles,0307 Non-wooden Puzzles,Toy,1170200,AMAZON_IN,3243,53,1.6343%,331.31,7,1469.51,7,47.33000,0.2158%,4.43545,4,1252.37,4,82.82750,0.1233%,3.78006,3,217.14,3,,,,,,,,,
INR,"Apr 01, 2026 - Apr 30, 2026","=""amzn1.ads-account.g.a5og6bnunpn8m911rke7gdql""",Cubelelo,279942205262904,BA - Generic - Mid & Low Volume,"=""315451570129574""","SP-KT - Maglev, Mastermorphix, Puppet, Snake, Square1, Megaminx - Open - Mid & Low Volume - Exact & Phrase - UND","=""391120880267490""",Unique - Mid & Low Volume - Exact & Phrase,B0CZDV68CM,"Cubelelo Drift Windmill (Tiled) Magic Cube Puzzle | Unique Shape Mod with Premium Design, Smooth Finish Toy for Intermediate and Advanced Solvers | Suitable for Adults and Kids Ages 3 & Above",B0F1YY4MBJ,cubelelo,0300 Games & Puzzles,0307 Non-wooden Puzzles,Toy,1170200,AMAZON_IN,9241,80,0.8657%,463.50,15,5422.84,15,30.90000,0.1623%,11.69976,9,3495.23,9,51.50000,0.0974%,7.54095,6,1927.61,6,,,,,,,,,
INR,"Apr 01, 2026 - Apr 30, 2026","=""amzn1.ads-account.g.a5og6bnunpn8m911rke7gdql""",Cubelelo,279942205262904,BA - Generic - Mid & Low Volume,"=""327104446426115""","SP-KT - Axis - Windmill - Fisher, Cylinder, Kids, Mini, Smart, Pyramid - Open - Mid & Low Volume - Exact & Phrase","=""338572243352605""","PT - Axis, Windmill, Fisher",B0CZDV68CM,"Cubelelo Drift Windmill (Tiled) Magic Cube Puzzle | Unique Shape Mod with Premium Design, Smooth Finish Toy for Intermediate and Advanced Solvers | Suitable for Adults and Kids Ages 3 & Above",B0F1YY4MBJ,cubelelo,0300 Games & Puzzles,0307 Non-wooden Puzzles,Toy,1170200,AMAZON_IN,9703,262,2.7002%,2064.95,28,12266.63,28,73.74821,0.2886%,5.94040,15,5642.84,15,137.66333,0.1546%,2.73268,13,6623.79,13,,,,,,,,,
INR,"Apr 01, 2026 - Apr 30, 2026","=""amzn1.ads-account.g.a5og6bnunpn8m911rke7gdql""",Cubelelo,162147707583156,BA - Branded - Cubelelo,"=""329970929951347""",SP-KT - Branded - Cubelelo - Mid & Low Volume - Exact & Phrase - UND,"=""479460967599506""",Branded - 3x3,B08XK4V59M,"Cubelelo Drift 2x2, 3x3 & 4x4 Premium Gift Box | 3-in-1 Puzzle Game Set | Triple the Challenge, Thrice the Fun | Ultimate Value Saver Combo | Brainstoming Toy for Children Kids & Adults",B0DFWMCHZW,cubelelo,0300 Games & Puzzles,0307 Non-wooden Puzzles,Toy,1460503,AMAZON_IN,4307,10,0.2322%,98.88,1,570.48,1,98.88000,0.0232%,5.76942,1,570.48,1,98.88000,0.0232%,5.76942,0,0.00,0,,,,,,,,,
INR,"Apr 01, 2026 - Apr 30, 2026","=""amzn1.ads-account.g.a5og6bnunpn8m911rke7gdql""",Cubelelo,279942205262904,BA - Generic - Mid & Low Volume,"=""560766968003680""","SP-KT - Mirror, Infinity & Combo - Open - Mid & Low Volume - Exact & Phrase - UND","=""531829023860059""",Phrase - Combo - Mid & Low Volume,B08XK4V59M,"Cubelelo Drift 2x2, 3x3 & 4x4 Premium Gift Box | 3-in-1 Puzzle Game Set | Triple the Challenge, Thrice the Fun | Ultimate Value Saver Combo | Brainstoming Toy for Children Kids & Adults",B0DFWMCHZW,cubelelo,0300 Games & Puzzles,0307 Non-wooden Puzzles,Toy,1460503,AMAZON_IN,15985,179,1.1198%,1745.46,22,11710.52,27,79.33909,0.1376%,6.70913,19,10124.82,19,91.86632,0.1189%,5.80066,3,1585.70,8,,,,,,,,,
INR,"Apr 01, 2026 - Apr 19, 2026","=""amzn1.ads-account.g.a5og6bnunpn8m911rke7gdql""",Cubelelo,153505421940411,BA - Competition - Moyu,"=""535209545252680""",SP-KT - Comp - Moyu - Generic - Mid & Low Volume - Exact & Phrase,"=""354103828771122""",Moyu - 3x3 - Low Volume,B08XK4V59M,"Cubelelo Drift 2x2, 3x3 & 4x4 Premium Gift Box | 3-in-1 Puzzle Game Set | Triple the Challenge, Thrice the Fun | Ultimate Value Saver Combo | Brainstoming Toy for Children Kids & Adults",B0DFWMCHZW,cubelelo,0300 Games & Puzzles,0307 Non-wooden Puzzles,Toy,1460503,AMAZON_IN,4,0,0.0000%,0.00,0,0.00,0,,0.0000%,,0,0.00,0,,0.0000%,,0,0.00,0,,,,,,,,,
INR,"Apr 01, 2026 - Apr 30, 2026","=""amzn1.ads-account.g.a5og6bnunpn8m911rke7gdql""",Cubelelo,162147707583156,BA - Branded - Cubelelo,"=""329970929951347""",SP-KT - Branded - Cubelelo - Mid & Low Volume - Exact & Phrase - UND,"=""302346821210022""",Branded - 4x4,B08XK4V59M,"Cubelelo Drift 2x2, 3x3 & 4x4 Premium Gift Box | 3-in-1 Puzzle Game Set | Triple the Challenge, Thrice the Fun | Ultimate Value Saver Combo | Brainstoming Toy for Children Kids & Adults",B0DFWMCHZW,cubelelo,0300 Games & Puzzles,0307 Non-wooden Puzzles,Toy,1460503,AMAZON_IN,6187,43,0.6950%,546.13,7,3726.69,8,78.01857,0.1131%,6.82382,6,3422.88,7,91.02167,0.0970%,6.26752,1,303.81,1,,,,,,,,,
INR,"Apr 01, 2026 - Apr 30, 2026","=""amzn1.ads-account.g.a5og6bnunpn8m911rke7gdql""",Cubelelo,108066094626813,BA - Generic - Extremely High Volume,"=""442384136510181""","SP-KT - Generic - 3x3 - 'Cube, Cube Puzzle, Cube 33, Rubik's Cube 3x3',rubik's cube 3x3 speed cube - High Volume - Exact","=""368381636014986""",Generic - 3x3 - High Volume SKAG,B08XK4V59M,"Cubelelo Drift 2x2, 3x3 & 4x4 Premium Gift Box | 3-in-1 Puzzle Game Set | Triple the Challenge, Thrice the Fun | Ultimate Value Saver Combo | Brainstoming Toy for Children Kids & Adults",B0DFWMCHZW,cubelelo,0300 Games & Puzzles,0307 Non-wooden Puzzles,Toy,1460503,AMAZON_IN,14725,145,0.9847%,1725.37,14,6487.65,14,123.24071,0.0951%,3.76015,10,5322.89,10,172.53700,0.0679%,3.08507,4,1164.76,4,,,,,,,,,
INR,"Apr 01, 2026 - Apr 30, 2026","=""amzn1.ads-account.g.a5og6bnunpn8m911rke7gdql""",Cubelelo,162147707583156,BA - Branded - Cubelelo,"=""329970929951347""",SP-KT - Branded - Cubelelo - Mid & Low Volume - Exact & Phrase - UND,"=""526301691836211""",Branded - 3x3 - Phrase,B08XK4V59M,"Cubelelo Drift 2x2, 3x3 & 4x4 Premium Gift Box | 3-in-1 Puzzle Game Set | Triple the Challenge, Thrice the Fun | Ultimate Value Saver Combo | Brainstoming Toy for Children Kids & Adults",B0DFWMCHZW,cubelelo,0300 Games & Puzzles,0307 Non-wooden Puzzles,Toy,1460503,AMAZON_IN,62131,296,0.4764%,3522.84,19,8656.25,19,185.41263,0.0306%,2.45718,19,8656.25,19,185.41263,0.0306%,2.45718,0,0.00,0,,,,,,,,,
INR,"Apr 30, 2026 - Apr 30, 2026","=""amzn1.ads-account.g.a5og6bnunpn8m911rke7gdql""",Cubelelo,108066094626813,BA - Generic - Extremely High Volume,"=""345506724788622""","SP-KT - Mirror, Infinity & Combo - Open - High Volume - Exact","=""399619745424045""",Combo - High Volume SKAG,B08XK4V59M,"Cubelelo Drift 2x2, 3x3 & 4x4 Premium Gift Box | 3-in-1 Puzzle Game Set | Triple the Challenge, Thrice the Fun | Ultimate Value Saver Combo | Brainstoming Toy for Children Kids & Adults",B0DFWMCHZW,cubelelo,0300 Games & Puzzles,0307 Non-wooden Puzzles,Toy,1460503,AMAZON_IN,0,0,,0.00,0,0.00,0,,,,0,0.00,0,,,,0,0.00,0,,,,,,,,,
INR,"Apr 01, 2026 - Apr 30, 2026","=""amzn1.ads-account.g.a5og6bnunpn8m911rke7gdql""",Cubelelo,279942205262904,BA - Generic - Mid & Low Volume,"=""466977135029356""",SP-KT - Generic - 2x2 - Mid & Low Volume - Exact & Phrase,"=""296917065955111""",Phrase - Generic - 2x2 - Mid & Low Volume,B08XK4V59M,"Cubelelo Drift 2x2, 3x3 & 4x4 Premium Gift Box | 3-in-1 Puzzle Game Set | Triple the Challenge, Thrice the Fun | Ultimate Value Saver Combo | Brainstoming Toy for Children Kids & Adults",B0DFWMCHZW,cubelelo,0300 Games & Puzzles,0307 Non-wooden Puzzles,Toy,1460503,AMAZON_IN,20168,161,0.7983%,2973.70,13,6764.78,14,228.74615,0.0645%,2.27487,9,5134.32,9,330.41111,0.0446%,1.72658,4,1630.46,5,,,,,,,,,
INR,"Apr 01, 2026 - Apr 30, 2026","=""amzn1.ads-account.g.a5og6bnunpn8m911rke7gdql""",Cubelelo,279942205262904,BA - Generic - Mid & Low Volume,"=""560766968003680""","SP-KT - Mirror, Infinity & Combo - Open - Mid & Low Volume - Exact & Phrase - UND","=""398270911795195""",Combo - Mid & Low Volume,B08XK4V59M,"Cubelelo Drift 2x2, 3x3 & 4x4 Premium Gift Box | 3-in-1 Puzzle Game Set | Triple the Challenge, Thrice the Fun | Ultimate Value Saver Combo | Brainstoming Toy for Children Kids & Adults",B0DFWMCHZW,cubelelo,0300 Games & Puzzles,0307 Non-wooden Puzzles,Toy,1460503,AMAZON_IN,3367,39,1.1583%,263.07,7,3420.02,7,37.58143,0.2079%,13.00042,7,3420.02,7,37.58143,0.2079%,13.00042,0,0.00,0,,,,,,,,,
INR,"Apr 01, 2026 - Apr 30, 2026","=""amzn1.ads-account.g.a5og6bnunpn8m911rke7gdql""",Cubelelo,162147707583156,BA - Branded - Cubelelo,"=""329970929951347""",SP-KT - Branded - Cubelelo - Mid & Low Volume - Exact & Phrase - UND,"=""560146263793792""",Combo,B08XK4V59M,"Cubelelo Drift 2x2, 3x3 & 4x4 Premium Gift Box | 3-in-1 Puzzle Game Set | Triple the Challenge, Thrice the Fun | Ultimate Value Saver Combo | Brainstoming Toy for Children Kids & Adults",B0DFWMCHZW,cubelelo,0300 Games & Puzzles,0307 Non-wooden Puzzles,Toy,1460503,AMAZON_IN,1916,22,1.1482%,178.04,3,1149.52,3,59.34667,0.1566%,6.45653,0,0.00,0,,0.0000%,0.00000,3,1149.52,3,,,,,,,,,
INR,"Apr 01, 2026 - Apr 30, 2026","=""amzn1.ads-account.g.a5og6bnunpn8m911rke7gdql""",Cubelelo,279942205262904,BA - Generic - Mid & Low Volume,"=""334559235709808""",SP-KT - Generic - 3x3 - Mid & Low Volume - Exact & Phrase - UND,"=""412851408598744""",Generic - 3x3 - Mid & Low Volume,B08XK4V59M,"Cubelelo Drift 2x2, 3x3 & 4x4 Premium Gift Box | 3-in-1 Puzzle Game Set | Triple the Challenge, Thrice the Fun | Ultimate Value Saver Combo | Brainstoming Toy for Children Kids & Adults",B0DFWMCHZW,cubelelo,0300 Games & Puzzles,0307 Non-wooden Puzzles,Toy,1460503,AMAZON_IN,88576,375,0.4234%,4751.32,45,20426.75,45,105.58489,0.0508%,4.29917,31,16728.66,31,153.26839,0.0350%,3.52085,14,3698.09,14,,,,,,,,,
INR,"Apr 01, 2026 - Apr 30, 2026","=""amzn1.ads-account.g.a5og6bnunpn8m911rke7gdql""",Cubelelo,279942205262904,BA - Generic - Mid & Low Volume,"=""332675778194131""",SP-KT - Generic - 4x4 - Mid & Low Volume - Exact & Phrase - DO,"=""318693646880033""",Phrase - Generic - 4x4 - Mid & Low Volume,B08XK4V59M,"Cubelelo Drift 2x2, 3x3 & 4x4 Premium Gift Box | 3-in-1 Puzzle Game Set | Triple the Challenge, Thrice the Fun | Ultimate Value Saver Combo | Brainstoming Toy for Children Kids & Adults",B0DFWMCHZW,cubelelo,0300 Games & Puzzles,0307 Non-wooden Puzzles,Toy,1460503,AMAZON_IN,29389,238,0.8098%,2787.12,17,8724.77,17,163.94824,0.0578%,3.13039,14,7796.20,14,199.08000,0.0476%,2.79722,3,928.57,3,,,,,,,,,
INR,"Apr 01, 2026 - Apr 30, 2026","=""amzn1.ads-account.g.a5og6bnunpn8m911rke7gdql""",Cubelelo,279942205262904,BA - Generic - Mid & Low Volume,"=""316273786051120""",SD-CT - 3D Puzzle & Brain Teasers - Comp - Open - Broad - Old,"=""302660200409918""",Category Targeting,B08XK4V59M,"Cubelelo Drift 2x2, 3x3 & 4x4 Premium Gift Box | 3-in-1 Puzzle Game Set | Triple the Challenge, Thrice the Fun | Ultimate Value Saver Combo | Brainstoming Toy for Children Kids & Adults",B0DFWMCHZW,cubelelo,0300 Games & Puzzles,0307 Non-wooden Puzzles,Toy,1460503,AMAZON_IN,137,0,0.0000%,0.00,0,0.00,0,,0.0000%,,0,0.00,0,,0.0000%,,0,0.00,0,0,0.00,0,,0.0000%,,0,,0.0000%
INR,"Apr 14, 2026 - Apr 14, 2026","=""amzn1.ads-account.g.a5og6bnunpn8m911rke7gdql""",Cubelelo,162147707583156,BA - Branded - Cubelelo,"=""433317578586761""",SP-KT - Branded - Cubelelo - High Volume - Exact,"=""374742854439176""",Branded 3x3 - SKAG,B08XK4V59M,"Cubelelo Drift 2x2, 3x3 & 4x4 Premium Gift Box | 3-in-1 Puzzle Game Set | Triple the Challenge, Thrice the Fun | Ultimate Value Saver Combo | Brainstoming Toy for Children Kids & Adults",B0DFWMCHZW,cubelelo,0300 Games & Puzzles,0307 Non-wooden Puzzles,Toy,1460503,AMAZON_IN,1,0,0.0000%,0.00,0,0.00,0,,0.0000%,,0,0.00,0,,0.0000%,,0,0.00,0,,,,,,,,,
INR,"Apr 01, 2026 - Apr 30, 2026","=""amzn1.ads-account.g.a5og6bnunpn8m911rke7gdql""",Cubelelo,279942205262904,BA - Generic - Mid & Low Volume,"=""332675778194131""",SP-KT - Generic - 4x4 - Mid & Low Volume - Exact & Phrase - DO,"=""302493695958815""",Generic - 4x4 - Mid & Low Volume,B08XK4V59M,"Cubelelo Drift 2x2, 3x3 & 4x4 Premium Gift Box | 3-in-1 Puzzle Game Set | Triple the Challenge, Thrice the Fun | Ultimate Value Saver Combo | Brainstoming Toy for Children Kids & Adults",B0DFWMCHZW,cubelelo,0300 Games & Puzzles,0307 Non-wooden Puzzles,Toy,1460503,AMAZON_IN,57383,380,0.6622%,4588.44,39,18826.76,40,117.65231,0.0680%,4.10309,32,16161.04,32,143.38875,0.0558%,3.52212,7,2665.72,8,,,,,,,,,
INR,"Apr 01, 2026 - Apr 30, 2026","=""amzn1.ads-account.g.a5og6bnunpn8m911rke7gdql""",Cubelelo,279942205262904,BA - Generic - Mid & Low Volume,"=""285784532724588""",SP-KT - Generic - Open - Cube - Mid & Low Volume - Exact & Phrase,"=""479419335051851""",Phrase - Generic - Open Searches - Mid & Low Volume,B08XK4V59M,"Cubelelo Drift 2x2, 3x3 & 4x4 Premium Gift Box | 3-in-1 Puzzle Game Set | Triple the Challenge, Thrice the Fun | Ultimate Value Saver Combo | Brainstoming Toy for Children Kids & Adults",B0DFWMCHZW,cubelelo,0300 Games & Puzzles,0307 Non-wooden Puzzles,Toy,1460503,AMAZON_IN,10206,67,0.6565%,620.99,9,4302.88,9,68.99889,0.0882%,6.92907,8,4037.17,8,77.62375,0.0784%,6.50118,1,265.71,1,,,,,,,,,
INR,"Apr 01, 2026 - Apr 30, 2026","=""amzn1.ads-account.g.a5og6bnunpn8m911rke7gdql""",Cubelelo,279942205262904,BA - Generic - Mid & Low Volume,"=""285784532724588""",SP-KT - Generic - Open - Cube - Mid & Low Volume - Exact & Phrase,"=""503467855821823""",Generic - Open Searches - Mid & Low Volume,B08XK4V59M,"Cubelelo Drift 2x2, 3x3 & 4x4 Premium Gift Box | 3-in-1 Puzzle Game Set | Triple the Challenge, Thrice the Fun | Ultimate Value Saver Combo | Brainstoming Toy for Children Kids & Adults",B0DFWMCHZW,cubelelo,0300 Games & Puzzles,0307 Non-wooden Puzzles,Toy,1460503,AMAZON_IN,16710,62,0.3710%,585.61,7,3163.81,7,83.65857,0.0419%,5.40259,4,2472.39,4,146.40250,0.0239%,4.22191,3,691.42,3,,,,,,,,,
INR,"Apr 01, 2026 - Apr 30, 2026","=""amzn1.ads-account.g.a5og6bnunpn8m911rke7gdql""",Cubelelo,108066094626813,BA - Generic - Extremely High Volume,"=""495997417400177""",SP-KT - Generic - Open - 'Rubix Cube' - SKAG - High Volume - Exact,"=""536771283942162""",Generic - Open Searches - High Volume SKAG,B08XK4V59M,"Cubelelo Drift 2x2, 3x3 & 4x4 Premium Gift Box | 3-in-1 Puzzle Game Set | Triple the Challenge, Thrice the Fun | Ultimate Value Saver Combo | Brainstoming Toy for Children Kids & Adults",B0DFWMCHZW,cubelelo,0300 Games & Puzzles,0307 Non-wooden Puzzles,Toy,1460503,AMAZON_IN,20468,68,0.3322%,1042.08,14,7128.61,14,74.43429,0.0684%,6.84075,12,6701.95,12,86.84000,0.0586%,6.43132,2,426.66,2,,,,,,,,,
INR,"Apr 01, 2026 - Apr 30, 2026","=""amzn1.ads-account.g.a5og6bnunpn8m911rke7gdql""",Cubelelo,159890394934310,Old - Core Generic Cube Campaigns All,"=""454748662358104""",BA_SP_KT_Generic Cube 2x2_Generic_Phrase_09/23,"=""305299342122740""",Generic Cube 2x2,B08XK4V59M,"Cubelelo Drift 2x2, 3x3 & 4x4 Premium Gift Box | 3-in-1 Puzzle Game Set | Triple the Challenge, Thrice the Fun | Ultimate Value Saver Combo | Brainstoming Toy for Children Kids & Adults",B0DFWMCHZW,cubelelo,0300 Games & Puzzles,0307 Non-wooden Puzzles,Toy,1460503,AMAZON_IN,27306,120,0.4395%,1302.77,19,9683.86,19,68.56684,0.0696%,7.43328,17,8896.24,17,76.63353,0.0623%,6.82871,2,787.62,2,,,,,,,,,
INR,"Apr 01, 2026 - Apr 30, 2026","=""amzn1.ads-account.g.a5og6bnunpn8m911rke7gdql""",Cubelelo,162147707583156,BA - Branded - Cubelelo,"=""329970929951347""",SP-KT - Branded - Cubelelo - Mid & Low Volume - Exact & Phrase - UND,"=""386093481557611""",Branded - 2x2,B08XK4V59M,"Cubelelo Drift 2x2, 3x3 & 4x4 Premium Gift Box | 3-in-1 Puzzle Game Set | Triple the Challenge, Thrice the Fun | Ultimate Value Saver Combo | Brainstoming Toy for Children Kids & Adults",B0DFWMCHZW,cubelelo,0300 Games & Puzzles,0307 Non-wooden Puzzles,Toy,1460503,AMAZON_IN,2348,13,0.5537%,140.14,2,500.95,2,70.07000,0.0852%,3.57464,1,283.81,1,140.14000,0.0426%,2.02519,1,217.14,1,,,,,,,,,
INR,"Apr 01, 2026 - Apr 30, 2026","=""amzn1.ads-account.g.a5og6bnunpn8m911rke7gdql""",Cubelelo,279942205262904,BA - Generic - Mid & Low Volume,"=""405383753413943""","SP-KT - Lube Combo, Magic, Pyraminx, Skewb, Stand, Timer, Gear - Open - Mid & Low Volume - Exact & Phrase","=""291482927814540""",Pyraminx - Mid & Low Volume - Exact & Phrase,B0BSFD6XY8,Cubelelo Drift Pyraminx M (Magnetic) Puzzle | Toys for Kids 4 5 6 7 8 to 14 Years Old & Above Boys Girls All Ages | Stickerless Pyramid Triangle High Speed Gift Cube Toy | Travel Friendly,B0CFFC4DMP,cubelelo,0300 Games & Puzzles,0307 Non-wooden Puzzles,Toy,1280600_EAN,AMAZON_IN,8114,250,3.0811%,2013.62,43,21935.33,46,46.82837,0.5299%,10.89348,29,17238.21,30,69.43517,0.3574%,8.56081,14,4697.12,16,,,,,,,,,
INR,"Apr 02, 2026 - Apr 27, 2026","=""amzn1.ads-account.g.a5og6bnunpn8m911rke7gdql""",Cubelelo,162147707583156,BA - Branded - Cubelelo,"=""329970929951347""",SP-KT - Branded - Cubelelo - Mid & Low Volume - Exact & Phrase - UND,"=""428906316207860""",Pyraminx,B0BSFD6XY8,Cubelelo Drift Pyraminx M (Magnetic) Puzzle | Toys for Kids 4 5 6 7 8 to 14 Years Old & Above Boys Girls All Ages | Stickerless Pyramid Triangle High Speed Gift Cube Toy | Travel Friendly,B0CFFC4DMP,cubelelo,0300 Games & Puzzles,0307 Non-wooden Puzzles,Toy,1280600_EAN,AMAZON_IN,55,6,10.9091%,31.42,1,475.24,1,31.42000,1.8182%,15.12540,1,475.24,1,31.42000,1.8182%,15.12540,0,0.00,0,,,,,,,,,
INR,"Apr 01, 2026 - Apr 30, 2026","=""amzn1.ads-account.g.a5og6bnunpn8m911rke7gdql""",Cubelelo,279942205262904,BA - Generic - Mid & Low Volume,"=""315451570129574""","SP-KT - Maglev, Mastermorphix, Puppet, Snake, Square1, Megaminx - Open - Mid & Low Volume - Exact & Phrase - UND","=""391120880267490""",Unique - Mid & Low Volume - Exact & Phrase,B0BSFD6XY8,Cubelelo Drift Pyraminx M (Magnetic) Puzzle | Toys for Kids 4 5 6 7 8 to 14 Years Old & Above Boys Girls All Ages | Stickerless Pyramid Triangle High Speed Gift Cube Toy | Travel Friendly,B0CFFC4DMP,cubelelo,0300 Games & Puzzles,0307 Non-wooden Puzzles,Toy,1280600_EAN,AMAZON_IN,3390,12,0.3540%,152.94,2,855.24,2,76.47000,0.0590%,5.59200,1,475.24,1,152.94000,0.0295%,3.10736,1,380.00,1,,,,,,,,,
INR,"Apr 01, 2026 - Apr 30, 2026","=""amzn1.ads-account.g.a5og6bnunpn8m911rke7gdql""",Cubelelo,108066094626813,BA - Generic - Extremely High Volume,"=""530532259196935""","SP-KT - Megaminx, Pyramid, Timer & Gear - Open - High Volume - Exact","=""321431385380150""",Pyramid - High Volume,B0BSFD6XY8,Cubelelo Drift Pyraminx M (Magnetic) Puzzle | Toys for Kids 4 5 6 7 8 to 14 Years Old & Above Boys Girls All Ages | Stickerless Pyramid Triangle High Speed Gift Cube Toy | Travel Friendly,B0CFFC4DMP,cubelelo,0300 Games & Puzzles,0307 Non-wooden Puzzles,Toy,1280600_EAN,AMAZON_IN,14334,94,0.6558%,846.26,6,2898.11,6,141.04333,0.0419%,3.42461,4,2329.54,4,211.56500,0.0279%,2.75275,2,568.57,2,,,,,,,,,
INR,"Apr 01, 2026 - Apr 30, 2026","=""amzn1.ads-account.g.a5og6bnunpn8m911rke7gdql""",Cubelelo,279942205262904,BA - Generic - Mid & Low Volume,"=""327104446426115""","SP-KT - Axis - Windmill - Fisher, Cylinder, Kids, Mini, Smart, Pyramid - Open - Mid & Low Volume - Exact & Phrase","=""310438687496531""",Pyramid - Mid & Low Volume - Exact & Phrase,B0BSFD6XY8,Cubelelo Drift Pyraminx M (Magnetic) Puzzle | Toys for Kids 4 5 6 7 8 to 14 Years Old & Above Boys Girls All Ages | Stickerless Pyramid Triangle High Speed Gift Cube Toy | Travel Friendly,B0CFFC4DMP,cubelelo,0300 Games & Puzzles,0307 Non-wooden Puzzles,Toy,1280600_EAN,AMAZON_IN,20986,243,1.1579%,2417.04,33,14947.67,33,73.24364,0.1572%,6.18429,29,13542.91,29,83.34621,0.1382%,5.60310,4,1404.76,4,,,,,,,,,
INR,"Apr 02, 2026 - Apr 04, 2026","=""amzn1.ads-account.g.a5og6bnunpn8m911rke7gdql""",Cubelelo,153505421940411,BA - Competition - Moyu,"=""508041836775444""",SP-KT - Comp - Moyu - Generic - High Volume - Exact,"=""314697139428353""",Moyu - Generic - High Volume,B0C6T2C9WH,Cubelelo MoYu Super RS3M 3x3 Standard (Magnetic) | Highspeed Smooth Lightweight Speed Cube for Children Kids Adults Boys Girls,B0C6TKLM22,cubelelo,0300 Games & Puzzles,0307 Non-wooden Puzzles,Toy,1030490,AMAZON_IN,5,0,0.0000%,0.00,0,0.00,0,,0.0000%,,0,0.00,0,,0.0000%,,0,0.00,0,,,,,,,,,
INR,"Apr 01, 2026 - Apr 24, 2026","=""amzn1.ads-account.g.a5og6bnunpn8m911rke7gdql""",Cubelelo,153505421940411,BA - Competition - Moyu,"=""535209545252680""",SP-KT - Comp - Moyu - Generic - Mid & Low Volume - Exact & Phrase,"=""544609417584184""",Phrase - Moyu - Generic - Mid & Low Volume,B0C6T2C9WH,Cubelelo MoYu Super RS3M 3x3 Standard (Magnetic) | Highspeed Smooth Lightweight Speed Cube for Children Kids Adults Boys Girls,B0C6TKLM22,cubelelo,0300 Games & Puzzles,0307 Non-wooden Puzzles,Toy,1030490,AMAZON_IN,13,0,0.0000%,0.00,0,0.00,0,,0.0000%,,0,0.00,0,,0.0000%,,0,0.00,0,,,,,,,,,
INR,"Apr 02, 2026 - Apr 23, 2026","=""amzn1.ads-account.g.a5og6bnunpn8m911rke7gdql""",Cubelelo,159890394934310,Old - Core Generic Cube Campaigns All,"=""461439945733289""",BA_SP_KT_5x5 Cube_Generic_Phrase_09/23,"=""521470917336542""",5x5 Cube,B0DBDFN3T3,Cubelelo Drift 5x5 Stickerless with Stand | High-Performance Speed Cube | Smooth Turning & Adjustable Tension | Durable & Reliable | Ideal for All Ages,-1,cubelelo,0300 Games & Puzzles,0330 Brainteasers,Toy,1460571,AMAZON_IN,54,0,0.0000%,0.00,0,0.00,0,,0.0000%,,0,0.00,0,,0.0000%,,0,0.00,0,,,,,,,,,
INR,"Apr 01, 2026 - Apr 30, 2026","=""amzn1.ads-account.g.a5og6bnunpn8m911rke7gdql""",Cubelelo,159890394934310,Old - Core Generic Cube Campaigns All,"=""454748662358104""",BA_SP_KT_Generic Cube 2x2_Generic_Phrase_09/23,"=""305299342122740""",Generic Cube 2x2,B08LBJ3P8L,Cubelelo Drift 2x2 Stickerless Cube | Beginner Speedcube for Kids Boys Girls Above 3 4 5 6 Years Old & Above | Magic Puzzle Toy | Durable & Smooth Cube with Anti-Pop Design 2x2x2,B0CHJX31DJ,cubelelo,0300 Games & Puzzles,0307 Non-wooden Puzzles,Toy,1020200,AMAZON_IN,38108,1128,2.9600%,5781.58,330,84228.54,367,17.51994,0.8660%,14.56843,273,62186.78,283,21.17795,0.7164%,10.75602,57,22041.76,84,,,,,,,,,
INR,"Apr 01, 2026 - Apr 30, 2026","=""amzn1.ads-account.g.a5og6bnunpn8m911rke7gdql""",Cubelelo,162147707583156,BA - Branded - Cubelelo,"=""343328245514155""",BA - SP PT - Cube Timer - Brand - ST,"=""544745524853066""",Cube timer_ST,B0DG5XXTLG,"Cubelelo 3M 3x3 Magnetic Speed Cube with Timer & Mat Combo | Fast & Smooth Magnetic Puzzle for Speedcubing | Complete Set for Speed Solvers, Multicolor",-1,cubelelo,0300 Games & Puzzles,0301 Family Board / Action,Toy,CLB0248,AMAZON_IN,3288,49,1.4903%,317.25,6,2974.29,6,52.87500,0.1825%,9.37523,0,0.00,0,,0.0000%,0.00000,6,2974.29,6,,,,,,,,,
INR,"Apr 01, 2026 - Apr 30, 2026","=""amzn1.ads-account.g.a5og6bnunpn8m911rke7gdql""",Cubelelo,182829498693993,BA - Competition - GAN,"=""548052105782309""",SP-KT - Comp - GAN - 3x3 - High Volume - Exact,"=""489910891681991""",Gan - 3x3 - High Volume,B0DRSL7NTJ,"Cubelelo GAN Monster Go (v3) Magnetic 3x3 Speedcube | Honeycomb Design for Buttery Smooth & Stable Turning, Adjustable Tension, Corner Cutting | Ideal Puzzle Toy for Beginners, Boys & Girls Ages 6+",B0DX26WL82,cubelelo,0300 Games & Puzzles,0307 Non-wooden Puzzles,Toy,1030545,AMAZON_IN,2307,25,1.0837%,114.57,0,0.00,0,,0.0000%,0.00000,0,0.00,0,,0.0000%,0.00000,0,0.00,0,,,,,,,,,
INR,"Apr 01, 2026 - Apr 30, 2026","=""amzn1.ads-account.g.a5og6bnunpn8m911rke7gdql""",Cubelelo,182829498693993,BA - Competition - GAN,"=""303138629347007""",SP-KT - Comp - GAN - Generic - Mid & Low Volume - Exact & Phrase,"=""432248665340700""",Phrase - Gan - Generic - Mid & Low Volume,B0DRSL7NTJ,"Cubelelo GAN Monster Go (v3) Magnetic 3x3 Speedcube | Honeycomb Design for Buttery Smooth & Stable Turning, Adjustable Tension, Corner Cutting | Ideal Puzzle Toy for Beginners, Boys & Girls Ages 6+",B0DX26WL82,cubelelo,0300 Games & Puzzles,0307 Non-wooden Puzzles,Toy,1030545,AMAZON_IN,10369,267,2.5750%,1710.61,8,6373.33,8,213.82625,0.0772%,3.72576,7,6088.57,7,244.37286,0.0675%,3.55930,1,284.76,1,,,,,,,,,
INR,"Apr 01, 2026 - Apr 30, 2026","=""amzn1.ads-account.g.a5og6bnunpn8m911rke7gdql""",Cubelelo,182829498693993,BA - Competition - GAN,"=""287167733706633""",SP-KT - Comp - GAN - Generic - High Volume - Exact,"=""497061644898658""",Gan - Generic - High Volume,B0DRSL7NTJ,"Cubelelo GAN Monster Go (v3) Magnetic 3x3 Speedcube | Honeycomb Design for Buttery Smooth & Stable Turning, Adjustable Tension, Corner Cutting | Ideal Puzzle Toy for Beginners, Boys & Girls Ages 6+",B0DX26WL82,cubelelo,0300 Games & Puzzles,0307 Non-wooden Puzzles,Toy,1030545,AMAZON_IN,832,4,0.4808%,21.42,0,0.00,0,,0.0000%,0.00000,0,0.00,0,,0.0000%,0.00000,0,0.00,0,,,,,,,,,
INR,"Apr 01, 2026 - Apr 30, 2026","=""amzn1.ads-account.g.a5og6bnunpn8m911rke7gdql""",Cubelelo,182829498693993,BA - Competition - GAN,"=""303138629347007""",SP-KT - Comp - GAN - Generic - Mid & Low Volume - Exact & Phrase,"=""439855833331529""",Gan - Generic - Mid & Low Volume,B0DRSL7NTJ,"Cubelelo GAN Monster Go (v3) Magnetic 3x3 Speedcube | Honeycomb Design for Buttery Smooth & Stable Turning, Adjustable Tension, Corner Cutting | Ideal Puzzle Toy for Beginners, Boys & Girls Ages 6+",B0DX26WL82,cubelelo,0300 Games & Puzzles,0307 Non-wooden Puzzles,Toy,1030545,AMAZON_IN,1005,36,3.5821%,173.50,2,1807.62,2,86.75000,0.1990%,10.41856,2,1807.62,2,86.75000,0.1990%,10.41856,0,0.00,0,,,,,,,,,
INR,"Apr 01, 2026 - Apr 30, 2026","=""amzn1.ads-account.g.a5og6bnunpn8m911rke7gdql""",Cubelelo,182829498693993,BA - Competition - GAN,"=""491880598355368""",SP-KT - Comp - GAN - 3x3 - Mid & Low Volume - Exact & Phrase,"=""404568450484859""",Gan - 3x3 - Mid & Low Volume,B0DRSL7NTJ,"Cubelelo GAN Monster Go (v3) Magnetic 3x3 Speedcube | Honeycomb Design for Buttery Smooth & Stable Turning, Adjustable Tension, Corner Cutting | Ideal Puzzle Toy for Beginners, Boys & Girls Ages 6+",B0DX26WL82,cubelelo,0300 Games & Puzzles,0307 Non-wooden Puzzles,Toy,1030545,AMAZON_IN,115,4,3.4783%,12.15,0,0.00,0,,0.0000%,0.00000,0,0.00,0,,0.0000%,0.00000,0,0.00,0,,,,,,,,,
INR,"Apr 01, 2026 - Apr 25, 2026","=""amzn1.ads-account.g.a5og6bnunpn8m911rke7gdql""",Cubelelo,153616914906061,Old - GAN Cube Campaigns All,"=""489604592702272""",BA_SP_KT_Gan 3x3_Generic_Phrase_09/23,"=""301678064380383""",Gan 3x3,B0DRSL7NTJ,"Cubelelo GAN Monster Go (v3) Magnetic 3x3 Speedcube | Honeycomb Design for Buttery Smooth & Stable Turning, Adjustable Tension, Corner Cutting | Ideal Puzzle Toy for Beginners, Boys & Girls Ages 6+",B0DX26WL82,cubelelo,0300 Games & Puzzles,0307 Non-wooden Puzzles,Toy,1030545,AMAZON_IN,7,0,0.0000%,0.00,0,0.00,0,,0.0000%,,0,0.00,0,,0.0000%,,0,0.00,0,,,,,,,,,
INR,"Apr 01, 2026 - Apr 30, 2026","=""amzn1.ads-account.g.a5og6bnunpn8m911rke7gdql""",Cubelelo,279942205262904,BA - Generic - Mid & Low Volume,"=""315451570129574""","SP-KT - Maglev, Mastermorphix, Puppet, Snake, Square1, Megaminx - Open - Mid & Low Volume - Exact & Phrase - UND","=""332386096408615""",Puppet - Mid & Low Volume - Exact & Phrase,B0CJFVM7VR,Cubelelo Drift Puppet I 3x3 Speed Cube | Brain Teaser Puzzle Toys | Limited Rotation | Creative New Cube for Kids and Adults,B0CJHXZZY3,cubelelo,0300 Games & Puzzles,0307 Non-wooden Puzzles,Toy,1260100,AMAZON_IN,2292,108,4.7120%,343.82,13,5587.62,13,26.44769,0.5672%,16.25159,10,4514.29,10,34.38200,0.4363%,13.12981,3,1073.33,3,,,,,,,,,
INR,"Apr 07, 2026 - Apr 24, 2026","=""amzn1.ads-account.g.a5og6bnunpn8m911rke7gdql""",Cubelelo,162147707583156,BA - Branded - Cubelelo,"=""329970929951347""",SP-KT - Branded - Cubelelo - Mid & Low Volume - Exact & Phrase - UND,"=""302346821210022""",Branded - 4x4,B08LBH7B99,"Cubelelo Drift 4x4 Stickerless Cube Puzzle Toy | AKA Revenge Cube | Combines Smoothness, Stability & Durability | Speedcube for Beginners | Suitable for Kids, Children, Boys, Girls & Adults",B0CBBV1B5T,cubelelo,0300 Games & Puzzles,0307 Non-wooden Puzzles,Toy,B08LBH7B99,AMAZON_IN,2,0,0.0000%,0.00,0,0.00,0,,0.0000%,,0,0.00,0,,0.0000%,,0,0.00,0,,,,,,,,,
INR,"Apr 23, 2026 - Apr 23, 2026","=""amzn1.ads-account.g.a5og6bnunpn8m911rke7gdql""",Cubelelo,108066094626813,BA - Generic - Extremely High Volume,"=""530532259196935""","SP-KT - Megaminx, Pyramid, Timer & Gear - Open - High Volume - Exact","=""321431385380150""",Pyramid - High Volume,B0BZKYFBCZ,"Cubelelo Drift 3X3, Pyraminx & Mirror (Silver) Combo (Black), Kid",-1,cubelelo,0300 Games & Puzzles,0307 Non-wooden Puzzles,Toy,CLB0129_EAN,AMAZON_IN,1,0,0.0000%,0.00,0,0.00,0,,0.0000%,,0,0.00,0,,0.0000%,,0,0.00,0,,,,,,,,,
INR,"Apr 17, 2026 - Apr 17, 2026","=""amzn1.ads-account.g.a5og6bnunpn8m911rke7gdql""",Cubelelo,279942205262904,BA - Generic - Mid & Low Volume,"=""405383753413943""","SP-KT - Lube Combo, Magic, Pyraminx, Skewb, Stand, Timer, Gear - Open - Mid & Low Volume - Exact & Phrase","=""291482927814540""",Pyraminx - Mid & Low Volume - Exact & Phrase,B0BZKYFBCZ,"Cubelelo Drift 3X3, Pyraminx & Mirror (Silver) Combo (Black), Kid",-1,cubelelo,0300 Games & Puzzles,0307 Non-wooden Puzzles,Toy,CLB0129_EAN,AMAZON_IN,1,0,0.0000%,0.00,0,0.00,0,,0.0000%,,0,0.00,0,,0.0000%,,0,0.00,0,,,,,,,,,
INR,"Apr 01, 2026 - Apr 30, 2026","=""amzn1.ads-account.g.a5og6bnunpn8m911rke7gdql""",Cubelelo,279942205262904,BA - Generic - Mid & Low Volume,"=""405383753413943""","SP-KT - Lube Combo, Magic, Pyraminx, Skewb, Stand, Timer, Gear - Open - Mid & Low Volume - Exact & Phrase","=""372803868727165""",Skewb - Mid & Low Volume - Exact & Phrase,B0CGNW2MFJ,Cubelelo Drift Square-1 & Skewb Gift Box | Explore the new Dimension of Uniquely Shaped Puzzles | 2 in 1 Combo Pack of Dual Challenge Delight | Brainstoming Game Toy for Children Kids & Adults,-1,cubelelo,0300 Games & Puzzles,0307 Non-wooden Puzzles,Toy,1460521,AMAZON_IN,9467,112,1.1831%,1288.33,16,9967.61,16,80.52063,0.1690%,7.73685,14,9083.80,14,92.02357,0.1479%,7.05083,2,883.81,2,,,,,,,,,
INR,"Apr 01, 2026 - Apr 28, 2026","=""amzn1.ads-account.g.a5og6bnunpn8m911rke7gdql""",Cubelelo,279942205262904,BA - Generic - Mid & Low Volume,"=""327104446426115""","SP-KT - Axis - Windmill - Fisher, Cylinder, Kids, Mini, Smart, Pyramid - Open - Mid & Low Volume - Exact & Phrase","=""310438687496531""",Pyramid - Mid & Low Volume - Exact & Phrase,B0BZKYFBCZ,"Cubelelo Drift 3X3, Pyraminx & Mirror (Silver) Combo (Black), Kid",-1,cubelelo,0300 Games & Puzzles,0307 Non-wooden Puzzles,Toy,CLB0129_EAN,AMAZON_IN,6,0,0.0000%,0.00,0,0.00,0,,0.0000%,,0,0.00,0,,0.0000%,,0,0.00,0,,,,,,,,,
INR,"Apr 01, 2026 - Apr 30, 2026","=""amzn1.ads-account.g.a5og6bnunpn8m911rke7gdql""",Cubelelo,279942205262904,BA - Generic - Mid & Low Volume,"=""315451570129574""","SP-KT - Maglev, Mastermorphix, Puppet, Snake, Square1, Megaminx - Open - Mid & Low Volume - Exact & Phrase - UND","=""391120880267490""",Unique - Mid & Low Volume - Exact & Phrase,B0CGNW2MFJ,Cubelelo Drift Square-1 & Skewb Gift Box | Explore the new Dimension of Uniquely Shaped Puzzles | 2 in 1 Combo Pack of Dual Challenge Delight | Brainstoming Game Toy for Children Kids & Adults,-1,cubelelo,0300 Games & Puzzles,0307 Non-wooden Puzzles,Toy,1460521,AMAZON_IN,4689,25,0.5332%,307.84,5,2499.05,5,61.56800,0.1066%,8.11802,4,2215.24,4,76.96000,0.0853%,7.19608,1,283.81,1,,,,,,,,,
INR,"Apr 01, 2026 - Apr 30, 2026","=""amzn1.ads-account.g.a5og6bnunpn8m911rke7gdql""",Cubelelo,279942205262904,BA - Generic - Mid & Low Volume,"=""315451570129574""","SP-KT - Maglev, Mastermorphix, Puppet, Snake, Square1, Megaminx - Open - Mid & Low Volume - Exact & Phrase - UND","=""355780307112522""",Snake - Mid & Low Volume - Exact & Phrase,B0BV276B7T,Cubelelo Magic Snake Rainbow Puzzle Cube (72 Wedges) | Twist and Turn Shape Creation Fun Game for Kids Boys Girls and Adults | Multicolor Brain Teaser Stress Buster Toy | for Ages 3 Years and Above,B0CT8VHGGD,cubelelo,0300 Games & Puzzles,0307 Non-wooden Puzzles,Toy,1310036_EAN,AMAZON_IN,16656,405,2.4316%,2000.14,36,16584.82,36,55.55944,0.2161%,8.29183,35,16300.06,35,57.14686,0.2101%,8.14946,1,284.76,1,,,,,,,,,
INR,"Apr 01, 2026 - Apr 30, 2026","=""amzn1.ads-account.g.a5og6bnunpn8m911rke7gdql""",Cubelelo,14896671318530,BA - Tinker Box,"=""536231617514469""",SP-PT - Comp - Tinker Box - Stack & Balance Human Tower - Exact,"=""526327283724547""",Tinker Box - Stack & Balance Human Tower,B0FF9R4GS4,TinkerBox Stack & Balance Human Tower | Wooden Interlocking Toy Set | Promotes Critical Thinking & Creativity | Early Learning Educational Game for Kids Children Boys Girls,B0GPQFDGPB,Tinker Box,0600 Infants/Preschool,0627 All Other Infant Toys,Toy,TB00004,AMAZON_IN,1088,23,2.1140%,86.66,4,2472.40,4,21.66500,0.3676%,28.52989,4,2472.40,4,21.66500,0.3676%,28.52989,0,0.00,0,,,,,,,,,
INR,"Apr 01, 2026 - Apr 30, 2026","=""amzn1.ads-account.g.a5og6bnunpn8m911rke7gdql""",Cubelelo,14896671318530,BA - Tinker Box,"=""421844276231154""",SP-KT - Generic - Tinker Box - Stack & Balance Human Tower - Exact - High Vol,"=""426197050001471""",SP-KT - Generic - Wooden Toy Balance Human Tower - Exact,B0FF9R4GS4,TinkerBox Stack & Balance Human Tower | Wooden Interlocking Toy Set | Promotes Critical Thinking & Creativity | Early Learning Educational Game for Kids Children Boys Girls,B0GPQFDGPB,Tinker Box,0600 Infants/Preschool,0627 All Other Infant Toys,Toy,TB00004,AMAZON_IN,133,0,0.0000%,0.00,0,0.00,0,,0.0000%,,0,0.00,0,,0.0000%,,0,0.00,0,,,,,,,,,
INR,"Apr 01, 2026 - Apr 30, 2026","=""amzn1.ads-account.g.a5og6bnunpn8m911rke7gdql""",Cubelelo,14896671318530,BA - Tinker Box,"=""535672870117740""",SP-KT - Tinker Box - Stack & Balance Human Tower - Generic - Mid & Low Vol - Exact,"=""551947611458633""",Tinker Box - Stack & Balance Human Tower,B0FF9R4GS4,TinkerBox Stack & Balance Human Tower | Wooden Interlocking Toy Set | Promotes Critical Thinking & Creativity | Early Learning Educational Game for Kids Children Boys Girls,B0GPQFDGPB,Tinker Box,0600 Infants/Preschool,0627 All Other Infant Toys,Toy,TB00004,AMAZON_IN,1605,8,0.4984%,34.83,0,0.00,0,,0.0000%,0.00000,0,0.00,0,,0.0000%,0.00000,0,0.00,0,,,,,,,,,
INR,"Apr 10, 2026 - Apr 10, 2026","=""amzn1.ads-account.g.a5og6bnunpn8m911rke7gdql""",Cubelelo,279942205262904,BA - Generic - Mid & Low Volume,"=""498287583816355""","SP-KT - Generic - 5x5, 6x6, 7x7, Keychain - Mid & Low Volume - Exact & Phrase","=""536652533995914""",Phrase - Generic - 6x6 - Mid & Low Volume,B0CNKLXVWC,"Cubelelo Drift 6M 6x6 Magnetic Speed Cube with Premium Lubricant Combo Advanced Magnetic Stability, Precision Engineering, and Speed Enhancement for Expert Solvers for Adult,Kid",B0CWH6ML97,cubelelo,0300 Games & Puzzles,0307 Non-wooden Puzzles,Toy,1460539,AMAZON_IN,1,0,0.0000%,0.00,0,0.00,0,,0.0000%,,0,0.00,0,,0.0000%,,0,0.00,0,,,,,,,,,
INR,"Apr 03, 2026 - Apr 08, 2026","=""amzn1.ads-account.g.a5og6bnunpn8m911rke7gdql""",Cubelelo,279942205262904,BA - Generic - Mid & Low Volume,"=""498287583816355""","SP-KT - Generic - 5x5, 6x6, 7x7, Keychain - Mid & Low Volume - Exact & Phrase","=""295921960947507""",Generic - 6x6 - Mid & Low Volume,B0CNKLXVWC,"Cubelelo Drift 6M 6x6 Magnetic Speed Cube with Premium Lubricant Combo Advanced Magnetic Stability, Precision Engineering, and Speed Enhancement for Expert Solvers for Adult,Kid",B0CWH6ML97,cubelelo,0300 Games & Puzzles,0307 Non-wooden Puzzles,Toy,1460539,AMAZON_IN,3,0,0.0000%,0.00,0,0.00,0,,0.0000%,,0,0.00,0,,0.0000%,,0,0.00,0,,,,,,,,,
INR,"Apr 01, 2026 - Apr 30, 2026","=""amzn1.ads-account.g.a5og6bnunpn8m911rke7gdql""",Cubelelo,279942205262904,BA - Generic - Mid & Low Volume,"=""315451570129574""","SP-KT - Maglev, Mastermorphix, Puppet, Snake, Square1, Megaminx - Open - Mid & Low Volume - Exact & Phrase - UND","=""341230793876965""",Mastermorphix - Mid & Low Volume - Exact & Phrase,B09BZPFCZ8,Cubelelo Drift Mastermorphix Stickerless Cube Puzzle for Kids & Adults Speedy Stress Buster Brainstorming Cube,B08BTYH1QF,cubelelo,0300 Games & Puzzles,0307 Non-wooden Puzzles,Toy,Cubelelo Drift Stickerless Cube,AMAZON_IN,3228,86,2.6642%,299.47,21,6798.04,21,14.26048,0.6506%,22.70024,20,6494.23,20,14.97350,0.6196%,21.68575,1,303.81,1,,,,,,,,,
INR,"Apr 01, 2026 - Apr 30, 2026","=""amzn1.ads-account.g.a5og6bnunpn8m911rke7gdql""",Cubelelo,279942205262904,BA - Generic - Mid & Low Volume,"=""315451570129574""","SP-KT - Maglev, Mastermorphix, Puppet, Snake, Square1, Megaminx - Open - Mid & Low Volume - Exact & Phrase - UND","=""391120880267490""",Unique - Mid & Low Volume - Exact & Phrase,B09BZPFCZ8,Cubelelo Drift Mastermorphix Stickerless Cube Puzzle for Kids & Adults Speedy Stress Buster Brainstorming Cube,B08BTYH1QF,cubelelo,0300 Games & Puzzles,0307 Non-wooden Puzzles,Toy,Cubelelo Drift Stickerless Cube,AMAZON_IN,14310,100,0.6988%,546.86,12,4817.13,12,45.57167,0.0839%,8.80871,7,2755.23,7,78.12286,0.0489%,5.03827,5,2061.90,5,,,,,,,,,
INR,"Apr 13, 2026 - Apr 13, 2026","=""amzn1.ads-account.g.a5og6bnunpn8m911rke7gdql""",Cubelelo,162147707583156,BA - Branded - Cubelelo,"=""504764596527478""",BA - SP PT - Moyu - Brand - ST - Exact,"=""410045211970216""",MoYu_ST,B09KPHDB82,"Cubelelo MoYu WeiLong WR M (Maglev) 3x3 Magnetic Speed Cube | Flagship 55mm Cube with Adjustable Magnetic System & Purple Core | Innovative Maglev Technology,Adult,Youth,Kid",B0CKHT44GQ,cubelelo,0300 Games & Puzzles,0307 Non-wooden Puzzles,Toy,1030468,AMAZON_IN,1,0,0.0000%,0.00,0,0.00,0,,0.0000%,,0,0.00,0,,0.0000%,,0,0.00,0,,,,,,,,,
INR,"Apr 01, 2026 - Apr 30, 2026","=""amzn1.ads-account.g.a5og6bnunpn8m911rke7gdql""",Cubelelo,279942205262904,BA - Generic - Mid & Low Volume,"=""315451570129574""","SP-KT - Maglev, Mastermorphix, Puppet, Snake, Square1, Megaminx - Open - Mid & Low Volume - Exact & Phrase - UND","=""391120880267490""",Unique - Mid & Low Volume - Exact & Phrase,B09BZMB4RT,Cubelelo Drift Square-1 Stickerless Cube Puzzle for Kids & Adults Speedy Stress Buster Brainstorming Cube,B0CXPWRSTW,cubelelo,0300 Games & Puzzles,0307 Non-wooden Puzzles,Toy,1150100,AMAZON_IN,8496,66,0.7768%,418.60,6,2214.29,6,69.76667,0.0706%,5.28975,4,1616.20,4,104.65000,0.0471%,3.86097,2,598.09,2,,,,,,,,,
INR,"Apr 01, 2026 - Apr 30, 2026","=""amzn1.ads-account.g.a5og6bnunpn8m911rke7gdql""",Cubelelo,279942205262904,BA - Generic - Mid & Low Volume,"=""315451570129574""","SP-KT - Maglev, Mastermorphix, Puppet, Snake, Square1, Megaminx - Open - Mid & Low Volume - Exact & Phrase - UND","=""303147424457131""",Square1 - Mid & Low Volume - Exact & Phrase,B09BZMB4RT,Cubelelo Drift Square-1 Stickerless Cube Puzzle for Kids & Adults Speedy Stress Buster Brainstorming Cube,B0CXPWRSTW,cubelelo,0300 Games & Puzzles,0307 Non-wooden Puzzles,Toy,1150100,AMAZON_IN,11177,187,1.6731%,1109.80,31,14876.60,31,35.80000,0.2774%,13.40476,28,13546.13,28,39.63571,0.2505%,12.20592,3,1330.47,3,,,,,,,,,
INR,"Apr 01, 2026 - Apr 30, 2026","=""amzn1.ads-account.g.a5og6bnunpn8m911rke7gdql""",Cubelelo,14896671318530,BA - Tinker Box,"=""509123046817028""",SP-KT - Generic - Tinker Box - Tool Box - Mid & Low Vol - Exact,"=""377988893378649""",Tool Box - Tool kit,B0FF2FSJ7P,"TinkerBox Wooden My First Tool Kit with Storage Box | Toys for Kids 6-10 Year Old Boys and Girls | Premium 34-Piece Pretend Play Set | Realistic Tools for Learning, Education & Skill Develpoment",-1,Tinker Box,0600 Infants/Preschool,0625 Preschool Role Playing,Toy,TB00001,AMAZON_IN,3688,34,0.9219%,136.95,0,0.00,0,,0.0000%,0.00000,0,0.00,0,,0.0000%,0.00000,0,0.00,0,,,,,,,,,
INR,"Apr 01, 2026 - Apr 30, 2026","=""amzn1.ads-account.g.a5og6bnunpn8m911rke7gdql""",Cubelelo,14896671318530,BA - Tinker Box,"=""389668677012522""",SP-PT - Comp - Tinker Box - Tool kit - Best Selling - Exact,"=""409333676903167""",Tinker Box - Tool Kit,B0FF2FSJ7P,"TinkerBox Wooden My First Tool Kit with Storage Box | Toys for Kids 6-10 Year Old Boys and Girls | Premium 34-Piece Pretend Play Set | Realistic Tools for Learning, Education & Skill Develpoment",-1,Tinker Box,0600 Infants/Preschool,0625 Preschool Role Playing,Toy,TB00001,AMAZON_IN,16450,70,0.4255%,264.16,5,7138.10,5,52.83200,0.0304%,27.02188,5,7138.10,5,52.83200,0.0304%,27.02188,0,0.00,0,,,,,,,,,
INR,"Apr 01, 2026 - Apr 30, 2026","=""amzn1.ads-account.g.a5og6bnunpn8m911rke7gdql""",Cubelelo,14896671318530,BA - Tinker Box,"=""433539719600289""","SP-CT - Tinker Box - Tool Kit,Stack & Balance Human Tower & Toy Train Set","=""402888695883507""",Tool Kit,B0FF2FSJ7P,"TinkerBox Wooden My First Tool Kit with Storage Box | Toys for Kids 6-10 Year Old Boys and Girls | Premium 34-Piece Pretend Play Set | Realistic Tools for Learning, Education & Skill Develpoment",-1,Tinker Box,0600 Infants/Preschool,0625 Preschool Role Playing,Toy,TB00001,AMAZON_IN,4802,7,0.1458%,15.51,0,0.00,0,,0.0000%,0.00000,0,0.00,0,,0.0000%,0.00000,0,0.00,0,,,,,,,,,
INR,"Apr 01, 2026 - Apr 30, 2026","=""amzn1.ads-account.g.a5og6bnunpn8m911rke7gdql""",Cubelelo,266883110604369,Old - SP PT Campaigns,"=""471096929513381""",BA - SP PT - Pyramix - Competition - Exact,"=""299475517358539""",Pyraminx,B09QYW9DYC,Cubelelo Drift Pyraminx Puzzle Speedcube | Beginner Starter Cube for Kids 3+ Year Old & Above | Triangle Pyramid Shape Stickerless 3x3 Cubes Toy | Ideal for Boys Girls Children 4 5 6+ Years & Adults,B0CFFC4DMP,cubelelo,0300 Games & Puzzles,0307 Non-wooden Puzzles,Toy,1280100a,AMAZON_IN,1857,63,3.3926%,334.83,18,4114.26,18,18.60167,0.9693%,12.28761,16,3708.55,16,20.92688,0.8616%,11.07592,2,405.71,2,,,,,,,,,
INR,"Apr 01, 2026 - Apr 30, 2026","=""amzn1.ads-account.g.a5og6bnunpn8m911rke7gdql""",Cubelelo,279942205262904,BA - Generic - Mid & Low Volume,"=""327104446426115""","SP-KT - Axis - Windmill - Fisher, Cylinder, Kids, Mini, Smart, Pyramid - Open - Mid & Low Volume - Exact & Phrase","=""354824992183354""",Kids - Mid & Low Volume - Exact & Phrase,B09QYW9DYC,Cubelelo Drift Pyraminx Puzzle Speedcube | Beginner Starter Cube for Kids 3+ Year Old & Above | Triangle Pyramid Shape Stickerless 3x3 Cubes Toy | Ideal for Boys Girls Children 4 5 6+ Years & Adults,B0CFFC4DMP,cubelelo,0300 Games & Puzzles,0307 Non-wooden Puzzles,Toy,1280100a,AMAZON_IN,1598,31,1.9399%,347.66,3,1024.76,3,115.88667,0.1877%,2.94759,1,475.24,1,347.66000,0.0626%,1.36697,2,549.52,2,,,,,,,,,
INR,"Apr 01, 2026 - Apr 30, 2026","=""amzn1.ads-account.g.a5og6bnunpn8m911rke7gdql""",Cubelelo,106276615587889,BA - Wooden Toys,"=""556800165272450""",SP-PT - Wooden - Comp - Puzzle Co - Calendar Puzzle - Exact,"=""334412694312199""",Calendar Puzzle,B0CVDDHZMR,"Cubelelo Drift Weekday Calendar Puzzle | Fun & Educational 7-Day Calendar Puzzle for All Ages | Enhance Cognitive Skills & Time Management Kids, Adults",-1,cubelelo,0300 Games & Puzzles,0307 Non-wooden Puzzles,Toy,4001044,AMAZON_IN,448,3,0.6696%,22.06,0,0.00,0,,0.0000%,0.00000,0,0.00,0,,0.0000%,0.00000,0,0.00,0,,,,,,,,,
INR,"Apr 01, 2026 - Apr 14, 2026","=""amzn1.ads-account.g.a5og6bnunpn8m911rke7gdql""",Cubelelo,215664054810032,BA - Number Sliding Puzzle,"=""439881614291142""",SP - KT - 4x4 Number Sliding Puzzle - Mid & Low Volume - Phrase and BMM,"=""477869615967999""",Generic Number Puzzle,B0DM1JQ29Z,"Cubelelo Drift (5 Column) Sort & Stack Puzzle with Lacing Thread & 8 Double-Sided Flash Cards | Montessori-Inspired Shape & Color Learning Educational Blocks Toy for Kids, Set Of 1",B0F26KXBCK,cubelelo,0600 Infants/Preschool,0627 All Other Infant Toys,Toy,4001047,AMAZON_IN,5,0,0.0000%,0.00,0,0.00,0,,0.0000%,,0,0.00,0,,0.0000%,,0,0.00,0,,,,,,,,,
INR,"Apr 01, 2026 - Apr 29, 2026","=""amzn1.ads-account.g.a5og6bnunpn8m911rke7gdql""",Cubelelo,153505421940411,BA - Competition - Moyu,"=""508041836775444""",SP-KT - Comp - Moyu - Generic - High Volume - Exact,"=""314697139428353""",Moyu - Generic - High Volume,B0CQTHFSC2,Cubelelo MoYu MFJS RS3M v5 3x3 Speed Cube - Magnetic (Non-Adjustable) | Enhanced Stability with Magnets | Smooth & Fast Rotations | Speedcube for Kids & Adults | Brainstorming Puzzle,-1,cubelelo,0300 Games & Puzzles,0307 Non-wooden Puzzles,Toy,1030505,AMAZON_IN,574,5,0.8711%,23.61,0,0.00,0,,0.0000%,0.00000,0,0.00,0,,0.0000%,0.00000,0,0.00,0,,,,,,,,,
INR,"Apr 01, 2026 - Apr 28, 2026","=""amzn1.ads-account.g.a5og6bnunpn8m911rke7gdql""",Cubelelo,162147707583156,BA - Branded - Cubelelo,"=""504764596527478""",BA - SP PT - Moyu - Brand - ST - Exact,"=""410045211970216""",MoYu_ST,B0CQTHFSC2,Cubelelo MoYu MFJS RS3M v5 3x3 Speed Cube - Magnetic (Non-Adjustable) | Enhanced Stability with Magnets | Smooth & Fast Rotations | Speedcube for Kids & Adults | Brainstorming Puzzle,-1,cubelelo,0300 Games & Puzzles,0307 Non-wooden Puzzles,Toy,1030505,AMAZON_IN,4,0,0.0000%,0.00,0,0.00,0,,0.0000%,,0,0.00,0,,0.0000%,,0,0.00,0,,,,,,,,,
INR,"Apr 01, 2026 - Apr 30, 2026","=""amzn1.ads-account.g.a5og6bnunpn8m911rke7gdql""",Cubelelo,279942205262904,BA - Generic - Mid & Low Volume,"=""315451570129574""","SP-KT - Maglev, Mastermorphix, Puppet, Snake, Square1, Megaminx - Open - Mid & Low Volume - Exact & Phrase - UND","=""455806518818545""",Metallic - Mid & Low Volume - Exact & Phrase,B08LBGYZ51,Cubelelo Drift 3x3 Mirror (Silver) Magic Speed Cube | Shape Shifter Speedcube with Durable Stickers | Advanced 3x3x3 Puzzle Toy for Kids Ages 7-14 Boys Girls & Adults | Collector's Item,B0CT5FRFLD,cubelelo,0300 Games & Puzzles,0307 Non-wooden Puzzles,Toy,1120100,AMAZON_IN,2150,23,1.0698%,93.95,1,283.81,1,93.95000,0.0465%,3.02086,1,283.81,1,93.95000,0.0465%,3.02086,0,0.00,0,,,,,,,,,
INR,"Apr 01, 2026 - Apr 30, 2026","=""amzn1.ads-account.g.a5og6bnunpn8m911rke7gdql""",Cubelelo,162147707583156,BA - Branded - Cubelelo,"=""329970929951347""",SP-KT - Branded - Cubelelo - Mid & Low Volume - Exact & Phrase - UND,"=""360220929148821""",Mirror,B08LBGYZ51,Cubelelo Drift 3x3 Mirror (Silver) Magic Speed Cube | Shape Shifter Speedcube with Durable Stickers | Advanced 3x3x3 Puzzle Toy for Kids Ages 7-14 Boys Girls & Adults | Collector's Item,B0CT5FRFLD,cubelelo,0300 Games & Puzzles,0307 Non-wooden Puzzles,Toy,1120100,AMAZON_IN,1991,60,3.0136%,236.50,17,5384.76,17,13.91176,0.8538%,22.76854,11,3762.86,11,21.50000,0.5525%,15.91061,6,1621.90,6,,,,,,,,,
INR,"Apr 01, 2026 - Apr 30, 2026","=""amzn1.ads-account.g.a5og6bnunpn8m911rke7gdql""",Cubelelo,108066094626813,BA - Generic - Extremely High Volume,"=""345506724788622""","SP-KT - Mirror, Infinity & Combo - Open - High Volume - Exact","=""427492065631626""",Mirror - High Volume,B08LBGYZ51,Cubelelo Drift 3x3 Mirror (Silver) Magic Speed Cube | Shape Shifter Speedcube with Durable Stickers | Advanced 3x3x3 Puzzle Toy for Kids Ages 7-14 Boys Girls & Adults | Collector's Item,B0CT5FRFLD,cubelelo,0300 Games & Puzzles,0307 Non-wooden Puzzles,Toy,1120100,AMAZON_IN,54955,1384,2.5184%,4718.63,265,81759.09,279,17.80615,0.4822%,17.32687,198,60102.94,210,23.83146,0.3603%,12.73737,67,21656.15,69,,,,,,,,,
INR,"Apr 01, 2026 - Apr 30, 2026","=""amzn1.ads-account.g.a5og6bnunpn8m911rke7gdql""",Cubelelo,279942205262904,BA - Generic - Mid & Low Volume,"=""560766968003680""","SP-KT - Mirror, Infinity & Combo - Open - Mid & Low Volume - Exact & Phrase - UND","=""389003175272486""",Mirror - Mid & Low Volume,B08LBGYZ51,Cubelelo Drift 3x3 Mirror (Silver) Magic Speed Cube | Shape Shifter Speedcube with Durable Stickers | Advanced 3x3x3 Puzzle Toy for Kids Ages 7-14 Boys Girls & Adults | Collector's Item,B0CT5FRFLD,cubelelo,0300 Games & Puzzles,0307 Non-wooden Puzzles,Toy,1120100,AMAZON_IN,12871,248,1.9268%,1043.56,41,12053.34,42,25.45268,0.3185%,11.55021,30,8799.06,31,34.78533,0.2331%,8.43177,11,3254.28,11,,,,,,,,,
INR,"Apr 01, 2026 - Apr 30, 2026","=""amzn1.ads-account.g.a5og6bnunpn8m911rke7gdql""",Cubelelo,279942205262904,BA - Generic - Mid & Low Volume,"=""560766968003680""","SP-KT - Mirror, Infinity & Combo - Open - Mid & Low Volume - Exact & Phrase - UND","=""525770774800313""",Phrase - Mirror - Mid & Low Volume,B08LBGYZ51,Cubelelo Drift 3x3 Mirror (Silver) Magic Speed Cube | Shape Shifter Speedcube with Durable Stickers | Advanced 3x3x3 Puzzle Toy for Kids Ages 7-14 Boys Girls & Adults | Collector's Item,B0CT5FRFLD,cubelelo,0300 Games & Puzzles,0307 Non-wooden Puzzles,Toy,1120100,AMAZON_IN,25199,553,2.1945%,2825.03,116,34463.79,116,24.35371,0.4603%,12.19944,87,25278.11,87,32.47161,0.3453%,8.94791,29,9185.68,29,,,,,,,,,
INR,"Apr 04, 2026 - Apr 17, 2026","=""amzn1.ads-account.g.a5og6bnunpn8m911rke7gdql""",Cubelelo,207487404658099,BA - Competition - Qiyi,"=""302880384926419""",SP-KT - Comp - Qiyi - Generic - Mid & Low Volume - Exact & Phrase,"=""516050813676639""",Qiyi - 3x3 - Low Volume,B0DQQ1R7KN,"Cubelelo QiYi Warrior M Pro 3x3 (Magnetic) Speed Cube | Smooth & Fast 3x3x3 Cube with Stable Magnetic Positioning, Durable Build, Enhanced Corner Cutting & Vibrant Stickerless Design",B0DX27PQWH,cubelelo,0300 Games & Puzzles,0330 Brainteasers,Toy,1030535,AMAZON_IN,2,0,0.0000%,0.00,0,0.00,0,,0.0000%,,0,0.00,0,,0.0000%,,0,0.00,0,,,,,,,,,
INR,"Apr 05, 2026 - Apr 24, 2026","=""amzn1.ads-account.g.a5og6bnunpn8m911rke7gdql""",Cubelelo,207487404658099,BA - Competition - Qiyi,"=""302880384926419""",SP-KT - Comp - Qiyi - Generic - Mid & Low Volume - Exact & Phrase,"=""346372267338017""",Qiyi - Tornado - Mid & Low Volume,B0DQQ1R7KN,"Cubelelo QiYi Warrior M Pro 3x3 (Magnetic) Speed Cube | Smooth & Fast 3x3x3 Cube with Stable Magnetic Positioning, Durable Build, Enhanced Corner Cutting & Vibrant Stickerless Design",B0DX27PQWH,cubelelo,0300 Games & Puzzles,0330 Brainteasers,Toy,1030535,AMAZON_IN,8,0,0.0000%,0.00,0,0.00,0,,0.0000%,,0,0.00,0,,0.0000%,,0,0.00,0,,,,,,,,,
INR,"Apr 01, 2026 - Apr 12, 2026","=""amzn1.ads-account.g.a5og6bnunpn8m911rke7gdql""",Cubelelo,207487404658099,BA - Competition - Qiyi,"=""302880384926419""",SP-KT - Comp - Qiyi - Generic - Mid & Low Volume - Exact & Phrase,"=""446338215888011""",Phrase - Qiyi - Generic - Low Volume,B0DQQ1R7KN,"Cubelelo QiYi Warrior M Pro 3x3 (Magnetic) Speed Cube | Smooth & Fast 3x3x3 Cube with Stable Magnetic Positioning, Durable Build, Enhanced Corner Cutting & Vibrant Stickerless Design",B0DX27PQWH,cubelelo,0300 Games & Puzzles,0330 Brainteasers,Toy,1030535,AMAZON_IN,3,0,0.0000%,0.00,0,0.00,0,,0.0000%,,0,0.00,0,,0.0000%,,0,0.00,0,,,,,,,,,
INR,"Apr 01, 2026 - Apr 09, 2026","=""amzn1.ads-account.g.a5og6bnunpn8m911rke7gdql""",Cubelelo,162147707583156,BA - Branded - Cubelelo,"=""329970929951347""",SP-KT - Branded - Cubelelo - Mid & Low Volume - Exact & Phrase - UND,"=""386093481557611""",Branded - 2x2,B0C55MMD72,Cubelelo Twist 2M 2x2 (Magnetic) Stickerless Speedcube | Speedy Brainstorming Puzzle Cube for Kids & Adults (Multicolor),B0CHK14DHK,cubelelo,0300 Games & Puzzles,0307 Non-wooden Puzzles,Toy,1020601,AMAZON_IN,3,0,0.0000%,0.00,0,0.00,0,,0.0000%,,0,0.00,0,,0.0000%,,0,0.00,0,,,,,,,,,
INR,"Apr 01, 2026 - Apr 30, 2026","=""amzn1.ads-account.g.a5og6bnunpn8m911rke7gdql""",Cubelelo,182829498693993,BA - Competition - GAN,"=""303138629347007""",SP-KT - Comp - GAN - Generic - Mid & Low Volume - Exact & Phrase,"=""432248665340700""",Phrase - Gan - Generic - Mid & Low Volume,B0BRXJ9Q4G,Cubelelo Drift 3M Plus v2 3x3 (Magnetic) Cube | New Upgraded Version Based on MoYu RS3M v5 | Dual-Adjustment System | Premium Speedcube for Kids Boys Girls Ages 4+ Year Old & Adults,B0F18TBS19,cubelelo,0300 Games & Puzzles,0307 Non-wooden Puzzles,Toy,1030700_EAN,AMAZON_IN,31881,379,1.1888%,2877.48,21,13164.73,21,137.02286,0.0659%,4.57509,12,9988.53,12,239.79000,0.0376%,3.47128,9,3176.20,9,,,,,,,,,
INR,"Apr 01, 2026 - Apr 30, 2026","=""amzn1.ads-account.g.a5og6bnunpn8m911rke7gdql""",Cubelelo,162147707583156,BA - Branded - Cubelelo,"=""433317578586761""",SP-KT - Branded - Cubelelo - High Volume - Exact,"=""332121459254132""",Branded - SKAG,B0BRXJ9Q4G,Cubelelo Drift 3M Plus v2 3x3 (Magnetic) Cube | New Upgraded Version Based on MoYu RS3M v5 | Dual-Adjustment System | Premium Speedcube for Kids Boys Girls Ages 4+ Year Old & Adults,B0F18TBS19,cubelelo,0300 Games & Puzzles,0307 Non-wooden Puzzles,Toy,1030700_EAN,AMAZON_IN,7835,66,0.8424%,503.03,4,2139.03,4,125.75750,0.0511%,4.25229,3,1997.13,3,167.67667,0.0383%,3.97020,1,141.90,1,,,,,,,,,
INR,"Apr 01, 2026 - Apr 30, 2026","=""amzn1.ads-account.g.a5og6bnunpn8m911rke7gdql""",Cubelelo,265440463136935,BA - Comp - Hawkister,"=""85941143600435""",SP - PT - 3M V2 Plus 3x3 - Comp - Hawkister - Price Greater than 599 - Sale,"=""32803048301535""",3M Plus V2 3x3 Magnetic,B0BRXJ9Q4G,Cubelelo Drift 3M Plus v2 3x3 (Magnetic) Cube | New Upgraded Version Based on MoYu RS3M v5 | Dual-Adjustment System | Premium Speedcube for Kids Boys Girls Ages 4+ Year Old & Adults,B0F18TBS19,cubelelo,0300 Games & Puzzles,0307 Non-wooden Puzzles,Toy,1030700_EAN,AMAZON_IN,99441,1473,1.4813%,11814.26,95,52883.57,97,124.36063,0.0955%,4.47625,49,31288.38,49,241.10735,0.0493%,2.64836,46,21595.19,48,,,,,,,,,
INR,"Apr 01, 2026 - Apr 30, 2026","=""amzn1.ads-account.g.a5og6bnunpn8m911rke7gdql""",Cubelelo,279942205262904,BA - Generic - Mid & Low Volume,"=""334559235709808""",SP-KT - Generic - 3x3 - Mid & Low Volume - Exact & Phrase - UND,"=""363319492631962""",Phrase - Generic - 3x3 - Mid & Low Volume,B0BRXJ9Q4G,Cubelelo Drift 3M Plus v2 3x3 (Magnetic) Cube | New Upgraded Version Based on MoYu RS3M v5 | Dual-Adjustment System | Premium Speedcube for Kids Boys Girls Ages 4+ Year Old & Adults,B0F18TBS19,cubelelo,0300 Games & Puzzles,0307 Non-wooden Puzzles,Toy,1030700_EAN,AMAZON_IN,30041,218,0.7257%,1841.43,16,9502.83,16,115.08938,0.0533%,5.16057,12,7032.36,12,153.45250,0.0399%,3.81897,4,2470.47,4,,,,,,,,,
INR,"Apr 01, 2026 - Apr 30, 2026","=""amzn1.ads-account.g.a5og6bnunpn8m911rke7gdql""",Cubelelo,108066094626813,BA - Generic - Extremely High Volume,"=""353368777045800""",SP-KT - Generic - 3x3 - 'Rubik's Cube 3x3 Speed Cube' - SKAG - High Volume - Exact - UND,"=""333014230375447""",Generic - 3x3 - High Volume SKAG,B0BRXJ9Q4G,Cubelelo Drift 3M Plus v2 3x3 (Magnetic) Cube | New Upgraded Version Based on MoYu RS3M v5 | Dual-Adjustment System | Premium Speedcube for Kids Boys Girls Ages 4+ Year Old & Adults,B0F18TBS19,cubelelo,0300 Games & Puzzles,0307 Non-wooden Puzzles,Toy,1030700_EAN,AMAZON_IN,40768,325,0.7972%,2521.58,25,11838.02,25,100.86320,0.0613%,4.69468,17,10315.19,17,148.32824,0.0417%,4.09077,8,1522.83,8,,,,,,,,,
INR,"Apr 02, 2026 - Apr 04, 2026","=""amzn1.ads-account.g.a5og6bnunpn8m911rke7gdql""",Cubelelo,162147707583156,BA - Branded - Cubelelo,"=""433317578586761""",SP-KT - Branded - Cubelelo - High Volume - Exact,"=""374742854439176""",Branded 3x3 - SKAG,B0BRXJ9Q4G,Cubelelo Drift 3M Plus v2 3x3 (Magnetic) Cube | New Upgraded Version Based on MoYu RS3M v5 | Dual-Adjustment System | Premium Speedcube for Kids Boys Girls Ages 4+ Year Old & Adults,B0F18TBS19,cubelelo,0300 Games & Puzzles,0307 Non-wooden Puzzles,Toy,1030700_EAN,AMAZON_IN,0,0,,0.00,0,0.00,0,,,,0,0.00,0,,,,0,0.00,0,,,,,,,,,
INR,"Apr 01, 2026 - Apr 30, 2026","=""amzn1.ads-account.g.a5og6bnunpn8m911rke7gdql""",Cubelelo,162147707583156,BA - Branded - Cubelelo,"=""329970929951347""",SP-KT - Branded - Cubelelo - Mid & Low Volume - Exact & Phrase - UND,"=""479460967599506""",Branded - 3x3,B0BRXJ9Q4G,Cubelelo Drift 3M Plus v2 3x3 (Magnetic) Cube | New Upgraded Version Based on MoYu RS3M v5 | Dual-Adjustment System | Premium Speedcube for Kids Boys Girls Ages 4+ Year Old & Adults,B0F18TBS19,cubelelo,0300 Games & Puzzles,0307 Non-wooden Puzzles,Toy,1030700_EAN,AMAZON_IN,2943,46,1.5630%,152.39,6,5136.18,6,25.39833,0.2039%,33.70418,5,3899.04,5,30.47800,0.1699%,25.58593,1,1237.14,1,,,,,,,,,
INR,"Apr 01, 2026 - Apr 30, 2026","=""amzn1.ads-account.g.a5og6bnunpn8m911rke7gdql""",Cubelelo,279942205262904,BA - Generic - Mid & Low Volume,"=""369883644681767""","SP-KT - Magnetic - Open, 2x2, 4x4, 5x5 - High Volume - Exact & Phrase","=""475526629790872""",Phrase - Magnetic - Open - Mid & Low Volume,B0BRXJ9Q4G,Cubelelo Drift 3M Plus v2 3x3 (Magnetic) Cube | New Upgraded Version Based on MoYu RS3M v5 | Dual-Adjustment System | Premium Speedcube for Kids Boys Girls Ages 4+ Year Old & Adults,B0F18TBS19,cubelelo,0300 Games & Puzzles,0307 Non-wooden Puzzles,Toy,1030700_EAN,AMAZON_IN,37401,224,0.5989%,2208.57,17,8568.55,17,129.91588,0.0455%,3.87968,12,7032.37,12,184.04750,0.0321%,3.18413,5,1536.18,5,,,,,,,,,
INR,"Apr 01, 2026 - Apr 30, 2026","=""amzn1.ads-account.g.a5og6bnunpn8m911rke7gdql""",Cubelelo,279942205262904,BA - Generic - Mid & Low Volume,"=""512597066162542""",SP-KT - Magnetic - 3x3 - Mid & Low Volume - Exact & Phrase - DO,"=""405975184325655""",Phrase - Magnetic - 3x3 - Mid & Low Volume,B0BRXJ9Q4G,Cubelelo Drift 3M Plus v2 3x3 (Magnetic) Cube | New Upgraded Version Based on MoYu RS3M v5 | Dual-Adjustment System | Premium Speedcube for Kids Boys Girls Ages 4+ Year Old & Adults,B0F18TBS19,cubelelo,0300 Games & Puzzles,0307 Non-wooden Puzzles,Toy,1030700_EAN,AMAZON_IN,19268,114,0.5917%,693.91,14,8172.36,14,49.56500,0.0727%,11.77726,13,7459.03,13,53.37769,0.0675%,10.74928,1,713.33,1,,,,,,,,,
INR,"Apr 01, 2026 - Apr 30, 2026","=""amzn1.ads-account.g.a5og6bnunpn8m911rke7gdql""",Cubelelo,63272072822448,Old - Speed Cube Campaigns All,"=""495291247543690""",BA_SP_KT_Speed cube 3x3_Generic_Phrase_09/23,"=""533767985616784""",Speed cube 3x3,B0BRXJ9Q4G,Cubelelo Drift 3M Plus v2 3x3 (Magnetic) Cube | New Upgraded Version Based on MoYu RS3M v5 | Dual-Adjustment System | Premium Speedcube for Kids Boys Girls Ages 4+ Year Old & Adults,B0F18TBS19,cubelelo,0300 Games & Puzzles,0307 Non-wooden Puzzles,Toy,1030700_EAN,AMAZON_IN,4730,32,0.6765%,208.93,6,1917.14,6,34.82167,0.1268%,9.17599,3,1519.05,3,69.64333,0.0634%,7.27062,3,398.09,3,,,,,,,,,
INR,"Apr 01, 2026 - Apr 30, 2026","=""amzn1.ads-account.g.a5og6bnunpn8m911rke7gdql""",Cubelelo,162147707583156,BA - Branded - Cubelelo,"=""329970929951347""",SP-KT - Branded - Cubelelo - Mid & Low Volume - Exact & Phrase - UND,"=""298700263606024""",Branded,B0BRXJ9Q4G,Cubelelo Drift 3M Plus v2 3x3 (Magnetic) Cube | New Upgraded Version Based on MoYu RS3M v5 | Dual-Adjustment System | Premium Speedcube for Kids Boys Girls Ages 4+ Year Old & Adults,B0F18TBS19,cubelelo,0300 Games & Puzzles,0307 Non-wooden Puzzles,Toy,1030700_EAN,AMAZON_IN,3066,30,0.9785%,150.12,7,3800.94,7,21.44571,0.2283%,25.31935,7,3800.94,7,21.44571,0.2283%,25.31935,0,0.00,0,,,,,,,,,
INR,"Apr 01, 2026 - Apr 30, 2026","=""amzn1.ads-account.g.a5og6bnunpn8m911rke7gdql""",Cubelelo,152274827442004,BA - Competition - D Eternal,"=""327219448958152""",SP-PT - Comp - Hawkister - High Volume - Exact,"=""521889920077913""",PT - Hawkister No.5,B0BRXJ9Q4G,Cubelelo Drift 3M Plus v2 3x3 (Magnetic) Cube | New Upgraded Version Based on MoYu RS3M v5 | Dual-Adjustment System | Premium Speedcube for Kids Boys Girls Ages 4+ Year Old & Adults,B0F18TBS19,cubelelo,0300 Games & Puzzles,0307 Non-wooden Puzzles,Toy,1030700_EAN,AMAZON_IN,29339,542,1.8474%,5772.93,35,21843.72,36,164.94086,0.1193%,3.78382,27,16539.93,27,213.81222,0.0920%,2.86508,8,5303.79,9,,,,,,,,,
INR,"Apr 01, 2026 - Apr 30, 2026","=""amzn1.ads-account.g.a5og6bnunpn8m911rke7gdql""",Cubelelo,153505421940411,BA - Competition - Moyu,"=""535209545252680""",SP-KT - Comp - Moyu - Generic - Mid & Low Volume - Exact & Phrase,"=""342757652627825""",Moyu - Generic - Mid & Low Volume,B0BRXJ9Q4G,Cubelelo Drift 3M Plus v2 3x3 (Magnetic) Cube | New Upgraded Version Based on MoYu RS3M v5 | Dual-Adjustment System | Premium Speedcube for Kids Boys Girls Ages 4+ Year Old & Adults,B0F18TBS19,cubelelo,0300 Games & Puzzles,0307 Non-wooden Puzzles,Toy,1030700_EAN,AMAZON_IN,264,1,0.3788%,2.95,0,0.00,0,,0.0000%,0.00000,0,0.00,0,,0.0000%,0.00000,0,0.00,0,,,,,,,,,
INR,"Apr 01, 2026 - Apr 30, 2026","=""amzn1.ads-account.g.a5og6bnunpn8m911rke7gdql""",Cubelelo,279942205262904,BA - Generic - Mid & Low Volume,"=""334559235709808""",SP-KT - Generic - 3x3 - Mid & Low Volume - Exact & Phrase - UND,"=""412851408598744""",Generic - 3x3 - Mid & Low Volume,B0BRXJ9Q4G,Cubelelo Drift 3M Plus v2 3x3 (Magnetic) Cube | New Upgraded Version Based on MoYu RS3M v5 | Dual-Adjustment System | Premium Speedcube for Kids Boys Girls Ages 4+ Year Old & Adults,B0F18TBS19,cubelelo,0300 Games & Puzzles,0307 Non-wooden Puzzles,Toy,1030700_EAN,AMAZON_IN,44959,337,0.7496%,2663.65,20,9910.42,20,133.18250,0.0445%,3.72062,15,8459.96,15,177.57667,0.0334%,3.17608,5,1450.46,5,,,,,,,,,
INR,"Apr 01, 2026 - Apr 30, 2026","=""amzn1.ads-account.g.a5og6bnunpn8m911rke7gdql""",Cubelelo,279942205262904,BA - Generic - Mid & Low Volume,"=""512597066162542""",SP-KT - Magnetic - 3x3 - Mid & Low Volume - Exact & Phrase - DO,"=""357712340082511""",Magnetic - 3x3 - Mid & Low Volume,B0BRXJ9Q4G,Cubelelo Drift 3M Plus v2 3x3 (Magnetic) Cube | New Upgraded Version Based on MoYu RS3M v5 | Dual-Adjustment System | Premium Speedcube for Kids Boys Girls Ages 4+ Year Old & Adults,B0F18TBS19,cubelelo,0300 Games & Puzzles,0307 Non-wooden Puzzles,Toy,1030700_EAN,AMAZON_IN,18714,100,0.5344%,659.47,6,4059.03,7,109.91167,0.0321%,6.15499,5,3755.22,6,131.89400,0.0267%,5.69430,1,303.81,1,,,,,,,,,
INR,"Apr 01, 2026 - Apr 30, 2026","=""amzn1.ads-account.g.a5og6bnunpn8m911rke7gdql""",Cubelelo,182829498693993,BA - Competition - GAN,"=""303138629347007""",SP-KT - Comp - GAN - Generic - Mid & Low Volume - Exact & Phrase,"=""439855833331529""",Gan - Generic - Mid & Low Volume,B0BRXJ9Q4G,Cubelelo Drift 3M Plus v2 3x3 (Magnetic) Cube | New Upgraded Version Based on MoYu RS3M v5 | Dual-Adjustment System | Premium Speedcube for Kids Boys Girls Ages 4+ Year Old & Adults,B0F18TBS19,cubelelo,0300 Games & Puzzles,0307 Non-wooden Puzzles,Toy,1030700_EAN,AMAZON_IN,8588,197,2.2939%,1072.05,9,6609.50,9,119.11667,0.1048%,6.16529,4,2662.84,4,268.01250,0.0466%,2.48388,5,3946.66,5,,,,,,,,,
INR,"Apr 01, 2026 - Apr 30, 2026","=""amzn1.ads-account.g.a5og6bnunpn8m911rke7gdql""",Cubelelo,162147707583156,BA - Branded - Cubelelo,"=""396531688533510""",BA - SP PT - Magnetic Cube - Brand - ST,"=""393022607656219""",Magnetic Cube_ST,B0BRXJ9Q4G,Cubelelo Drift 3M Plus v2 3x3 (Magnetic) Cube | New Upgraded Version Based on MoYu RS3M v5 | Dual-Adjustment System | Premium Speedcube for Kids Boys Girls Ages 4+ Year Old & Adults,B0F18TBS19,cubelelo,0300 Games & Puzzles,0307 Non-wooden Puzzles,Toy,1030700_EAN,AMAZON_IN,5036,7,0.1390%,39.63,0,0.00,0,,0.0000%,0.00000,0,0.00,0,,0.0000%,0.00000,0,0.00,0,,,,,,,,,
INR,"Apr 03, 2026 - Apr 30, 2026","=""amzn1.ads-account.g.a5og6bnunpn8m911rke7gdql""",Cubelelo,162147707583156,BA - Branded - Cubelelo,"=""329970929951347""",SP-KT - Branded - Cubelelo - Mid & Low Volume - Exact & Phrase - UND,"=""535729251693727""",Branded - Phrase,B0BRXJ9Q4G,Cubelelo Drift 3M Plus v2 3x3 (Magnetic) Cube | New Upgraded Version Based on MoYu RS3M v5 | Dual-Adjustment System | Premium Speedcube for Kids Boys Girls Ages 4+ Year Old & Adults,B0F18TBS19,cubelelo,0300 Games & Puzzles,0307 Non-wooden Puzzles,Toy,1030700_EAN,AMAZON_IN,95,4,4.2105%,10.77,1,665.71,1,10.77000,1.0526%,61.81151,1,665.71,1,10.77000,1.0526%,61.81151,0,0.00,0,,,,,,,,,
INR,"Apr 01, 2026 - Apr 30, 2026","=""amzn1.ads-account.g.a5og6bnunpn8m911rke7gdql""",Cubelelo,162147707583156,BA - Branded - Cubelelo,"=""329970929951347""",SP-KT - Branded - Cubelelo - Mid & Low Volume - Exact & Phrase - UND,"=""526301691836211""",Branded - 3x3 - Phrase,B0BRXJ9Q4G,Cubelelo Drift 3M Plus v2 3x3 (Magnetic) Cube | New Upgraded Version Based on MoYu RS3M v5 | Dual-Adjustment System | Premium Speedcube for Kids Boys Girls Ages 4+ Year Old & Adults,B0F18TBS19,cubelelo,0300 Games & Puzzles,0307 Non-wooden Puzzles,Toy,1030700_EAN,AMAZON_IN,12461,109,0.8747%,518.00,14,9986.61,14,37.00000,0.1124%,19.27917,13,8749.47,13,39.84615,0.1043%,16.89087,1,1237.14,1,,,,,,,,,
INR,"Apr 01, 2026 - Apr 30, 2026","=""amzn1.ads-account.g.a5og6bnunpn8m911rke7gdql""",Cubelelo,162147707583156,BA - Branded - Cubelelo,"=""408832603271930""",BA_SP_KT_Brand Drift (3x3)_Phrase_09/23,"=""462288077097605""",Brand Drift (3x3),B0BRXJ9Q4G,Cubelelo Drift 3M Plus v2 3x3 (Magnetic) Cube | New Upgraded Version Based on MoYu RS3M v5 | Dual-Adjustment System | Premium Speedcube for Kids Boys Girls Ages 4+ Year Old & Adults,B0F18TBS19,cubelelo,0300 Games & Puzzles,0307 Non-wooden Puzzles,Toy,1030700_EAN,AMAZON_IN,2570,20,0.7782%,101.12,5,3660.94,5,20.22400,0.1946%,36.20392,5,3660.94,5,20.22400,0.1946%,36.20392,0,0.00,0,,,,,,,,,
INR,"Apr 01, 2026 - Apr 30, 2026","=""amzn1.ads-account.g.a5og6bnunpn8m911rke7gdql""",Cubelelo,279942205262904,BA - Generic - Mid & Low Volume,"=""369883644681767""","SP-KT - Magnetic - Open, 2x2, 4x4, 5x5 - High Volume - Exact & Phrase","=""555858234006967""",Magnetic - Open - Mid & Low Volume,B0BRXJ9Q4G,Cubelelo Drift 3M Plus v2 3x3 (Magnetic) Cube | New Upgraded Version Based on MoYu RS3M v5 | Dual-Adjustment System | Premium Speedcube for Kids Boys Girls Ages 4+ Year Old & Adults,B0F18TBS19,cubelelo,0300 Games & Puzzles,0307 Non-wooden Puzzles,Toy,1030700_EAN,AMAZON_IN,3119,16,0.5130%,94.28,1,141.90,1,94.28000,0.0321%,1.50509,0,0.00,0,,0.0000%,0.00000,1,141.90,1,,,,,,,,,
INR,"Apr 01, 2026 - Apr 30, 2026","=""amzn1.ads-account.g.a5og6bnunpn8m911rke7gdql""",Cubelelo,162147707583156,BA - Branded - Cubelelo,"=""329970929951347""",SP-KT - Branded - Cubelelo - Mid & Low Volume - Exact & Phrase - UND,"=""466745020882275""",Magnetic - 3x3,B0BRXJ9Q4G,Cubelelo Drift 3M Plus v2 3x3 (Magnetic) Cube | New Upgraded Version Based on MoYu RS3M v5 | Dual-Adjustment System | Premium Speedcube for Kids Boys Girls Ages 4+ Year Old & Adults,B0F18TBS19,cubelelo,0300 Games & Puzzles,0307 Non-wooden Puzzles,Toy,1030700_EAN,AMAZON_IN,56,1,1.7857%,3.87,0,0.00,0,,0.0000%,0.00000,0,0.00,0,,0.0000%,0.00000,0,0.00,0,,,,,,,,,
INR,"Apr 01, 2026 - Apr 30, 2026","=""amzn1.ads-account.g.a5og6bnunpn8m911rke7gdql""",Cubelelo,153505421940411,BA - Competition - Moyu,"=""535209545252680""",SP-KT - Comp - Moyu - Generic - Mid & Low Volume - Exact & Phrase,"=""544609417584184""",Phrase - Moyu - Generic - Mid & Low Volume,B0BRXJ9Q4G,Cubelelo Drift 3M Plus v2 3x3 (Magnetic) Cube | New Upgraded Version Based on MoYu RS3M v5 | Dual-Adjustment System | Premium Speedcube for Kids Boys Girls Ages 4+ Year Old & Adults,B0F18TBS19,cubelelo,0300 Games & Puzzles,0307 Non-wooden Puzzles,Toy,1030700_EAN,AMAZON_IN,11241,101,0.8985%,602.67,3,2662.84,4,200.89000,0.0267%,4.41841,3,2662.84,4,200.89000,0.0267%,4.41841,0,0.00,0,,,,,,,,,
INR,"Apr 01, 2026 - Apr 30, 2026","=""amzn1.ads-account.g.a5og6bnunpn8m911rke7gdql""",Cubelelo,279942205262904,BA - Generic - Mid & Low Volume,"=""498287583816355""","SP-KT - Generic - 5x5, 6x6, 7x7, Keychain - Mid & Low Volume - Exact & Phrase","=""384271447348191""",Phrase - Generic - 5x5 - Mid & Low Volume,B09K7QTCXP,Cubelelo Drift 5x5 Stickerless Speed Cube | AKA Professor's Cube Magic Puzzle for Kids & Adults | Smooth and Durable Speedy Brainstorming Puzzle| Ultimate Stress Buster and Mind Challenge,B0CWDC1YJL,cubelelo,0300 Games & Puzzles,0307 Non-wooden Puzzles,Toy,1050200,AMAZON_IN,30755,476,1.5477%,3602.82,70,28399.09,70,51.46886,0.2276%,7.88246,57,23377.19,57,63.20737,0.1853%,6.48858,13,5021.90,13,,,,,,,,,
INR,"Apr 01, 2026 - Apr 30, 2026","=""amzn1.ads-account.g.a5og6bnunpn8m911rke7gdql""",Cubelelo,159890394934310,Old - Core Generic Cube Campaigns All,"=""461439945733289""",BA_SP_KT_5x5 Cube_Generic_Phrase_09/23,"=""521470917336542""",5x5 Cube,B09K7QTCXP,Cubelelo Drift 5x5 Stickerless Speed Cube | AKA Professor's Cube Magic Puzzle for Kids & Adults | Smooth and Durable Speedy Brainstorming Puzzle| Ultimate Stress Buster and Mind Challenge,B0CWDC1YJL,cubelelo,0300 Games & Puzzles,0307 Non-wooden Puzzles,Toy,1050200,AMAZON_IN,8323,410,4.9261%,2144.60,73,30241.00,73,29.37808,0.8771%,14.10100,65,27461.97,65,32.99385,0.7810%,12.80517,8,2779.03,8,,,,,,,,,
INR,"Apr 01, 2026 - Apr 30, 2026","=""amzn1.ads-account.g.a5og6bnunpn8m911rke7gdql""",Cubelelo,279942205262904,BA - Generic - Mid & Low Volume,"=""498287583816355""","SP-KT - Generic - 5x5, 6x6, 7x7, Keychain - Mid & Low Volume - Exact & Phrase","=""490322774447990""",Generic - 5x5 - Mid & Low Volume,B09K7QTCXP,Cubelelo Drift 5x5 Stickerless Speed Cube | AKA Professor's Cube Magic Puzzle for Kids & Adults | Smooth and Durable Speedy Brainstorming Puzzle| Ultimate Stress Buster and Mind Challenge,B0CWDC1YJL,cubelelo,0300 Games & Puzzles,0307 Non-wooden Puzzles,Toy,1050200,AMAZON_IN,19066,390,2.0455%,2122.14,77,31293.38,77,27.56026,0.4039%,14.74614,69,29303.87,69,30.75565,0.3619%,13.80864,8,1989.51,8,,,,,,,,,
INR,"Apr 01, 2026 - Apr 30, 2026","=""amzn1.ads-account.g.a5og6bnunpn8m911rke7gdql""",Cubelelo,279942205262904,BA - Generic - Mid & Low Volume,"=""327104446426115""","SP-KT - Axis - Windmill - Fisher, Cylinder, Kids, Mini, Smart, Pyramid - Open - Mid & Low Volume - Exact & Phrase","=""287381957290883""",Cylinder - Mid & Low volume - Exact & Phrase,B0C55MW9WL,"Cubelelo Drift Column 3x3 Stickerless Speedcube Puzzle | Unique Cylindrical Speed Cube | Ultimate Stress Buster & Brainstorming Challenge for Kids & Adults | Smooth, Fast Puzzle for All Skill Levels",B0CBC8ZF7Y,cubelelo,0300 Games & Puzzles,0307 Non-wooden Puzzles,Toy,1630300_EAN,AMAZON_IN,2004,64,3.1936%,227.30,12,3926.64,12,18.94167,0.5988%,17.27514,11,3656.16,11,20.66364,0.5489%,16.08517,1,270.48,1,,,,,,,,,
INR,"Apr 04, 2026 - Apr 23, 2026","=""amzn1.ads-account.g.a5og6bnunpn8m911rke7gdql""",Cubelelo,153616914906061,Old - GAN Cube Campaigns All,"=""489604592702272""",BA_SP_KT_Gan 3x3_Generic_Phrase_09/23,"=""301678064380383""",Gan 3x3,B07Q7G5NB5,Cubelelo Gans 356-RS 3x3 Stickerless Magnetic High Speed Cube Puzzle for Kids & Adults Magic Speedy Stress Buster Brainstorming Puzzles Cube (Multicolor),B0CZ4489QY,cubelelo,0300 Games & Puzzles,0307 Non-wooden Puzzles,Toy,B07Q7G5NB5,AMAZON_IN,2,0,0.0000%,0.00,0,0.00,0,,0.0000%,,0,0.00,0,,0.0000%,,0,0.00,0,,,,,,,,,
