Budget currency,Date range,Advertiser account ID,Advertiser account name,Portfolio ID,Portfolio name,Campaign ID,Campaign name,Ad group ID,Ad group name,Advertised product ID,Advertised product name,Advertised product parent ID,Advertised product brand,Advertised product category,Advertised product subcategory,Advertised product group,Advertised product SKU,Advertised product marketplace,Impressions,Clicks,CTR,Total cost,Purchases,Sales,Units sold,Cost per purchase,Purchase rate,ROAS,Purchases (promoted),Sales (promoted),Units sold (promoted),Cost per purchase (promoted),Purchase rate (promoted),ROAS (promoted),Purchases (halo),Sales (halo),Units sold (halo),Purchases (new to brand),Sales (new to brand),Units sold (new to brand),Cost per purchase (new to brand),Purchase rate (new to brand),ROAS (new to brand),Detail page views,Cost per detail page view,Detail page view rate
INR,"May 01, 2026 - May 31, 2026","=""amzn1.ads-account.g.a5og6bnunpn8m911rke7gdql""",Cubelelo,106276615587889,BA - Wooden Toys,"=""422466067749037""",SP-Auto - Wooden Products - Generic,"=""304050272629409""",Auto,B0CJBLTM11,"Cubelelo Drift Daily Calendar Puzzle | A-Puzzle-A-Day | Wooden Challenging Tangram Puzzle Toys for Adults and Kids | Compact, Travel Friendly Toy for Return & Birthday Gifts",-1,cubelelo,0300 Games & Puzzles,0306 Wooden Puzzles,Toy,4001001a,AMAZON_IN,114736,395,0.3443%,2899.08,52,18852.35,64,55.75154,0.0453%,6.50287,42,14155.20,53,69.02571,0.0366%,4.88265,10,4697.15,11,,,,,,,,,
INR,"May 01, 2026 - May 31, 2026","=""amzn1.ads-account.g.a5og6bnunpn8m911rke7gdql""",Cubelelo,106276615587889,BA - Wooden Toys,"=""434668412101024""",SP-PT - Wooden - Comp - Calendar Puzzle - Best selling - Brain Teaser Puzzles - Exact,"=""480131625002209""",Calendar Puzzle,B0CJBLTM11,"Cubelelo Drift Daily Calendar Puzzle | A-Puzzle-A-Day | Wooden Challenging Tangram Puzzle Toys for Adults and Kids | Compact, Travel Friendly Toy for Return & Birthday Gifts",-1,cubelelo,0300 Games & Puzzles,0306 Wooden Puzzles,Toy,4001001a,AMAZON_IN,21199,38,0.1793%,472.11,2,520.95,2,236.05500,0.0094%,1.10345,1,264.76,1,472.11000,0.0047%,0.56080,1,256.19,1,,,,,,,,,
INR,"May 01, 2026 - May 31, 2026","=""amzn1.ads-account.g.a5og6bnunpn8m911rke7gdql""",Cubelelo,106276615587889,BA - Wooden Toys,"=""556800165272450""",SP-PT - Wooden - Comp - Puzzle Co - Calendar Puzzle - Exact,"=""334412694312199""",Calendar Puzzle,B0CJBLTM11,"Cubelelo Drift Daily Calendar Puzzle | A-Puzzle-A-Day | Wooden Challenging Tangram Puzzle Toys for Adults and Kids | Compact, Travel Friendly Toy for Return & Birthday Gifts",-1,cubelelo,0300 Games & Puzzles,0306 Wooden Puzzles,Toy,4001001a,AMAZON_IN,333,1,0.3003%,7.67,0,0.00,0,,0.0000%,0.00000,0,0.00,0,,0.0000%,0.00000,0,0.00,0,,,,,,,,,
INR,"May 01, 2026 - May 31, 2026","=""amzn1.ads-account.g.a5og6bnunpn8m911rke7gdql""",Cubelelo,108066094626813,BA - Generic - Extremely High Volume,"=""345506724788622""","SP-KT - Mirror, Infinity & Combo - Open - High Volume - Exact","=""427492065631626""",Mirror - High Volume,B0DRVW5BNS,Cubelelo Drift 3x3 Mirror Blue (Tiled) Speed Cube | New Blue Version Looks Stunning with Buttery Smooth Turns | Ideal for Kids Above 5 6 Years Old Boys Girls | 3x3x3 Shape-Shifting Design Puzzle Toy,B0DWMW5ZNX,cubelelo,0300 Games & Puzzles,0301 Family Board / Action,Toy,1120039,AMAZON_IN,56225,548,0.9747%,3611.24,89,29860.01,90,40.57573,0.1583%,8.26863,64,22004.76,64,56.42563,0.1138%,6.09341,25,7855.25,26,,,,,,,,,
INR,"May 01, 2026 - May 31, 2026","=""amzn1.ads-account.g.a5og6bnunpn8m911rke7gdql""",Cubelelo,279942205262904,BA - Generic - Mid & Low Volume,"=""560766968003680""","SP-KT - Mirror, Infinity & Combo - Open - Mid & Low Volume - Exact & Phrase - UND","=""525770774800313""",Phrase - Mirror - Mid & Low Volume,B0DRVW5BNS,Cubelelo Drift 3x3 Mirror Blue (Tiled) Speed Cube | New Blue Version Looks Stunning with Buttery Smooth Turns | Ideal for Kids Above 5 6 Years Old Boys Girls | 3x3x3 Shape-Shifting Design Puzzle Toy,B0DWMW5ZNX,cubelelo,0300 Games & Puzzles,0301 Family Board / Action,Toy,1120039,AMAZON_IN,23714,299,1.2609%,2265.45,54,18876.21,54,41.95278,0.2277%,8.33221,36,13772.40,36,62.92917,0.1518%,6.07932,18,5103.81,18,,,,,,,,,
INR,"May 01, 2026 - May 31, 2026","=""amzn1.ads-account.g.a5og6bnunpn8m911rke7gdql""",Cubelelo,162147707583156,BA - Branded - Cubelelo,"=""329970929951347""",SP-KT - Branded - Cubelelo - Mid & Low Volume - Exact & Phrase - UND,"=""360220929148821""",Mirror,B0DRVW5BNS,Cubelelo Drift 3x3 Mirror Blue (Tiled) Speed Cube | New Blue Version Looks Stunning with Buttery Smooth Turns | Ideal for Kids Above 5 6 Years Old Boys Girls | 3x3x3 Shape-Shifting Design Puzzle Toy,B0DWMW5ZNX,cubelelo,0300 Games & Puzzles,0301 Family Board / Action,Toy,1120039,AMAZON_IN,329,13,3.9514%,50.87,5,1823.81,5,10.17400,1.5198%,35.85237,4,1348.57,4,12.71750,1.2158%,26.51012,1,475.24,1,,,,,,,,,
INR,"May 01, 2026 - May 31, 2026","=""amzn1.ads-account.g.a5og6bnunpn8m911rke7gdql""",Cubelelo,279942205262904,BA - Generic - Mid & Low Volume,"=""560766968003680""","SP-KT - Mirror, Infinity & Combo - Open - Mid & Low Volume - Exact & Phrase - UND","=""389003175272486""",Mirror - Mid & Low Volume,B0DRVW5BNS,Cubelelo Drift 3x3 Mirror Blue (Tiled) Speed Cube | New Blue Version Looks Stunning with Buttery Smooth Turns | Ideal for Kids Above 5 6 Years Old Boys Girls | 3x3x3 Shape-Shifting Design Puzzle Toy,B0DWMW5ZNX,cubelelo,0300 Games & Puzzles,0301 Family Board / Action,Toy,1120039,AMAZON_IN,6749,78,1.1557%,614.13,5,1632.38,5,122.82600,0.0741%,2.65804,5,1632.38,5,122.82600,0.0741%,2.65804,0,0.00,0,,,,,,,,,
INR,"May 01, 2026 - May 31, 2026","=""amzn1.ads-account.g.a5og6bnunpn8m911rke7gdql""",Cubelelo,162147707583156,BA - Branded - Cubelelo,"=""505382113206749""",SB-KT | All Products | Brand | Store | CPC | Phrase & Exact,"=""497483968325206""",Ad group - 3/9/2024 16:53:08.570,,,,,,,,,,187521,4687,2.4995%,19297.02,426,179675.38,436,45.29817,0.2272%,9.31104,394,154618.26,403,48.97721,0.2101%,8.01255,32,25057.12,33,327,132000.14,336,59.01229,0.1744%,6.84044,9777,1.97372,5.2138%
INR,"May 01, 2026 - May 31, 2026","=""amzn1.ads-account.g.a5og6bnunpn8m911rke7gdql""",Cubelelo,224382981785530,BA - SB New Restructure campaigns.,"=""334124855453438""","SBSL-KT - Generic - 2x2, 3x3, 4x4, 5x5, 6x6, 7x7 - Exact","=""429908011542855""",Generic - 3x3,,,,,,,,,,1325,40,3.0189%,154.91,4,775.24,4,38.72750,0.3019%,5.00445,4,775.24,4,38.72750,0.3019%,5.00445,0,0.00,0,4,775.24,4,38.72750,0.3019%,5.00445,76,2.03829,5.7358%
INR,"May 01, 2026 - May 31, 2026","=""amzn1.ads-account.g.a5og6bnunpn8m911rke7gdql""",Cubelelo,215664054810032,BA - Number Sliding Puzzle,"=""285100935665485""",SBV-KT - Generic - Number Sliding Puzzle - More than 1L Searches - Exact,"=""366169976798877""",Video - Number Sliding Puzzle,,,,,,,,,,84161,812,0.9648%,7592.99,130,33692.41,131,58.40762,0.1545%,4.43731,126,32650.51,127,60.26183,0.1497%,4.30009,4,1041.90,4,126,32783.84,127,60.26183,0.1497%,4.31765,1292,5.87693,1.5352%
INR,"May 01, 2026 - May 31, 2026","=""amzn1.ads-account.g.a5og6bnunpn8m911rke7gdql""",Cubelelo,279431566595154,Paused SB Campaigns - Old,"=""342892756369405""",BA_SBV_KT_3x3 Cube Generic _Magnetic_Phrase_4/24,"=""367878248809390""",Magnetic Cube 3x3,,,,,,,,,,5284,68,1.2869%,854.76,9,3613.36,9,94.97333,0.1703%,4.22734,7,3035.26,7,122.10857,0.1325%,3.55101,2,578.10,2,9,3613.36,9,94.97333,0.1703%,4.22734,184,4.64543,3.4822%
INR,"May 08, 2026 - May 31, 2026","=""amzn1.ads-account.g.a5og6bnunpn8m911rke7gdql""",Cubelelo,224382981785530,BA - SB New Restructure campaigns.,"=""294777906047039""",SBSL-KT - Generic - Open - High & Mid Volume - Exact,"=""528089263509420""",High Volume -  Exact,,,,,,,,,,47122,990,2.1009%,8939.01,95,29978.11,98,94.09484,0.2016%,3.35363,81,24800.02,84,110.35815,0.1719%,2.77436,14,5178.09,14,77,22480.02,78,116.09104,0.1634%,2.51482,2019,4.42744,4.2846%
INR,"May 01, 2026 - May 31, 2026","=""amzn1.ads-account.g.a5og6bnunpn8m911rke7gdql""",Cubelelo,224382981785530,BA - SB New Restructure campaigns.,"=""299103076353766""","SBSL-KT - Megaminx, Pyramid, Timer & Gear - Open - Exact","=""283434224733733""",Megaminx,,,,,,,,,,10900,337,3.0917%,989.27,30,12829.33,31,32.97567,0.2752%,12.96848,26,11128.95,27,38.04885,0.2385%,11.24966,4,1700.38,4,20,8794.08,20,49.46350,0.1835%,8.88946,687,1.43999,6.3028%
INR,"May 01, 2026 - May 31, 2026","=""amzn1.ads-account.g.a5og6bnunpn8m911rke7gdql""",Cubelelo,224382981785530,BA - SB New Restructure campaigns.,"=""334124855453438""","SBSL-KT - Generic - 2x2, 3x3, 4x4, 5x5, 6x6, 7x7 - Exact","=""347081244847252""",Generic - 5x5,,,,,,,,,,149,4,2.6846%,7.52,0,0.00,0,,0.0000%,0.00000,0,0.00,0,,0.0000%,0.00000,0,0.00,0,0,0.00,0,,0.0000%,0.00000,3,2.50667,2.0134%
INR,"May 01, 2026 - May 31, 2026","=""amzn1.ads-account.g.a5og6bnunpn8m911rke7gdql""",Cubelelo,224382981785530,BA - SB New Restructure campaigns.,"=""334124855453438""","SBSL-KT - Generic - 2x2, 3x3, 4x4, 5x5, 6x6, 7x7 - Exact","=""369193468972636""",Generic - 6x6,,,,,,,,,,953,42,4.4071%,109.77,7,4850.48,7,15.68143,0.7345%,44.18767,7,4850.48,7,15.68143,0.7345%,44.18767,0,0.00,0,2,2187.62,2,54.88500,0.2099%,19.92913,80,1.37213,8.3945%
INR,"May 01, 2026 - May 31, 2026","=""amzn1.ads-account.g.a5og6bnunpn8m911rke7gdql""",Cubelelo,224382981785530,BA - SB New Restructure campaigns.,"=""415753023796479""","SBSL-KT - Mirror, Infinity & Combo - Open - Exact","=""431711332516830""",Mirror,,,,,,,,,,10037,155,1.5443%,447.47,17,5912.39,18,26.32176,0.1694%,13.21293,15,4772.39,16,29.83133,0.1494%,10.66527,2,1140.00,2,12,4185.72,13,37.28917,0.1196%,9.35419,323,1.38536,3.2181%
INR,"May 01, 2026 - May 31, 2026","=""amzn1.ads-account.g.a5og6bnunpn8m911rke7gdql""",Cubelelo,279431566595154,Paused SB Campaigns - Old,"=""302256792673586""",BA_SBV_KT_3x3 Cube Generic _Generic_Phrase_7/24,"=""495270982862202""",ROS,,,,,,,,,,240,1,0.4167%,1.81,0,0.00,0,,0.0000%,0.00000,0,0.00,0,,0.0000%,0.00000,0,0.00,0,0,0.00,0,,0.0000%,0.00000,3,0.60333,1.2500%
INR,"May 01, 2026 - May 31, 2026","=""amzn1.ads-account.g.a5og6bnunpn8m911rke7gdql""",Cubelelo,162147707583156,BA - Branded - Cubelelo,"=""497445504821486""",BA_SBV_KT_3x3 Cube _Brand_Phrase,"=""314412296912727""",SBV - ROS - Phrase,,,,,,,,,,3223,114,3.5371%,1989.62,9,4243.82,9,221.06889,0.2792%,2.13298,9,4243.82,9,221.06889,0.2792%,2.13298,0,0.00,0,7,3102.87,7,284.23143,0.2172%,1.55953,479,4.15370,14.8619%
INR,"May 01, 2026 - May 31, 2026","=""amzn1.ads-account.g.a5og6bnunpn8m911rke7gdql""",Cubelelo,162147707583156,BA - Branded - Cubelelo,"=""497445504821486""",BA_SBV_KT_3x3 Cube _Brand_Phrase,"=""431745662903515""",SBV - TOS - PH,,,,,,,,,,4289,242,5.6423%,1098.17,30,10391.43,32,36.60567,0.6995%,9.46250,28,9203.81,30,39.22036,0.6528%,8.38104,2,1187.62,2,21,7337.15,23,52.29381,0.4896%,6.68125,807,1.36081,18.8156%
INR,"May 01, 2026 - May 31, 2026","=""amzn1.ads-account.g.a5og6bnunpn8m911rke7gdql""",Cubelelo,224382981785530,BA - SB New Restructure campaigns.,"=""334124855453438""","SBSL-KT - Generic - 2x2, 3x3, 4x4, 5x5, 6x6, 7x7 - Exact","=""291290782526935""",Generic - 4x4,,,,,,,,,,7873,278,3.5311%,1006.58,31,11340.96,34,32.47032,0.3938%,11.26682,26,9378.10,28,38.71462,0.3302%,9.31680,5,1962.86,6,23,8495.24,24,43.76435,0.2921%,8.43971,411,2.44910,5.2204%
INR,"May 01, 2026 - May 31, 2026","=""amzn1.ads-account.g.a5og6bnunpn8m911rke7gdql""",Cubelelo,224382981785530,BA - SB New Restructure campaigns.,"=""415753023796479""","SBSL-KT - Mirror, Infinity & Combo - Open - Exact","=""302076672881646""",Combo,,,,,,,,,,3439,88,2.5589%,268.99,3,701.90,3,89.66333,0.0872%,2.60939,3,701.90,3,89.66333,0.0872%,2.60939,0,0.00,0,3,701.90,3,89.66333,0.0872%,2.60939,144,1.86799,4.1873%
INR,"May 01, 2026 - May 31, 2026","=""amzn1.ads-account.g.a5og6bnunpn8m911rke7gdql""",Cubelelo,224382981785530,BA - SB New Restructure campaigns.,"=""294777906047039""",SBSL-KT - Generic - Open - High & Mid Volume - Exact,"=""356079961127467""",Mid - Exact,,,,,,,,,,56929,1510,2.6524%,10939.91,152,56422.01,158,71.97309,0.2670%,5.15745,124,44255.32,127,88.22508,0.2178%,4.04531,28,12166.69,31,114,40124.87,119,95.96412,0.2002%,3.66775,2745,3.98540,4.8218%
INR,"May 01, 2026 - May 31, 2026","=""amzn1.ads-account.g.a5og6bnunpn8m911rke7gdql""",Cubelelo,44034571834589,BA - SD Campaigns,"=""403022595429362""",BA_SD_Category Targeting_VR_All Products_5/24,"=""483093739067840""",VR,B0DRVQVFJB,,,,,,,1030604,AMAZON_IN,0,0,,0.00,0,0.00,0,,,,0,0.00,0,,,,0,0.00,0,0,0.00,0,,,,63,0.00000,
INR,"May 01, 2026 - May 31, 2026","=""amzn1.ads-account.g.a5og6bnunpn8m911rke7gdql""",Cubelelo,224382981785530,BA - SB New Restructure campaigns.,"=""299103076353766""","SBSL-KT - Megaminx, Pyramid, Timer & Gear - Open - Exact","=""380303889693545""",Timer,,,,,,,,,,9854,469,4.7595%,928.40,30,15957.14,30,30.94667,0.3044%,17.18779,25,13819.05,25,37.13600,0.2537%,14.88480,5,2138.09,5,16,7734.27,16,58.02500,0.1624%,8.33075,821,1.13082,8.3316%
INR,"May 01, 2026 - May 31, 2026","=""amzn1.ads-account.g.a5og6bnunpn8m911rke7gdql""",Cubelelo,279431566595154,Paused SB Campaigns - Old,"=""549329631989436""",BA_SB - Generic_Magnetic Cube_Phrase_7/24,"=""506069636435611""",Generic Magnetic Cube,,,,,,,,,,624686,1147,0.1836%,11347.27,67,25000.01,72,169.36224,0.0107%,2.20317,64,24004.77,69,177.30109,0.0102%,2.11547,3,995.24,3,41,14453.33,41,276.76268,0.0066%,1.27373,2541,4.46567,0.4068%
INR,"May 05, 2026 - May 23, 2026","=""amzn1.ads-account.g.a5og6bnunpn8m911rke7gdql""",Cubelelo,215664054810032,BA - Number Sliding Puzzle,"=""368850028288804""",SBV-KT - Number Sliding Puzzle - Generic - BMM,"=""364214731614766""",SBV-KT - Number Sliding Puzzle - Generic - BMM,,,,,,,,,,18,0,0.0000%,0.00,0,0.00,0,,0.0000%,,0,0.00,0,,0.0000%,,0,0.00,0,0,0.00,0,,0.0000%,,0,,0.0000%
INR,"May 01, 2026 - May 31, 2026","=""amzn1.ads-account.g.a5og6bnunpn8m911rke7gdql""",Cubelelo,224382981785530,BA - SB New Restructure campaigns.,"=""299103076353766""","SBSL-KT - Megaminx, Pyramid, Timer & Gear - Open - Exact","=""368382737142762""",Gear,,,,,,,,,,4353,171,3.9283%,515.12,15,5100.01,15,34.34133,0.3446%,9.90063,15,5100.01,15,34.34133,0.3446%,9.90063,0,0.00,0,7,2763.82,7,73.58857,0.1608%,5.36539,329,1.56571,7.5580%
INR,"May 01, 2026 - May 31, 2026","=""amzn1.ads-account.g.a5og6bnunpn8m911rke7gdql""",Cubelelo,215664054810032,BA - Number Sliding Puzzle,"=""305807850584699""",SBV-KT - ROS - Number Sliding Puzzle - Generic - Exact,"=""369471270492532""",Number Sliding Puzzle,,,,,,,,,,91977,1090,1.1851%,8845.11,97,29151.47,111,91.18670,0.1055%,3.29577,91,26960.04,104,97.19901,0.0989%,3.04802,6,2191.43,7,90,27618.13,104,98.27900,0.0979%,3.12242,1972,4.48535,2.1440%
INR,"May 01, 2026 - May 31, 2026","=""amzn1.ads-account.g.a5og6bnunpn8m911rke7gdql""",Cubelelo,224382981785530,BA - SB New Restructure campaigns.,"=""299103076353766""","SBSL-KT - Megaminx, Pyramid, Timer & Gear - Open - Exact","=""367392159603994""",Pyramid,,,,,,,,,,3875,123,3.1742%,665.77,9,3276.95,11,73.97444,0.2323%,4.92205,7,2969.52,9,95.11000,0.1806%,4.46028,2,307.43,2,7,2736.95,9,95.11000,0.1806%,4.11095,171,3.89339,4.4129%
INR,"May 01, 2026 - May 31, 2026","=""amzn1.ads-account.g.a5og6bnunpn8m911rke7gdql""",Cubelelo,224382981785530,BA - SB New Restructure campaigns.,"=""334124855453438""","SBSL-KT - Generic - 2x2, 3x3, 4x4, 5x5, 6x6, 7x7 - Exact","=""533267236004239""",Generic - 2x2,,,,,,,,,,785,22,2.8025%,76.46,4,1080.00,4,19.11500,0.5096%,14.12503,3,900.00,3,25.48667,0.3822%,11.77086,1,180.00,1,2,397.14,2,38.23000,0.2548%,5.19409,42,1.82048,5.3503%
INR,"May 01, 2026 - May 31, 2026","=""amzn1.ads-account.g.a5og6bnunpn8m911rke7gdql""",Cubelelo,224382981785530,BA - SB New Restructure campaigns.,"=""415753023796479""","SBSL-KT - Mirror, Infinity & Combo - Open - Exact","=""515160219947373""",Infinity,,,,,,,,,,602,13,2.1595%,30.27,1,284.76,1,30.27000,0.1661%,9.40733,1,284.76,1,30.27000,0.1661%,9.40733,0,0.00,0,1,284.76,1,30.27000,0.1661%,9.40733,4,7.56750,0.6645%
INR,"May 01, 2026 - May 31, 2026","=""amzn1.ads-account.g.a5og6bnunpn8m911rke7gdql""",Cubelelo,279942205262904,BA - Generic - Mid & Low Volume,"=""327104446426115""","SP-KT - Axis - Windmill - Fisher, Cylinder, Kids, Mini, Smart, Pyramid - Open - Mid & Low Volume - Exact & Phrase","=""528810430432085""",Mini - Mid & Low Volume - Exact & Phrase,B09B7556K2,Cubelelo Drift Mini 3x3 Keychain Combo (Pack of 2) Magic Cube Puzzle | Portable Speedcube Set for Kids & Adults | Fun & Durable Keychain Cubes | Perfect On-the-Go Puzzle,-1,cubelelo,0300 Games & Puzzles,0307 Non-wooden Puzzles,Toy,CLB0096,AMAZON_IN,6634,46,0.6934%,198.10,4,1696.20,4,49.52500,0.0603%,8.56234,4,1696.20,4,49.52500,0.0603%,8.56234,0,0.00,0,,,,,,,,,
INR,"May 01, 2026 - May 31, 2026","=""amzn1.ads-account.g.a5og6bnunpn8m911rke7gdql""",Cubelelo,279942205262904,BA - Generic - Mid & Low Volume,"=""498287583816355""","SP-KT - Generic - 5x5, 6x6, 7x7, Keychain - Mid & Low Volume - Exact & Phrase","=""488567764457494""",Generic - Keychain - Low Volume,B09B7556K2,Cubelelo Drift Mini 3x3 Keychain Combo (Pack of 2) Magic Cube Puzzle | Portable Speedcube Set for Kids & Adults | Fun & Durable Keychain Cubes | Perfect On-the-Go Puzzle,-1,cubelelo,0300 Games & Puzzles,0307 Non-wooden Puzzles,Toy,CLB0096,AMAZON_IN,2210,19,0.8597%,69.91,0,0.00,0,,0.0000%,0.00000,0,0.00,0,,0.0000%,0.00000,0,0.00,0,,,,,,,,,
INR,"May 12, 2026 - May 30, 2026","=""amzn1.ads-account.g.a5og6bnunpn8m911rke7gdql""",Cubelelo,162147707583156,BA - Branded - Cubelelo,"=""408832603271930""",BA_SP_KT_Brand Drift (3x3)_Phrase_09/23,"=""462288077097605""",Brand Drift (3x3),B0CJMDL3V8,"Cubelelo Drift 3M 3X3 Magnetic Speedcube & Premium Cube Lubricant Combo | Drift 3M Features 48 Precision Magnets| Ultra Smooth Buttery Turns | The Perfect Kit For Fast, Precise Solving!, Kids",B0DQPD175T,cubelelo,0300 Games & Puzzles,0307 Non-wooden Puzzles,Toy,CLB0501,AMAZON_IN,7,0,0.0000%,0.00,0,0.00,0,,0.0000%,,0,0.00,0,,0.0000%,,0,0.00,0,,,,,,,,,
INR,"May 08, 2026 - May 25, 2026","=""amzn1.ads-account.g.a5og6bnunpn8m911rke7gdql""",Cubelelo,279942205262904,BA - Generic - Mid & Low Volume,"=""405383753413943""","SP-KT - Lube Combo, Magic, Pyraminx, Skewb, Stand, Timer, Gear - Open - Mid & Low Volume - Exact & Phrase","=""387936063231496""",Lube Combo - Mid & Low Volume - Exact & Phrase,B0CJMDL3V8,"Cubelelo Drift 3M 3X3 Magnetic Speedcube & Premium Cube Lubricant Combo | Drift 3M Features 48 Precision Magnets| Ultra Smooth Buttery Turns | The Perfect Kit For Fast, Precise Solving!, Kids",B0DQPD175T,cubelelo,0300 Games & Puzzles,0307 Non-wooden Puzzles,Toy,CLB0501,AMAZON_IN,5,0,0.0000%,0.00,0,0.00,0,,0.0000%,,0,0.00,0,,0.0000%,,0,0.00,0,,,,,,,,,
INR,"May 26, 2026 - May 31, 2026","=""amzn1.ads-account.g.a5og6bnunpn8m911rke7gdql""",Cubelelo,14896671318530,BA - Tinker Box,"=""178894007177834""",BA - SP - Auto - Tinker Box - 0-2 Years - DO,"=""524300284583215""",Tinker Box,B0FQP635YZ,TinkerBox Mobile Hanging | 0+ Months | Montessori Wooden Crib Toy for Newborns & Babies | Early Visual Stimulation & Sensory Development | Safe & Durable Hanging Room Decoration Toy,-1,Tinker Box,1500 Bedding,1530 Baby Blankets,Baby product,TB01004,AMAZON_IN,23481,37,0.1576%,190.48,0,0.00,0,,0.0000%,0.00000,0,0.00,0,,0.0000%,0.00000,0,0.00,0,,,,,,,,,
INR,"May 01, 2026 - May 31, 2026","=""amzn1.ads-account.g.a5og6bnunpn8m911rke7gdql""",Cubelelo,279942205262904,BA - Generic - Mid & Low Volume,"=""315451570129574""","SP-KT - Maglev, Mastermorphix, Puppet, Snake, Square1, Megaminx - Open - Mid & Low Volume - Exact & Phrase - UND","=""391120880267490""",Unique - Mid & Low Volume - Exact & Phrase,B09WHYXJRH,"Cubelelo Drift Megaminx M (Magnetic) Stickerless Puzzle - Precision Puzzle for Competitive Solvers, Kids & Adults | Smooth Turning, Durable Design, Ideal for Brain Teasers and Speedcubing Challenges",B0DFGXG393,cubelelo,0300 Games & Puzzles,0307 Non-wooden Puzzles,Toy,1290600,AMAZON_IN,3909,15,0.3837%,114.23,1,475.24,1,114.23000,0.0256%,4.16038,1,475.24,1,114.23000,0.0256%,4.16038,0,0.00,0,,,,,,,,,
INR,"May 01, 2026 - May 31, 2026","=""amzn1.ads-account.g.a5og6bnunpn8m911rke7gdql""",Cubelelo,279942205262904,BA - Generic - Mid & Low Volume,"=""315451570129574""","SP-KT - Maglev, Mastermorphix, Puppet, Snake, Square1, Megaminx - Open - Mid & Low Volume - Exact & Phrase - UND","=""429913349679527""",Megaminx - Mid & Low Volume - Exact & Phrase,B09WHYXJRH,"Cubelelo Drift Megaminx M (Magnetic) Stickerless Puzzle - Precision Puzzle for Competitive Solvers, Kids & Adults | Smooth Turning, Durable Design, Ideal for Brain Teasers and Speedcubing Challenges",B0DFGXG393,cubelelo,0300 Games & Puzzles,0307 Non-wooden Puzzles,Toy,1290600,AMAZON_IN,11775,151,1.2824%,1869.60,13,10700.97,13,143.81538,0.1104%,5.72367,11,9893.35,11,169.96364,0.0934%,5.29169,2,807.62,2,,,,,,,,,
INR,"May 01, 2026 - May 31, 2026","=""amzn1.ads-account.g.a5og6bnunpn8m911rke7gdql""",Cubelelo,108066094626813,BA - Generic - Extremely High Volume,"=""530532259196935""","SP-KT - Megaminx, Pyramid, Timer & Gear - Open - High Volume - Exact","=""360566109921119""",Megaminx - High Volume SKAG,B09WHYXJRH,"Cubelelo Drift Megaminx M (Magnetic) Stickerless Puzzle - Precision Puzzle for Competitive Solvers, Kids & Adults | Smooth Turning, Durable Design, Ideal for Brain Teasers and Speedcubing Challenges",B0DFGXG393,cubelelo,0300 Games & Puzzles,0307 Non-wooden Puzzles,Toy,1290600,AMAZON_IN,1641,10,0.6094%,48.27,4,2517.14,4,12.06750,0.2438%,52.14709,2,1901.90,2,24.13500,0.1219%,39.40128,2,615.24,2,,,,,,,,,
INR,"May 01, 2026 - May 31, 2026","=""amzn1.ads-account.g.a5og6bnunpn8m911rke7gdql""",Cubelelo,106276615587889,BA - Wooden Toys,"=""390890417285743""","SP-CT - Low ASP Cube - Brain Teasers, Framed Puzzles, Pegged Puzzles, Sudoku Puzzles, Floor Puzzles, Learning & Education","=""426976377672780""",Sudoku Puzzles,B08H88N2N9,Cubelelo Drift Warrior 3x3 Stickerless Cube | Beginner Speedcube for Kids Boys Girls Above 3 4 5 6 Years Old & Above | Magic Puzzle Toy | Durable & Smooth Cube with Anti-Pop Design 3 3,B0F18TBS19,cubelelo,0300 Games & Puzzles,0307 Non-wooden Puzzles,Toy,1030500,AMAZON_IN,1674,11,0.6571%,48.98,1,188.57,1,48.98000,0.0597%,3.84994,1,188.57,1,48.98000,0.0597%,3.84994,0,0.00,0,,,,,,,,,
INR,"May 01, 2026 - May 31, 2026","=""amzn1.ads-account.g.a5og6bnunpn8m911rke7gdql""",Cubelelo,106276615587889,BA - Wooden Toys,"=""390890417285743""","SP-CT - Low ASP Cube - Brain Teasers, Framed Puzzles, Pegged Puzzles, Sudoku Puzzles, Floor Puzzles, Learning & Education","=""484972979056260""",Framed Puzzles,B08H88N2N9,Cubelelo Drift Warrior 3x3 Stickerless Cube | Beginner Speedcube for Kids Boys Girls Above 3 4 5 6 Years Old & Above | Magic Puzzle Toy | Durable & Smooth Cube with Anti-Pop Design 3 3,B0F18TBS19,cubelelo,0300 Games & Puzzles,0307 Non-wooden Puzzles,Toy,1030500,AMAZON_IN,168,0,0.0000%,0.00,0,0.00,0,,0.0000%,,0,0.00,0,,0.0000%,,0,0.00,0,,,,,,,,,
INR,"May 01, 2026 - May 31, 2026","=""amzn1.ads-account.g.a5og6bnunpn8m911rke7gdql""",Cubelelo,106276615587889,BA - Wooden Toys,"=""390890417285743""","SP-CT - Low ASP Cube - Brain Teasers, Framed Puzzles, Pegged Puzzles, Sudoku Puzzles, Floor Puzzles, Learning & Education","=""360811071420421""",Floor Puzzles,B08H88N2N9,Cubelelo Drift Warrior 3x3 Stickerless Cube | Beginner Speedcube for Kids Boys Girls Above 3 4 5 6 Years Old & Above | Magic Puzzle Toy | Durable & Smooth Cube with Anti-Pop Design 3 3,B0F18TBS19,cubelelo,0300 Games & Puzzles,0307 Non-wooden Puzzles,Toy,1030500,AMAZON_IN,408,1,0.2451%,1.75,0,0.00,0,,0.0000%,0.00000,0,0.00,0,,0.0000%,0.00000,0,0.00,0,,,,,,,,,
INR,"May 01, 2026 - May 31, 2026","=""amzn1.ads-account.g.a5og6bnunpn8m911rke7gdql""",Cubelelo,106276615587889,BA - Wooden Toys,"=""390890417285743""","SP-CT - Low ASP Cube - Brain Teasers, Framed Puzzles, Pegged Puzzles, Sudoku Puzzles, Floor Puzzles, Learning & Education","=""388004689059216""",Pegged Puzzles,B08H88N2N9,Cubelelo Drift Warrior 3x3 Stickerless Cube | Beginner Speedcube for Kids Boys Girls Above 3 4 5 6 Years Old & Above | Magic Puzzle Toy | Durable & Smooth Cube with Anti-Pop Design 3 3,B0F18TBS19,cubelelo,0300 Games & Puzzles,0307 Non-wooden Puzzles,Toy,1030500,AMAZON_IN,356,0,0.0000%,0.00,0,0.00,0,,0.0000%,,0,0.00,0,,0.0000%,,0,0.00,0,,,,,,,,,
INR,"May 01, 2026 - May 31, 2026","=""amzn1.ads-account.g.a5og6bnunpn8m911rke7gdql""",Cubelelo,279942205262904,BA - Generic - Mid & Low Volume,"=""285784532724588""",SP-KT - Generic - Open - Cube - Mid & Low Volume - Exact & Phrase,"=""479419335051851""",Phrase - Generic - Open Searches - Mid & Low Volume,B08XJVBV15,"Cubelelo Drift 3x3 & 4x4 Stickerless Combo Set – Premium Dual Speed Cube Bundle for All Skill Levels – Smooth Turning, Durable, and Vibrant Stickerless Design",-1,cubelelo,0300 Games & Puzzles,0307 Non-wooden Puzzles,Toy,1460502,AMAZON_IN,29877,55,0.1841%,443.17,5,2433.34,5,88.63400,0.0167%,5.49076,5,2433.34,5,88.63400,0.0167%,5.49076,0,0.00,0,,,,,,,,,
INR,"May 01, 2026 - May 29, 2026","=""amzn1.ads-account.g.a5og6bnunpn8m911rke7gdql""",Cubelelo,279942205262904,BA - Generic - Mid & Low Volume,"=""316273786051120""",SD-CT - 3D Puzzle & Brain Teasers - Comp - Open - Broad - Old,"=""302660200409918""",Category Targeting,B08XJVBV15,"Cubelelo Drift 3x3 & 4x4 Stickerless Combo Set – Premium Dual Speed Cube Bundle for All Skill Levels – Smooth Turning, Durable, and Vibrant Stickerless Design",-1,cubelelo,0300 Games & Puzzles,0307 Non-wooden Puzzles,Toy,1460502,AMAZON_IN,302,0,0.0000%,0.00,0,0.00,0,,0.0000%,,0,0.00,0,,0.0000%,,0,0.00,0,0,0.00,0,,0.0000%,,0,,0.0000%
INR,"May 01, 2026 - May 31, 2026","=""amzn1.ads-account.g.a5og6bnunpn8m911rke7gdql""",Cubelelo,108066094626813,BA - Generic - Extremely High Volume,"=""495997417400177""",SP-KT - Generic - Open - 'Rubix Cube' - SKAG - High Volume - Exact,"=""536771283942162""",Generic - Open Searches - High Volume SKAG,B08XJVBV15,"Cubelelo Drift 3x3 & 4x4 Stickerless Combo Set – Premium Dual Speed Cube Bundle for All Skill Levels – Smooth Turning, Durable, and Vibrant Stickerless Design",-1,cubelelo,0300 Games & Puzzles,0307 Non-wooden Puzzles,Toy,1460502,AMAZON_IN,32579,63,0.1934%,728.45,6,2306.68,6,121.40833,0.0184%,3.16656,4,1852.39,4,182.11250,0.0123%,2.54292,2,454.29,2,,,,,,,,,
INR,"May 01, 2026 - May 31, 2026","=""amzn1.ads-account.g.a5og6bnunpn8m911rke7gdql""",Cubelelo,63272072822448,Old - Speed Cube Campaigns All,"=""495291247543690""",BA_SP_KT_Speed cube 3x3_Generic_Phrase_09/23,"=""533767985616784""",Speed cube 3x3,B0DQ8XH4J5,"Cubelelo Drift 3M Plus v2 MagLev 3x3 Speedcube with Premium Pouch & Cube Lubricant Combo | Advanced MagLev Technology for Superior Stability | Ultra-Smooth Turns | Ideal for Speedcubers, Kids & Adults",B0DQPD175T,cubelelo,0300 Games & Puzzles,0315 Electronic HandHeld Games,Toy,CLB0525,AMAZON_IN,40644,278,0.6840%,2320.42,19,13536.19,20,122.12737,0.0467%,5.83351,18,13384.76,19,128.91222,0.0443%,5.76825,1,151.43,1,,,,,,,,,
INR,"May 01, 2026 - May 31, 2026","=""amzn1.ads-account.g.a5og6bnunpn8m911rke7gdql""",Cubelelo,182829498693993,BA - Competition - GAN,"=""491880598355368""",SP-KT - Comp - GAN - 3x3 - Mid & Low Volume - Exact & Phrase,"=""404568450484859""",Gan - 3x3 - Mid & Low Volume,B0DQ8XH4J5,"Cubelelo Drift 3M Plus v2 MagLev 3x3 Speedcube with Premium Pouch & Cube Lubricant Combo | Advanced MagLev Technology for Superior Stability | Ultra-Smooth Turns | Ideal for Speedcubers, Kids & Adults",B0DQPD175T,cubelelo,0300 Games & Puzzles,0315 Electronic HandHeld Games,Toy,CLB0525,AMAZON_IN,382,8,2.0942%,30.74,1,1332.38,1,30.74000,0.2618%,43.34353,1,1332.38,1,30.74000,0.2618%,43.34353,0,0.00,0,,,,,,,,,
INR,"May 21, 2026 - May 31, 2026","=""amzn1.ads-account.g.a5og6bnunpn8m911rke7gdql""",Cubelelo,182829498693993,BA - Competition - GAN,"=""491880598355368""",SP-KT - Comp - GAN - 3x3 - Mid & Low Volume - Exact & Phrase,"=""351640142731378""",Phrase - SKAG,B0DQ8XH4J5,"Cubelelo Drift 3M Plus v2 MagLev 3x3 Speedcube with Premium Pouch & Cube Lubricant Combo | Advanced MagLev Technology for Superior Stability | Ultra-Smooth Turns | Ideal for Speedcubers, Kids & Adults",B0DQPD175T,cubelelo,0300 Games & Puzzles,0315 Electronic HandHeld Games,Toy,CLB0525,AMAZON_IN,12,0,0.0000%,0.00,0,0.00,0,,0.0000%,,0,0.00,0,,0.0000%,,0,0.00,0,,,,,,,,,
INR,"May 01, 2026 - May 31, 2026","=""amzn1.ads-account.g.a5og6bnunpn8m911rke7gdql""",Cubelelo,279942205262904,BA - Generic - Mid & Low Volume,"=""315451570129574""","SP-KT - Maglev, Mastermorphix, Puppet, Snake, Square1, Megaminx - Open - Mid & Low Volume - Exact & Phrase - UND","=""302205874173501""",Maglev - Mid & Low Volume - Exact & Phrase,B0DQ8XH4J5,"Cubelelo Drift 3M Plus v2 MagLev 3x3 Speedcube with Premium Pouch & Cube Lubricant Combo | Advanced MagLev Technology for Superior Stability | Ultra-Smooth Turns | Ideal for Speedcubers, Kids & Adults",B0DQPD175T,cubelelo,0300 Games & Puzzles,0315 Electronic HandHeld Games,Toy,CLB0525,AMAZON_IN,7812,106,1.3569%,925.86,9,10273.33,9,102.87333,0.1152%,11.09599,6,7991.43,6,154.31000,0.0768%,8.63136,3,2281.90,3,,,,,,,,,
INR,"May 01, 2026 - May 31, 2026","=""amzn1.ads-account.g.a5og6bnunpn8m911rke7gdql""",Cubelelo,182829498693993,BA - Competition - GAN,"=""287167733706633""",SP-KT - Comp - GAN - Generic - High Volume - Exact,"=""497061644898658""",Gan - Generic - High Volume,B0DQ8XH4J5,"Cubelelo Drift 3M Plus v2 MagLev 3x3 Speedcube with Premium Pouch & Cube Lubricant Combo | Advanced MagLev Technology for Superior Stability | Ultra-Smooth Turns | Ideal for Speedcubers, Kids & Adults",B0DQPD175T,cubelelo,0300 Games & Puzzles,0315 Electronic HandHeld Games,Toy,CLB0525,AMAZON_IN,5186,23,0.4435%,146.46,0,0.00,0,,0.0000%,0.00000,0,0.00,0,,0.0000%,0.00000,0,0.00,0,,,,,,,,,
INR,"May 01, 2026 - May 31, 2026","=""amzn1.ads-account.g.a5og6bnunpn8m911rke7gdql""",Cubelelo,182829498693993,BA - Competition - GAN,"=""548052105782309""",SP-KT - Comp - GAN - 3x3 - High Volume - Exact,"=""489910891681991""",Gan - 3x3 - High Volume,B0DQ8XH4J5,"Cubelelo Drift 3M Plus v2 MagLev 3x3 Speedcube with Premium Pouch & Cube Lubricant Combo | Advanced MagLev Technology for Superior Stability | Ultra-Smooth Turns | Ideal for Speedcubers, Kids & Adults",B0DQPD175T,cubelelo,0300 Games & Puzzles,0315 Electronic HandHeld Games,Toy,CLB0525,AMAZON_IN,15366,113,0.7354%,520.36,6,5185.71,6,86.72667,0.0390%,9.96562,3,3997.14,3,173.45333,0.0195%,7.68149,3,1188.57,3,,,,,,,,,
INR,"May 06, 2026 - May 06, 2026","=""amzn1.ads-account.g.a5og6bnunpn8m911rke7gdql""",Cubelelo,279942205262904,BA - Generic - Mid & Low Volume,"=""315451570129574""","SP-KT - Maglev, Mastermorphix, Puppet, Snake, Square1, Megaminx - Open - Mid & Low Volume - Exact & Phrase - UND","=""391120880267490""",Unique - Mid & Low Volume - Exact & Phrase,B0BZL2VBRM,"Cubelelo 2x2, 3x3, Pyraminx & Skewb Combo Stickerless | Speedcube Set for Kids & Adults | Smooth & Durable Puzzle Cubes | Ideal Combo for Beginners & Pros",-1,cubelelo,0300 Games & Puzzles,0307 Non-wooden Puzzles,Toy,1460551,AMAZON_IN,1,0,0.0000%,0.00,0,0.00,0,,0.0000%,,0,0.00,0,,0.0000%,,0,0.00,0,,,,,,,,,
INR,"May 07, 2026 - May 27, 2026","=""amzn1.ads-account.g.a5og6bnunpn8m911rke7gdql""",Cubelelo,279942205262904,BA - Generic - Mid & Low Volume,"=""315451570129574""","SP-KT - Maglev, Mastermorphix, Puppet, Snake, Square1, Megaminx - Open - Mid & Low Volume - Exact & Phrase - UND","=""303147424457131""",Square1 - Mid & Low Volume - Exact & Phrase,B082GC1ZBJ,"Cubelelo Moyu Meilong Gift Box (Stickerless) Speed Cube Magic Puzzle | 4-Pack Speedcube Bundle with Pyraminx, Square-1, Skewb & Megaminx | Ultimate Brain Teaser for Kids & Adults",-1,cubelelo,0300 Games & Puzzles,0307 Non-wooden Puzzles,Toy,1460061,AMAZON_IN,16,0,0.0000%,0.00,0,0.00,0,,0.0000%,,0,0.00,0,,0.0000%,,0,0.00,0,,,,,,,,,
INR,"May 01, 2026 - May 30, 2026","=""amzn1.ads-account.g.a5og6bnunpn8m911rke7gdql""",Cubelelo,279942205262904,BA - Generic - Mid & Low Volume,"=""315451570129574""","SP-KT - Maglev, Mastermorphix, Puppet, Snake, Square1, Megaminx - Open - Mid & Low Volume - Exact & Phrase - UND","=""391120880267490""",Unique - Mid & Low Volume - Exact & Phrase,B082GC1ZBJ,"Cubelelo Moyu Meilong Gift Box (Stickerless) Speed Cube Magic Puzzle | 4-Pack Speedcube Bundle with Pyraminx, Square-1, Skewb & Megaminx | Ultimate Brain Teaser for Kids & Adults",-1,cubelelo,0300 Games & Puzzles,0307 Non-wooden Puzzles,Toy,1460061,AMAZON_IN,7,0,0.0000%,0.00,0,0.00,0,,0.0000%,,0,0.00,0,,0.0000%,,0,0.00,0,,,,,,,,,
INR,"May 04, 2026 - May 28, 2026","=""amzn1.ads-account.g.a5og6bnunpn8m911rke7gdql""",Cubelelo,279942205262904,BA - Generic - Mid & Low Volume,"=""405383753413943""","SP-KT - Lube Combo, Magic, Pyraminx, Skewb, Stand, Timer, Gear - Open - Mid & Low Volume - Exact & Phrase","=""372803868727165""",Skewb - Mid & Low Volume - Exact & Phrase,B0BZL2VBRM,"Cubelelo 2x2, 3x3, Pyraminx & Skewb Combo Stickerless | Speedcube Set for Kids & Adults | Smooth & Durable Puzzle Cubes | Ideal Combo for Beginners & Pros",-1,cubelelo,0300 Games & Puzzles,0307 Non-wooden Puzzles,Toy,1460551,AMAZON_IN,6,0,0.0000%,0.00,0,0.00,0,,0.0000%,,0,0.00,0,,0.0000%,,0,0.00,0,,,,,,,,,
INR,"May 01, 2026 - May 31, 2026","=""amzn1.ads-account.g.a5og6bnunpn8m911rke7gdql""",Cubelelo,106276615587889,BA - Wooden Toys,"=""333332405788753""",SP - Non Cube - Infinity cube - Generic - Phrase & Exact,"=""556873628191239""",Infinity cube,B09B7PNSTV,Cubelelo Drift Infinity Cube (Blue) | Magic Puzzle Cool Mini Gadget for Stress and Anxiety Relief for Kids and Adults | Desk Finger Flip Toy for Fun and Game | for Ages 3 Years and Above,B0CWH1ZVTQ,cubelelo,0300 Games & Puzzles,0307 Non-wooden Puzzles,Toy,1630202,AMAZON_IN,49590,517,1.0425%,3530.23,59,18468.55,60,59.83441,0.1190%,5.23154,55,16723.79,56,64.18600,0.1109%,4.73731,4,1744.76,4,,,,,,,,,
INR,"May 01, 2026 - May 31, 2026","=""amzn1.ads-account.g.a5og6bnunpn8m911rke7gdql""",Cubelelo,242135938115990,BA - Competition - Cubes,"=""531300400003008""","SP-CT - Infinity Cuber - Dice Fidget Toys, Infinity Cubes & 3-D Puzzles","=""402525019912413""",Infinity Cube,B09B7PNSTV,Cubelelo Drift Infinity Cube (Blue) | Magic Puzzle Cool Mini Gadget for Stress and Anxiety Relief for Kids and Adults | Desk Finger Flip Toy for Fun and Game | for Ages 3 Years and Above,B0CWH1ZVTQ,cubelelo,0300 Games & Puzzles,0307 Non-wooden Puzzles,Toy,1630202,AMAZON_IN,40866,497,1.2162%,1679.35,37,10580.00,39,45.38784,0.0905%,6.30006,30,8427.62,31,55.97833,0.0734%,5.01838,7,2152.38,8,,,,,,,,,
INR,"May 01, 2026 - May 31, 2026","=""amzn1.ads-account.g.a5og6bnunpn8m911rke7gdql""",Cubelelo,279942205262904,BA - Generic - Mid & Low Volume,"=""560766968003680""","SP-KT - Mirror, Infinity & Combo - Open - Mid & Low Volume - Exact & Phrase - UND","=""432237711542454""",Phrase - Infinity - Mid & Low Volume,B09B7PNSTV,Cubelelo Drift Infinity Cube (Blue) | Magic Puzzle Cool Mini Gadget for Stress and Anxiety Relief for Kids and Adults | Desk Finger Flip Toy for Fun and Game | for Ages 3 Years and Above,B0CWH1ZVTQ,cubelelo,0300 Games & Puzzles,0307 Non-wooden Puzzles,Toy,1630202,AMAZON_IN,51109,484,0.9470%,2988.90,58,19387.61,61,51.53276,0.1135%,6.48654,54,17109.51,56,55.35000,0.1057%,5.72435,4,2278.10,5,,,,,,,,,
INR,"May 01, 2026 - May 31, 2026","=""amzn1.ads-account.g.a5og6bnunpn8m911rke7gdql""",Cubelelo,192177104268571,Old - Non Cube,"=""358488783032231""",SP-Auto - Infinity Cubes,"=""433356583073128""",Infinity Cube,B09B7PNSTV,Cubelelo Drift Infinity Cube (Blue) | Magic Puzzle Cool Mini Gadget for Stress and Anxiety Relief for Kids and Adults | Desk Finger Flip Toy for Fun and Game | for Ages 3 Years and Above,B0CWH1ZVTQ,cubelelo,0300 Games & Puzzles,0307 Non-wooden Puzzles,Toy,1630202,AMAZON_IN,524174,4313,0.8228%,12543.42,155,64913.68,216,80.92529,0.0296%,5.17512,130,56423.77,191,96.48785,0.0248%,4.49828,25,8489.91,25,,,,,,,,,
INR,"May 01, 2026 - May 31, 2026","=""amzn1.ads-account.g.a5og6bnunpn8m911rke7gdql""",Cubelelo,106276615587889,BA - Wooden Toys,"=""414214833476538""",SP-KT - Wooden Beads Threading Lacing - Mid & low Volume - Exact,"=""418373598476154""",KT - Wooden Beads,B0C3H8JJGQ,Cubelelo Wooden Beads Threading Lacing Game | DIY Lace & String Beading Kit | Multicolor Beads Rope Sewing Toy for Children Kids Boys Girls | Develops Creativity & Imagination | Puzzle,B0CJFV8XZT,cubelelo,"0200 Arts, Crafts & School Supplies",0208 Pearls & Jewelry,Toy,4001039,AMAZON_IN,28627,197,0.6882%,1245.94,14,9319.94,14,88.99571,0.0489%,7.48025,14,9319.94,14,88.99571,0.0489%,7.48025,0,0.00,0,,,,,,,,,
INR,"May 01, 2026 - May 31, 2026","=""amzn1.ads-account.g.a5og6bnunpn8m911rke7gdql""",Cubelelo,106276615587889,BA - Wooden Toys,"=""312905165546329""",SP-PT - Wooden Toy Beads Threading Lacing - Lower ASP - High Volume - Exact,"=""502296326188185""",SP-PT - Wooden Beads Threading Lacing - Lower ASP - High Volume - Exact,B0C3H8JJGQ,Cubelelo Wooden Beads Threading Lacing Game | DIY Lace & String Beading Kit | Multicolor Beads Rope Sewing Toy for Children Kids Boys Girls | Develops Creativity & Imagination | Puzzle,B0CJFV8XZT,cubelelo,"0200 Arts, Crafts & School Supplies",0208 Pearls & Jewelry,Toy,4001039,AMAZON_IN,12875,261,2.0272%,2314.44,17,11317.07,17,136.14353,0.1320%,4.88977,17,11317.07,17,136.14353,0.1320%,4.88977,0,0.00,0,,,,,,,,,
INR,"May 01, 2026 - May 31, 2026","=""amzn1.ads-account.g.a5og6bnunpn8m911rke7gdql""",Cubelelo,279942205262904,BA - Generic - Mid & Low Volume,"=""315451570129574""","SP-KT - Maglev, Mastermorphix, Puppet, Snake, Square1, Megaminx - Open - Mid & Low Volume - Exact & Phrase - UND","=""429913349679527""",Megaminx - Mid & Low Volume - Exact & Phrase,B0CGNXF2HT,Cubelelo Drift 2x2 Megaminx & 3x3 Megaminx Puzzle Combo | Dual Magic Cube Set for Challenging & Fun Puzzle Solving | Stickerless Speed Cubes for Kids & Adults,-1,cubelelo,0300 Games & Puzzles,0307 Non-wooden Puzzles,Toy,CLB0183,AMAZON_IN,17049,83,0.4868%,1201.52,6,3603.62,6,200.25333,0.0352%,2.99922,5,3118.48,5,240.30400,0.0293%,2.59545,1,485.14,1,,,,,,,,,
INR,"May 01, 2026 - May 31, 2026","=""amzn1.ads-account.g.a5og6bnunpn8m911rke7gdql""",Cubelelo,108066094626813,BA - Generic - Extremely High Volume,"=""530532259196935""","SP-KT - Megaminx, Pyramid, Timer & Gear - Open - High Volume - Exact","=""360566109921119""",Megaminx - High Volume SKAG,B0CGNXF2HT,Cubelelo Drift 2x2 Megaminx & 3x3 Megaminx Puzzle Combo | Dual Magic Cube Set for Challenging & Fun Puzzle Solving | Stickerless Speed Cubes for Kids & Adults,-1,cubelelo,0300 Games & Puzzles,0307 Non-wooden Puzzles,Toy,CLB0183,AMAZON_IN,1488,16,1.0753%,206.10,1,475.24,1,206.10000,0.0672%,2.30587,1,475.24,1,206.10000,0.0672%,2.30587,0,0.00,0,,,,,,,,,
INR,"May 01, 2026 - May 31, 2026","=""amzn1.ads-account.g.a5og6bnunpn8m911rke7gdql""",Cubelelo,279942205262904,BA - Generic - Mid & Low Volume,"=""315451570129574""","SP-KT - Maglev, Mastermorphix, Puppet, Snake, Square1, Megaminx - Open - Mid & Low Volume - Exact & Phrase - UND","=""391120880267490""",Unique - Mid & Low Volume - Exact & Phrase,B0CGNXF2HT,Cubelelo Drift 2x2 Megaminx & 3x3 Megaminx Puzzle Combo | Dual Magic Cube Set for Challenging & Fun Puzzle Solving | Stickerless Speed Cubes for Kids & Adults,-1,cubelelo,0300 Games & Puzzles,0307 Non-wooden Puzzles,Toy,CLB0183,AMAZON_IN,3271,12,0.3669%,91.82,1,141.90,1,91.82000,0.0306%,1.54542,0,0.00,0,,0.0000%,0.00000,1,141.90,1,,,,,,,,,
INR,"May 01, 2026 - May 31, 2026","=""amzn1.ads-account.g.a5og6bnunpn8m911rke7gdql""",Cubelelo,182829498693993,BA - Competition - GAN,"=""491880598355368""",SP-KT - Comp - GAN - 3x3 - Mid & Low Volume - Exact & Phrase,"=""351640142731378""",Phrase - SKAG,B0FB8VSWYZ,Cubelelo GAN 356 ME (v3-Frosted) 3x3 Magnetic Speed Cube | New Version | Premium Smooth Turning Puzzle for Speedcubing | Fast & Stable Competition-Ready Cube for Beginners & Professionals,B0DX26WL82,cubelelo,0300 Games & Puzzles,0301 Family Board / Action,Toy,1030553,AMAZON_IN,55,1,1.8182%,2.19,0,0.00,0,,0.0000%,0.00000,0,0.00,0,,0.0000%,0.00000,0,0.00,0,,,,,,,,,
INR,"May 01, 2026 - May 31, 2026","=""amzn1.ads-account.g.a5og6bnunpn8m911rke7gdql""",Cubelelo,182829498693993,BA - Competition - GAN,"=""287167733706633""",SP-KT - Comp - GAN - Generic - High Volume - Exact,"=""497061644898658""",Gan - Generic - High Volume,B0FB8VSWYZ,Cubelelo GAN 356 ME (v3-Frosted) 3x3 Magnetic Speed Cube | New Version | Premium Smooth Turning Puzzle for Speedcubing | Fast & Stable Competition-Ready Cube for Beginners & Professionals,B0DX26WL82,cubelelo,0300 Games & Puzzles,0301 Family Board / Action,Toy,1030553,AMAZON_IN,2032,11,0.5413%,55.19,0,0.00,0,,0.0000%,0.00000,0,0.00,0,,0.0000%,0.00000,0,0.00,0,,,,,,,,,
INR,"May 01, 2026 - May 31, 2026","=""amzn1.ads-account.g.a5og6bnunpn8m911rke7gdql""",Cubelelo,182829498693993,BA - Competition - GAN,"=""548052105782309""",SP-KT - Comp - GAN - 3x3 - High Volume - Exact,"=""489910891681991""",Gan - 3x3 - High Volume,B0FB8VSWYZ,Cubelelo GAN 356 ME (v3-Frosted) 3x3 Magnetic Speed Cube | New Version | Premium Smooth Turning Puzzle for Speedcubing | Fast & Stable Competition-Ready Cube for Beginners & Professionals,B0DX26WL82,cubelelo,0300 Games & Puzzles,0301 Family Board / Action,Toy,1030553,AMAZON_IN,1194,29,2.4288%,103.36,0,0.00,0,,0.0000%,0.00000,0,0.00,0,,0.0000%,0.00000,0,0.00,0,,,,,,,,,
INR,"May 01, 2026 - May 31, 2026","=""amzn1.ads-account.g.a5og6bnunpn8m911rke7gdql""",Cubelelo,182829498693993,BA - Competition - GAN,"=""303138629347007""",SP-KT - Comp - GAN - Generic - Mid & Low Volume - Exact & Phrase,"=""439855833331529""",Gan - Generic - Mid & Low Volume,B0FB8VSWYZ,Cubelelo GAN 356 ME (v3-Frosted) 3x3 Magnetic Speed Cube | New Version | Premium Smooth Turning Puzzle for Speedcubing | Fast & Stable Competition-Ready Cube for Beginners & Professionals,B0DX26WL82,cubelelo,0300 Games & Puzzles,0301 Family Board / Action,Toy,1030553,AMAZON_IN,16763,588,3.5077%,2943.87,26,38723.79,30,113.22577,0.1551%,13.15404,17,36080.01,17,173.16882,0.1014%,12.25598,9,2643.78,13,,,,,,,,,
INR,"May 01, 2026 - May 31, 2026","=""amzn1.ads-account.g.a5og6bnunpn8m911rke7gdql""",Cubelelo,143920007876206,BA - Megaminx Gan,"=""72913969349326""",SP - KT - GAN - Generic - High Volume - Exact - UND,"=""221819563115596""",GAN - High Volume - Exact,B0FB8VSWYZ,Cubelelo GAN 356 ME (v3-Frosted) 3x3 Magnetic Speed Cube | New Version | Premium Smooth Turning Puzzle for Speedcubing | Fast & Stable Competition-Ready Cube for Beginners & Professionals,B0DX26WL82,cubelelo,0300 Games & Puzzles,0301 Family Board / Action,Toy,1030553,AMAZON_IN,191486,2263,1.1818%,11255.25,52,75969.53,52,216.44712,0.0272%,6.74970,30,67687.64,30,375.17500,0.0157%,6.01387,22,8281.89,22,,,,,,,,,
INR,"May 01, 2026 - May 31, 2026","=""amzn1.ads-account.g.a5og6bnunpn8m911rke7gdql""",Cubelelo,143920007876206,BA - Megaminx Gan,"=""251982080013737""",SP-KT - GAN - Comp - Mid & Low Volume - Exact & Phrase - UND,"=""224709414529360""",GAN - 3x3 Magnetic - Exact & Phrase,B0FB8VSWYZ,Cubelelo GAN 356 ME (v3-Frosted) 3x3 Magnetic Speed Cube | New Version | Premium Smooth Turning Puzzle for Speedcubing | Fast & Stable Competition-Ready Cube for Beginners & Professionals,B0DX26WL82,cubelelo,0300 Games & Puzzles,0301 Family Board / Action,Toy,1030553,AMAZON_IN,3257,130,3.9914%,525.68,5,6232.38,5,105.13600,0.1535%,11.85584,2,4760.00,2,262.84000,0.0614%,9.05494,3,1472.38,3,,,,,,,,,
INR,"May 01, 2026 - May 31, 2026","=""amzn1.ads-account.g.a5og6bnunpn8m911rke7gdql""",Cubelelo,143920007876206,BA - Megaminx Gan,"=""251982080013737""",SP-KT - GAN - Comp - Mid & Low Volume - Exact & Phrase - UND,"=""95314050722662""",GAN - Model Specific - Exact & Phrase,B0FB8VSWYZ,Cubelelo GAN 356 ME (v3-Frosted) 3x3 Magnetic Speed Cube | New Version | Premium Smooth Turning Puzzle for Speedcubing | Fast & Stable Competition-Ready Cube for Beginners & Professionals,B0DX26WL82,cubelelo,0300 Games & Puzzles,0301 Family Board / Action,Toy,1030553,AMAZON_IN,645,15,2.3256%,59.15,0,0.00,0,,0.0000%,0.00000,0,0.00,0,,0.0000%,0.00000,0,0.00,0,,,,,,,,,
INR,"May 01, 2026 - May 31, 2026","=""amzn1.ads-account.g.a5og6bnunpn8m911rke7gdql""",Cubelelo,182829498693993,BA - Competition - GAN,"=""491880598355368""",SP-KT - Comp - GAN - 3x3 - Mid & Low Volume - Exact & Phrase,"=""404568450484859""",Gan - 3x3 - Mid & Low Volume,B0FB8VSWYZ,Cubelelo GAN 356 ME (v3-Frosted) 3x3 Magnetic Speed Cube | New Version | Premium Smooth Turning Puzzle for Speedcubing | Fast & Stable Competition-Ready Cube for Beginners & Professionals,B0DX26WL82,cubelelo,0300 Games & Puzzles,0301 Family Board / Action,Toy,1030553,AMAZON_IN,3768,145,3.8482%,426.86,11,15020.95,11,38.80545,0.2919%,35.18941,5,9615.24,5,85.37200,0.1327%,22.52551,6,5405.71,6,,,,,,,,,
INR,"May 17, 2026 - May 25, 2026","=""amzn1.ads-account.g.a5og6bnunpn8m911rke7gdql""",Cubelelo,279942205262904,BA - Generic - Mid & Low Volume,"=""327104446426115""","SP-KT - Axis - Windmill - Fisher, Cylinder, Kids, Mini, Smart, Pyramid - Open - Mid & Low Volume - Exact & Phrase","=""528810430432085""",Mini - Mid & Low Volume - Exact & Phrase,B088K8PLS9,"Cubelelo Drift Keychain 3x3 (Stickered) Mini Speed Cube - Compact & Portable Puzzle Keychain Pack of 2 for Kids & Adults | Smooth Turning, Fun & Engaging Travel Toy & Unique Gift Idea",B0D9VS131F,cubelelo,0300 Games & Puzzles,0307 Non-wooden Puzzles,Toy,1960043,AMAZON_IN,3,0,0.0000%,0.00,0,0.00,0,,0.0000%,,0,0.00,0,,0.0000%,,0,0.00,0,,,,,,,,,
INR,"May 30, 2026 - May 30, 2026","=""amzn1.ads-account.g.a5og6bnunpn8m911rke7gdql""",Cubelelo,279942205262904,BA - Generic - Mid & Low Volume,"=""498287583816355""","SP-KT - Generic - 5x5, 6x6, 7x7, Keychain - Mid & Low Volume - Exact & Phrase","=""488567764457494""",Generic - Keychain - Low Volume,B088K8PLS9,"Cubelelo Drift Keychain 3x3 (Stickered) Mini Speed Cube - Compact & Portable Puzzle Keychain Pack of 2 for Kids & Adults | Smooth Turning, Fun & Engaging Travel Toy & Unique Gift Idea",B0D9VS131F,cubelelo,0300 Games & Puzzles,0307 Non-wooden Puzzles,Toy,1960043,AMAZON_IN,1,0,0.0000%,0.00,0,0.00,0,,0.0000%,,0,0.00,0,,0.0000%,,0,0.00,0,,,,,,,,,
INR,"May 26, 2026 - May 31, 2026","=""amzn1.ads-account.g.a5og6bnunpn8m911rke7gdql""",Cubelelo,14896671318530,BA - Tinker Box,"=""178894007177834""",BA - SP - Auto - Tinker Box - 0-2 Years - DO,"=""524300284583215""",Tinker Box,B0FQPCXQXP,TinkerBox Wooden Roly Poly| 3+ Months | Montessori Roly Poly for Babies & Toddlers | Fun Rolling & Self-Balancing Toy for Motor Skills Development | Safe & Durable Baby Toy,-1,Tinker Box,0600 Infants/Preschool,0627 All Other Infant Toys,Toy,TB02003,AMAZON_IN,1628,21,1.2899%,116.86,1,427.62,1,116.86000,0.0614%,3.65925,1,427.62,1,116.86000,0.0614%,3.65925,0,0.00,0,,,,,,,,,
INR,"May 01, 2026 - May 27, 2026","=""amzn1.ads-account.g.a5og6bnunpn8m911rke7gdql""",Cubelelo,108066094626813,BA - Generic - Extremely High Volume,"=""530532259196935""","SP-KT - Megaminx, Pyramid, Timer & Gear - Open - High Volume - Exact","=""402396258219983""",Gear - High Volume SKAG,B0CP1XHDTC,"Cubelelo Drift Gear 3x3 Tiled Black Puzzle - Unique Gear Mechanism Speedcube for Enthusiasts & Beginners | Durable, Smooth-Turning, and Visually Striking 3x3 Magic Cube for Kid",B0CP2C3BXN,cubelelo,0300 Games & Puzzles,0307 Non-wooden Puzzles,Toy,1140034,AMAZON_IN,3614,55,1.5219%,250.46,10,3733.34,10,25.04600,0.2767%,14.90593,8,3231.44,8,31.30750,0.2214%,12.90202,2,501.90,2,,,,,,,,,
INR,"May 01, 2026 - May 01, 2026","=""amzn1.ads-account.g.a5og6bnunpn8m911rke7gdql""",Cubelelo,279942205262904,BA - Generic - Mid & Low Volume,"=""405383753413943""","SP-KT - Lube Combo, Magic, Pyraminx, Skewb, Stand, Timer, Gear - Open - Mid & Low Volume - Exact & Phrase","=""336660360115507""",Gear - Mid & Low Volume - Exact & Phrase,B0CP1XHDTC,"Cubelelo Drift Gear 3x3 Tiled Black Puzzle - Unique Gear Mechanism Speedcube for Enthusiasts & Beginners | Durable, Smooth-Turning, and Visually Striking 3x3 Magic Cube for Kid",B0CP2C3BXN,cubelelo,0300 Games & Puzzles,0307 Non-wooden Puzzles,Toy,1140034,AMAZON_IN,16,0,0.0000%,0.00,0,0.00,0,,0.0000%,,0,0.00,0,,0.0000%,,0,0.00,0,,,,,,,,,
INR,"May 01, 2026 - May 31, 2026","=""amzn1.ads-account.g.a5og6bnunpn8m911rke7gdql""",Cubelelo,162147707583156,BA - Branded - Cubelelo,"=""329970929951347""",SP-KT - Branded - Cubelelo - Mid & Low Volume - Exact & Phrase - UND,"=""360220929148821""",Mirror,B08N19CLYJ,Cubelelo Drift 3x3 & Blue Mirror Cube Premium Gift Box | Speedcube Set for Kids & Adults | Smooth & Durable Puzzle Combo | Ideal Gift for Puzzle Lovers,-1,cubelelo,0300 Games & Puzzles,0307 Non-wooden Puzzles,Toy,1460507,AMAZON_IN,8538,34,0.3982%,292.02,12,4782.86,12,24.33500,0.1405%,16.37854,3,851.43,3,97.34000,0.0351%,2.91566,9,3931.43,9,,,,,,,,,
INR,"May 01, 2026 - May 31, 2026","=""amzn1.ads-account.g.a5og6bnunpn8m911rke7gdql""",Cubelelo,162147707583156,BA - Branded - Cubelelo,"=""329970929951347""",SP-KT - Branded - Cubelelo - Mid & Low Volume - Exact & Phrase - UND,"=""560146263793792""",Combo,B08N19CLYJ,Cubelelo Drift 3x3 & Blue Mirror Cube Premium Gift Box | Speedcube Set for Kids & Adults | Smooth & Durable Puzzle Combo | Ideal Gift for Puzzle Lovers,-1,cubelelo,0300 Games & Puzzles,0307 Non-wooden Puzzles,Toy,1460507,AMAZON_IN,7312,29,0.3966%,214.75,2,701.91,2,107.37500,0.0274%,3.26850,1,426.67,1,214.75000,0.0137%,1.98682,1,275.24,1,,,,,,,,,
INR,"May 01, 2026 - May 31, 2026","=""amzn1.ads-account.g.a5og6bnunpn8m911rke7gdql""",Cubelelo,162147707583156,BA - Branded - Cubelelo,"=""329970929951347""",SP-KT - Branded - Cubelelo - Mid & Low Volume - Exact & Phrase - UND,"=""298700263606024""",Branded,B0DRVTQ6NM,Cubelelo Drift 3x3 Mirror Color (Tiled) Speedcube | New Colored Version Looks Fantastic with Buttery Smooth Turns | Ideal for Kids Above 5 Years Old | Unique Shape-Shifting Design for Puzzle Toy,B0DWMW5ZNX,cubelelo,0300 Games & Puzzles,0301 Family Board / Action,Toy,1120038,AMAZON_IN,35673,98,0.2747%,909.60,9,2866.67,9,101.06667,0.0252%,3.15157,4,1805.72,4,227.40000,0.0112%,1.98518,5,1060.95,5,,,,,,,,,
INR,"May 01, 2026 - May 31, 2026","=""amzn1.ads-account.g.a5og6bnunpn8m911rke7gdql""",Cubelelo,279942205262904,BA - Generic - Mid & Low Volume,"=""315451570129574""","SP-KT - Maglev, Mastermorphix, Puppet, Snake, Square1, Megaminx - Open - Mid & Low Volume - Exact & Phrase - UND","=""455806518818545""",Metallic - Mid & Low Volume - Exact & Phrase,B0DRVTQ6NM,Cubelelo Drift 3x3 Mirror Color (Tiled) Speedcube | New Colored Version Looks Fantastic with Buttery Smooth Turns | Ideal for Kids Above 5 Years Old | Unique Shape-Shifting Design for Puzzle Toy,B0DWMW5ZNX,cubelelo,0300 Games & Puzzles,0301 Family Board / Action,Toy,1120038,AMAZON_IN,335,1,0.2985%,3.80,0,0.00,0,,0.0000%,0.00000,0,0.00,0,,0.0000%,0.00000,0,0.00,0,,,,,,,,,
INR,"May 01, 2026 - May 31, 2026","=""amzn1.ads-account.g.a5og6bnunpn8m911rke7gdql""",Cubelelo,162147707583156,BA - Branded - Cubelelo,"=""433317578586761""",SP-KT - Branded - Cubelelo - High Volume - Exact,"=""332121459254132""",Branded - SKAG,B0DRVTQ6NM,Cubelelo Drift 3x3 Mirror Color (Tiled) Speedcube | New Colored Version Looks Fantastic with Buttery Smooth Turns | Ideal for Kids Above 5 Years Old | Unique Shape-Shifting Design for Puzzle Toy,B0DWMW5ZNX,cubelelo,0300 Games & Puzzles,0301 Family Board / Action,Toy,1120038,AMAZON_IN,41084,167,0.4065%,1305.05,5,1354.28,5,261.01000,0.0122%,1.03772,1,379.05,1,1305.05000,0.0024%,0.29045,4,975.23,4,,,,,,,,,
INR,"May 01, 2026 - May 31, 2026","=""amzn1.ads-account.g.a5og6bnunpn8m911rke7gdql""",Cubelelo,162147707583156,BA - Branded - Cubelelo,"=""329970929951347""",SP-KT - Branded - Cubelelo - Mid & Low Volume - Exact & Phrase - UND,"=""360220929148821""",Mirror,B0DRVTQ6NM,Cubelelo Drift 3x3 Mirror Color (Tiled) Speedcube | New Colored Version Looks Fantastic with Buttery Smooth Turns | Ideal for Kids Above 5 Years Old | Unique Shape-Shifting Design for Puzzle Toy,B0DWMW5ZNX,cubelelo,0300 Games & Puzzles,0301 Family Board / Action,Toy,1120038,AMAZON_IN,3556,9,0.2531%,94.83,1,379.05,1,94.83000,0.0281%,3.99715,1,379.05,1,94.83000,0.0281%,3.99715,0,0.00,0,,,,,,,,,
INR,"May 01, 2026 - May 31, 2026","=""amzn1.ads-account.g.a5og6bnunpn8m911rke7gdql""",Cubelelo,162147707583156,BA - Branded - Cubelelo,"=""329970929951347""",SP-KT - Branded - Cubelelo - Mid & Low Volume - Exact & Phrase - UND,"=""535729251693727""",Branded - Phrase,B0DRVTQ6NM,Cubelelo Drift 3x3 Mirror Color (Tiled) Speedcube | New Colored Version Looks Fantastic with Buttery Smooth Turns | Ideal for Kids Above 5 Years Old | Unique Shape-Shifting Design for Puzzle Toy,B0DWMW5ZNX,cubelelo,0300 Games & Puzzles,0301 Family Board / Action,Toy,1120038,AMAZON_IN,3273,9,0.2750%,80.26,2,578.10,2,40.13000,0.0611%,7.20284,0,0.00,0,,0.0000%,0.00000,2,578.10,2,,,,,,,,,
INR,"May 01, 2026 - May 31, 2026","=""amzn1.ads-account.g.a5og6bnunpn8m911rke7gdql""",Cubelelo,84309541083410,BA - Tangram,"=""128958768411602""",SP - PT - Tangram - Smart Toys - Comp - Exact,"=""486903524661025""",Tangram,B0GH18NXXG,"Cubelelo Drift Magnetic Tangram Puzzle | with Strong Magnets, Wooden Pieces & Bold Colors | Toys for 5-10 Years Old Boys Girls & Adults | Travel Friendly, Educational Toy for Return & Birthday Gifts",B0GH7Q6WH6,cubelelo,0300 Games & Puzzles,0330 Brainteasers,Toy,1630222,AMAZON_IN,10736,109,1.0153%,767.66,3,1015.24,3,255.88667,0.0279%,1.32251,2,759.05,2,383.83000,0.0186%,0.98878,1,256.19,1,,,,,,,,,
INR,"May 01, 2026 - May 31, 2026","=""amzn1.ads-account.g.a5og6bnunpn8m911rke7gdql""",Cubelelo,84309541083410,BA - Tangram,"=""220146118616523""",SP-KT - Generic - Tangram - Mid Volume - Exact,"=""458607784148815""",Tangram,B0GH18NXXG,"Cubelelo Drift Magnetic Tangram Puzzle | with Strong Magnets, Wooden Pieces & Bold Colors | Toys for 5-10 Years Old Boys Girls & Adults | Travel Friendly, Educational Toy for Return & Birthday Gifts",B0GH7Q6WH6,cubelelo,0300 Games & Puzzles,0330 Brainteasers,Toy,1630222,AMAZON_IN,26153,350,1.3383%,2943.77,31,12041.01,33,94.96032,0.1185%,4.09034,28,11378.15,30,105.13464,0.1071%,3.86516,3,662.86,3,,,,,,,,,
INR,"May 01, 2026 - May 31, 2026","=""amzn1.ads-account.g.a5og6bnunpn8m911rke7gdql""",Cubelelo,84309541083410,BA - Tangram,"=""215668526840756""",BA - SBV - KT - Tangram - Generic - Mid Volume - Exact,"=""288789520683773""",Tangram,B0GH18NXXG,"Cubelelo Drift Magnetic Tangram Puzzle | with Strong Magnets, Wooden Pieces & Bold Colors | Toys for 5-10 Years Old Boys Girls & Adults | Travel Friendly, Educational Toy for Return & Birthday Gifts",B0GH7Q6WH6,cubelelo,0300 Games & Puzzles,0330 Brainteasers,Toy,,AMAZON_IN,19088,178,0.9325%,7059.93,28,10347.64,28,252.14036,0.1467%,1.46569,27,9872.40,27,261.47889,0.1415%,1.39837,1,475.24,1,26,9967.64,26,271.53577,0.1362%,1.41186,409,17.26144,2.1427%
INR,"May 01, 2026 - May 31, 2026","=""amzn1.ads-account.g.a5og6bnunpn8m911rke7gdql""",Cubelelo,84309541083410,BA - Tangram,"=""46982620548775""",SP - PT - Tangram - NB - Comp - Pelikas - Exact - DO,"=""232387008761635""",Tangram,B0GH18NXXG,"Cubelelo Drift Magnetic Tangram Puzzle | with Strong Magnets, Wooden Pieces & Bold Colors | Toys for 5-10 Years Old Boys Girls & Adults | Travel Friendly, Educational Toy for Return & Birthday Gifts",B0GH7Q6WH6,cubelelo,0300 Games & Puzzles,0330 Brainteasers,Toy,1630222,AMAZON_IN,55158,909,1.6480%,9453.63,78,43363.90,126,121.20038,0.1414%,4.58701,70,34923.90,93,135.05186,0.1269%,3.69423,8,8440.00,33,,,,,,,,,
INR,"May 01, 2026 - May 31, 2026","=""amzn1.ads-account.g.a5og6bnunpn8m911rke7gdql""",Cubelelo,84309541083410,BA - Tangram,"=""100730157368715""",SP - CT - Tangram - Above 299,"=""424564038631858""",Tangram,B0GH18NXXG,"Cubelelo Drift Magnetic Tangram Puzzle | with Strong Magnets, Wooden Pieces & Bold Colors | Toys for 5-10 Years Old Boys Girls & Adults | Travel Friendly, Educational Toy for Return & Birthday Gifts",B0GH7Q6WH6,cubelelo,0300 Games & Puzzles,0330 Brainteasers,Toy,1630222,AMAZON_IN,12294,115,0.9354%,597.45,7,3385.73,9,85.35000,0.0569%,5.66697,5,2655.25,7,119.49000,0.0407%,4.44431,2,730.48,2,,,,,,,,,
INR,"May 12, 2026 - May 31, 2026","=""amzn1.ads-account.g.a5og6bnunpn8m911rke7gdql""",Cubelelo,84309541083410,BA - Tangram,"=""267514182869007""",BA - SP - KT - Tangram - Generic - High Volume - Exact  - DO,"=""309242541458635""",Tangram,B0GH18NXXG,"Cubelelo Drift Magnetic Tangram Puzzle | with Strong Magnets, Wooden Pieces & Bold Colors | Toys for 5-10 Years Old Boys Girls & Adults | Travel Friendly, Educational Toy for Return & Birthday Gifts",B0GH7Q6WH6,cubelelo,0300 Games & Puzzles,0330 Brainteasers,Toy,1630222,AMAZON_IN,209231,469,0.2242%,5411.44,20,7818.12,22,270.57200,0.0096%,1.44474,18,7306.69,20,300.63556,0.0086%,1.35023,2,511.43,2,,,,,,,,,
INR,"May 01, 2026 - May 31, 2026","=""amzn1.ads-account.g.a5og6bnunpn8m911rke7gdql""",Cubelelo,84309541083410,BA - Tangram,"=""95341474842930""",SP - KT - Tangram - Generic - Gifting Terms - Exact - DO,"=""529099855431728""",Tangram,B0GH18NXXG,"Cubelelo Drift Magnetic Tangram Puzzle | with Strong Magnets, Wooden Pieces & Bold Colors | Toys for 5-10 Years Old Boys Girls & Adults | Travel Friendly, Educational Toy for Return & Birthday Gifts",B0GH7Q6WH6,cubelelo,0300 Games & Puzzles,0330 Brainteasers,Toy,1630222,AMAZON_IN,6990,118,1.6881%,1135.68,8,3008.58,8,141.96000,0.1144%,2.64914,7,2753.34,7,162.24000,0.1001%,2.42440,1,255.24,1,,,,,,,,,
INR,"May 01, 2026 - May 31, 2026","=""amzn1.ads-account.g.a5og6bnunpn8m911rke7gdql""",Cubelelo,84309541083410,BA - Tangram,"=""210527515847871""",SP-KT - Tangram - Generic - Return Gift Queries - Exact,"=""333579196683513""",Tangram,B0GH18NXXG,"Cubelelo Drift Magnetic Tangram Puzzle | with Strong Magnets, Wooden Pieces & Bold Colors | Toys for 5-10 Years Old Boys Girls & Adults | Travel Friendly, Educational Toy for Return & Birthday Gifts",B0GH7Q6WH6,cubelelo,0300 Games & Puzzles,0330 Brainteasers,Toy,1630222,AMAZON_IN,18497,66,0.3568%,485.30,3,1282.86,3,161.76667,0.0162%,2.64344,2,760.00,2,242.65000,0.0108%,1.56604,1,522.86,1,,,,,,,,,
INR,"May 01, 2026 - May 31, 2026","=""amzn1.ads-account.g.a5og6bnunpn8m911rke7gdql""",Cubelelo,84309541083410,BA - Tangram,"=""154539465665101""",BA - SBV - KT - Tangram - Generic - More than 1L Searches - Exact,"=""399878860861298""",Tangram,B0GH18NXXG,"Cubelelo Drift Magnetic Tangram Puzzle | with Strong Magnets, Wooden Pieces & Bold Colors | Toys for 5-10 Years Old Boys Girls & Adults | Travel Friendly, Educational Toy for Return & Birthday Gifts",B0GH7Q6WH6,cubelelo,0300 Games & Puzzles,0330 Brainteasers,Toy,,AMAZON_IN,91838,700,0.7622%,14987.92,63,24889.59,67,237.90349,0.0686%,1.66064,62,24672.45,66,241.74065,0.0675%,1.64616,1,217.14,1,60,24131.49,64,249.79867,0.0653%,1.61006,1369,10.94808,1.4907%
INR,"May 01, 2026 - May 31, 2026","=""amzn1.ads-account.g.a5og6bnunpn8m911rke7gdql""",Cubelelo,84309541083410,BA - Tangram,"=""73064977804193""",SP-PT - Comp - Tangram - Exact,"=""413890454935397""",Tangram,B0GH18NXXG,"Cubelelo Drift Magnetic Tangram Puzzle | with Strong Magnets, Wooden Pieces & Bold Colors | Toys for 5-10 Years Old Boys Girls & Adults | Travel Friendly, Educational Toy for Return & Birthday Gifts",B0GH7Q6WH6,cubelelo,0300 Games & Puzzles,0330 Brainteasers,Toy,1630222,AMAZON_IN,10500,155,1.4762%,1451.51,15,5610.49,16,96.76733,0.1429%,3.86528,13,4936.20,14,111.65462,0.1238%,3.40073,2,674.29,2,,,,,,,,,
INR,"May 01, 2026 - May 31, 2026","=""amzn1.ads-account.g.a5og6bnunpn8m911rke7gdql""",Cubelelo,84309541083410,BA - Tangram,"=""88215368194317""",SP - PT - Tangram - Smartivity - Comp - Exact,"=""456893587540895""",Tangram,B0GH18NXXG,"Cubelelo Drift Magnetic Tangram Puzzle | with Strong Magnets, Wooden Pieces & Bold Colors | Toys for 5-10 Years Old Boys Girls & Adults | Travel Friendly, Educational Toy for Return & Birthday Gifts",B0GH7Q6WH6,cubelelo,0300 Games & Puzzles,0330 Brainteasers,Toy,1630222,AMAZON_IN,338,5,1.4793%,27.92,1,380.00,1,27.92000,0.2959%,13.61032,1,380.00,1,27.92000,0.2959%,13.61032,0,0.00,0,,,,,,,,,
INR,"May 08, 2026 - May 31, 2026","=""amzn1.ads-account.g.a5og6bnunpn8m911rke7gdql""",Cubelelo,162147707583156,BA - Branded - Cubelelo,"=""329970929951347""",SP-KT - Branded - Cubelelo - Mid & Low Volume - Exact & Phrase - UND,"=""386093481557611""",Branded - 2x2,B09QCHSPYP,"Cubelelo Drift 2M 2x2 Magnetic Stickerless Speedcube | Premium Multicolor Puzzle Cube for Kids & Adults | Ideal for Speedcubing, Brainstorming, and Mental Development | (Smooth & Fast Turns)",B0CHJX31DJ,cubelelo,0300 Games & Puzzles,0307 Non-wooden Puzzles,Toy,B09QCHSPYP,AMAZON_IN,122,11,9.0164%,89.71,2,798.10,2,44.85500,1.6393%,8.89644,1,522.86,1,89.71000,0.8197%,5.82834,1,275.24,1,,,,,,,,,
INR,"May 01, 2026 - May 31, 2026","=""amzn1.ads-account.g.a5og6bnunpn8m911rke7gdql""",Cubelelo,279942205262904,BA - Generic - Mid & Low Volume,"=""466977135029356""",SP-KT - Generic - 2x2 - Mid & Low Volume - Exact & Phrase,"=""296917065955111""",Phrase - Generic - 2x2 - Mid & Low Volume,B09QCHSPYP,"Cubelelo Drift 2M 2x2 Magnetic Stickerless Speedcube | Premium Multicolor Puzzle Cube for Kids & Adults | Ideal for Speedcubing, Brainstorming, and Mental Development | (Smooth & Fast Turns)",B0CHJX31DJ,cubelelo,0300 Games & Puzzles,0307 Non-wooden Puzzles,Toy,B09QCHSPYP,AMAZON_IN,10570,403,3.8127%,3659.24,40,18348.63,41,91.48100,0.3784%,5.01433,31,15161.98,32,118.04000,0.2933%,4.14348,9,3186.65,9,,,,,,,,,
INR,"May 08, 2026 - May 31, 2026","=""amzn1.ads-account.g.a5og6bnunpn8m911rke7gdql""",Cubelelo,279942205262904,BA - Generic - Mid & Low Volume,"=""369883644681767""","SP-KT - Magnetic - Open, 2x2, 4x4, 5x5 - High Volume - Exact & Phrase","=""371587655476259""",Magnetic - 2x2 - Mid & Low Volume,B09QCHSPYP,"Cubelelo Drift 2M 2x2 Magnetic Stickerless Speedcube | Premium Multicolor Puzzle Cube for Kids & Adults | Ideal for Speedcubing, Brainstorming, and Mental Development | (Smooth & Fast Turns)",B0CHJX31DJ,cubelelo,0300 Games & Puzzles,0307 Non-wooden Puzzles,Toy,B09QCHSPYP,AMAZON_IN,159,7,4.4025%,29.91,0,0.00,0,,0.0000%,0.00000,0,0.00,0,,0.0000%,0.00000,0,0.00,0,,,,,,,,,
INR,"May 08, 2026 - May 31, 2026","=""amzn1.ads-account.g.a5og6bnunpn8m911rke7gdql""",Cubelelo,159890394934310,Old - Core Generic Cube Campaigns All,"=""454748662358104""",BA_SP_KT_Generic Cube 2x2_Generic_Phrase_09/23,"=""305299342122740""",Generic Cube 2x2,B09QCHSPYP,"Cubelelo Drift 2M 2x2 Magnetic Stickerless Speedcube | Premium Multicolor Puzzle Cube for Kids & Adults | Ideal for Speedcubing, Brainstorming, and Mental Development | (Smooth & Fast Turns)",B0CHJX31DJ,cubelelo,0300 Games & Puzzles,0307 Non-wooden Puzzles,Toy,B09QCHSPYP,AMAZON_IN,8623,90,1.0437%,605.85,9,3000.96,9,67.31667,0.1044%,4.95331,7,2450.49,7,86.55000,0.0812%,4.04471,2,550.47,2,,,,,,,,,
INR,"May 03, 2026 - May 31, 2026","=""amzn1.ads-account.g.a5og6bnunpn8m911rke7gdql""",Cubelelo,279942205262904,BA - Generic - Mid & Low Volume,"=""466977135029356""",SP-KT - Generic - 2x2 - Mid & Low Volume - Exact & Phrase,"=""398214295345341""",Generic - 2x2 - Mid & Low Volume,B09QCHSPYP,"Cubelelo Drift 2M 2x2 Magnetic Stickerless Speedcube | Premium Multicolor Puzzle Cube for Kids & Adults | Ideal for Speedcubing, Brainstorming, and Mental Development | (Smooth & Fast Turns)",B0CHJX31DJ,cubelelo,0300 Games & Puzzles,0307 Non-wooden Puzzles,Toy,B09QCHSPYP,AMAZON_IN,17915,223,1.2448%,2070.26,31,10563.83,31,66.78258,0.1730%,5.10266,13,5605.73,13,159.25077,0.0726%,2.70774,18,4958.10,18,,,,,,,,,
INR,"May 08, 2026 - May 30, 2026","=""amzn1.ads-account.g.a5og6bnunpn8m911rke7gdql""",Cubelelo,279942205262904,BA - Generic - Mid & Low Volume,"=""369883644681767""","SP-KT - Magnetic - Open, 2x2, 4x4, 5x5 - High Volume - Exact & Phrase","=""458736197006168""",Phrase - Magnetic - 2x2 - Mid & Low Volume,B09QCHSPYP,"Cubelelo Drift 2M 2x2 Magnetic Stickerless Speedcube | Premium Multicolor Puzzle Cube for Kids & Adults | Ideal for Speedcubing, Brainstorming, and Mental Development | (Smooth & Fast Turns)",B0CHJX31DJ,cubelelo,0300 Games & Puzzles,0307 Non-wooden Puzzles,Toy,B09QCHSPYP,AMAZON_IN,31,1,3.2258%,2.53,0,0.00,0,,0.0000%,0.00000,0,0.00,0,,0.0000%,0.00000,0,0.00,0,,,,,,,,,
INR,"May 01, 2026 - May 31, 2026","=""amzn1.ads-account.g.a5og6bnunpn8m911rke7gdql""",Cubelelo,279942205262904,BA - Generic - Mid & Low Volume,"=""327104446426115""","SP-KT - Axis - Windmill - Fisher, Cylinder, Kids, Mini, Smart, Pyramid - Open - Mid & Low Volume - Exact & Phrase","=""282227071854307""",Smart - Mid & Low Volume - Exact & Phrase,B01MAW6TLK,Cubelelo QiYi Smart Cube Stickerless (Speed Version) | High-Performance Bluetooth Speed Cube | Real-Time Stats & Tracking | Adjustable Tension & Magnets | Ideal for All Ages,-1,cubelelo,0300 Games & Puzzles,0330 Brainteasers,Toy,QiYi3*3*3_02,AMAZON_IN,62,0,0.0000%,0.00,0,0.00,0,,0.0000%,,0,0.00,0,,0.0000%,,0,0.00,0,,,,,,,,,
INR,"May 07, 2026 - May 31, 2026","=""amzn1.ads-account.g.a5og6bnunpn8m911rke7gdql""",Cubelelo,162147707583156,BA - Branded - Cubelelo,"=""329970929951347""",SP-KT - Branded - Cubelelo - Mid & Low Volume - Exact & Phrase - UND,"=""466745020882275""",Magnetic - 3x3,B0DKJD6WV1,"Cubelelo Drift 3M Plus v2 3x3 (Magnetic) with Cube Lubricant & Premium Pouch (2024 Updated Version) | 48 Strong Magnets for Enhanced Stability & Smooth Turns | Kids & Adults,multicolor",B0DQPD175T,cubelelo,"0200 Arts, Crafts & School Supplies",0223 Stationery,Toy,CLB0503,AMAZON_IN,344,9,2.6163%,85.55,0,0.00,0,,0.0000%,0.00000,0,0.00,0,,0.0000%,0.00000,0,0.00,0,,,,,,,,,
INR,"May 01, 2026 - May 31, 2026","=""amzn1.ads-account.g.a5og6bnunpn8m911rke7gdql""",Cubelelo,279942205262904,BA - Generic - Mid & Low Volume,"=""369883644681767""","SP-KT - Magnetic - Open, 2x2, 4x4, 5x5 - High Volume - Exact & Phrase","=""475526629790872""",Phrase - Magnetic - Open - Mid & Low Volume,B0DKJD6WV1,"Cubelelo Drift 3M Plus v2 3x3 (Magnetic) with Cube Lubricant & Premium Pouch (2024 Updated Version) | 48 Strong Magnets for Enhanced Stability & Smooth Turns | Kids & Adults,multicolor",B0DQPD175T,cubelelo,"0200 Arts, Crafts & School Supplies",0223 Stationery,Toy,CLB0503,AMAZON_IN,53669,558,1.0397%,4407.32,27,18018.08,27,163.23407,0.0503%,4.08822,26,15352.37,26,169.51231,0.0484%,3.48338,1,2665.71,1,,,,,,,,,
INR,"May 01, 2026 - May 31, 2026","=""amzn1.ads-account.g.a5og6bnunpn8m911rke7gdql""",Cubelelo,279942205262904,BA - Generic - Mid & Low Volume,"=""369883644681767""","SP-KT - Magnetic - Open, 2x2, 4x4, 5x5 - High Volume - Exact & Phrase","=""555858234006967""",Magnetic - Open - Mid & Low Volume,B0DKJD6WV1,"Cubelelo Drift 3M Plus v2 3x3 (Magnetic) with Cube Lubricant & Premium Pouch (2024 Updated Version) | 48 Strong Magnets for Enhanced Stability & Smooth Turns | Kids & Adults,multicolor",B0DQPD175T,cubelelo,"0200 Arts, Crafts & School Supplies",0223 Stationery,Toy,CLB0503,AMAZON_IN,8190,150,1.8315%,1069.47,9,6752.37,9,118.83000,0.1099%,6.31375,9,6752.37,9,118.83000,0.1099%,6.31375,0,0.00,0,,,,,,,,,
INR,"May 01, 2026 - May 31, 2026","=""amzn1.ads-account.g.a5og6bnunpn8m911rke7gdql""",Cubelelo,279942205262904,BA - Generic - Mid & Low Volume,"=""512597066162542""",SP-KT - Magnetic - 3x3 - Mid & Low Volume - Exact & Phrase - DO,"=""405975184325655""",Phrase - Magnetic - 3x3 - Mid & Low Volume,B0DKJD6WV1,"Cubelelo Drift 3M Plus v2 3x3 (Magnetic) with Cube Lubricant & Premium Pouch (2024 Updated Version) | 48 Strong Magnets for Enhanced Stability & Smooth Turns | Kids & Adults,multicolor",B0DQPD175T,cubelelo,"0200 Arts, Crafts & School Supplies",0223 Stationery,Toy,CLB0503,AMAZON_IN,49688,508,1.0224%,3640.23,30,19060.89,30,121.34100,0.0604%,5.23618,25,17352.33,25,145.60920,0.0503%,4.76682,5,1708.56,5,,,,,,,,,
INR,"May 02, 2026 - May 31, 2026","=""amzn1.ads-account.g.a5og6bnunpn8m911rke7gdql""",Cubelelo,279942205262904,BA - Generic - Mid & Low Volume,"=""405383753413943""","SP-KT - Lube Combo, Magic, Pyraminx, Skewb, Stand, Timer, Gear - Open - Mid & Low Volume - Exact & Phrase","=""387936063231496""",Lube Combo - Mid & Low Volume - Exact & Phrase,B0DKJD6WV1,"Cubelelo Drift 3M Plus v2 3x3 (Magnetic) with Cube Lubricant & Premium Pouch (2024 Updated Version) | 48 Strong Magnets for Enhanced Stability & Smooth Turns | Kids & Adults,multicolor",B0DQPD175T,cubelelo,"0200 Arts, Crafts & School Supplies",0223 Stationery,Toy,CLB0503,AMAZON_IN,7296,46,0.6305%,267.59,7,3754.28,7,38.22714,0.0959%,14.02997,5,3184.76,5,53.51800,0.0685%,11.90164,2,569.52,2,,,,,,,,,
INR,"May 01, 2026 - May 31, 2026","=""amzn1.ads-account.g.a5og6bnunpn8m911rke7gdql""",Cubelelo,159890394934310,Old - Core Generic Cube Campaigns All,"=""461439945733289""",BA_SP_KT_5x5 Cube_Generic_Phrase_09/23,"=""521470917336542""",5x5 Cube,B0D9QBDCQW,Cubelelo Drift 5x5 Stickerless with Cube Lubricant and Stand Combo | High-Performance Speed Cube | Adjustable Tension & Smooth Turning | Durable & Reliable | Ideal for All Ages,B0DJ5GDB7Y,cubelelo,"0200 Arts, Crafts & School Supplies",0223 Stationery,Toy,1460583,AMAZON_IN,15616,224,1.4344%,1670.76,25,13244.78,25,66.83040,0.1601%,7.92740,24,12969.54,24,69.61500,0.1537%,7.76266,1,275.24,1,,,,,,,,,
INR,"May 01, 2026 - May 01, 2026","=""amzn1.ads-account.g.a5og6bnunpn8m911rke7gdql""",Cubelelo,279942205262904,BA - Generic - Mid & Low Volume,"=""405383753413943""","SP-KT - Lube Combo, Magic, Pyraminx, Skewb, Stand, Timer, Gear - Open - Mid & Low Volume - Exact & Phrase","=""336660360115507""",Gear - Mid & Low Volume - Exact & Phrase,B0BZKZ8212,"Cubelelo Drift Gear, Mirror (Silver) & Pyraminx Combo Stickerless | Unique Speedcube Set for Kids & Adults | Smooth & Durable Puzzles | Challenging Gift for Cubers",B0D6G24GVB,cubelelo,0300 Games & Puzzles,0307 Non-wooden Puzzles,Toy,1460552,AMAZON_IN,12,0,0.0000%,0.00,0,0.00,0,,0.0000%,,0,0.00,0,,0.0000%,,0,0.00,0,,,,,,,,,
INR,"May 01, 2026 - May 31, 2026","=""amzn1.ads-account.g.a5og6bnunpn8m911rke7gdql""",Cubelelo,108066094626813,BA - Generic - Extremely High Volume,"=""530532259196935""","SP-KT - Megaminx, Pyramid, Timer & Gear - Open - High Volume - Exact","=""402396258219983""",Gear - High Volume SKAG,B0BZKZ8212,"Cubelelo Drift Gear, Mirror (Silver) & Pyraminx Combo Stickerless | Unique Speedcube Set for Kids & Adults | Smooth & Durable Puzzles | Challenging Gift for Cubers",B0D6G24GVB,cubelelo,0300 Games & Puzzles,0307 Non-wooden Puzzles,Toy,1460552,AMAZON_IN,1283,12,0.9353%,71.31,3,1403.81,3,23.77000,0.2338%,19.68602,2,1120.00,2,35.65500,0.1559%,15.70607,1,283.81,1,,,,,,,,,
INR,"May 01, 2026 - May 31, 2026","=""amzn1.ads-account.g.a5og6bnunpn8m911rke7gdql""",Cubelelo,279942205262904,BA - Generic - Mid & Low Volume,"=""327104446426115""","SP-KT - Axis - Windmill - Fisher, Cylinder, Kids, Mini, Smart, Pyramid - Open - Mid & Low Volume - Exact & Phrase","=""423861844641216""",Axis - Windmill - Fisher - Mid & Low Volume - Exact & Phrase,B0CZDV68CM,"Cubelelo Drift Windmill (Tiled) Magic Cube Puzzle | Unique Shape Mod with Premium Design, Smooth Finish Toy for Intermediate and Advanced Solvers | Suitable for Adults and Kids Ages 3 & Above",B0F1YY4MBJ,cubelelo,0300 Games & Puzzles,0307 Non-wooden Puzzles,Toy,1170200,AMAZON_IN,9109,123,1.3503%,696.12,27,11072.34,28,25.78222,0.2964%,15.90579,22,9145.67,23,31.64182,0.2415%,13.13807,5,1926.67,5,,,,,,,,,
INR,"May 01, 2026 - May 31, 2026","=""amzn1.ads-account.g.a5og6bnunpn8m911rke7gdql""",Cubelelo,279942205262904,BA - Generic - Mid & Low Volume,"=""327104446426115""","SP-KT - Axis - Windmill - Fisher, Cylinder, Kids, Mini, Smart, Pyramid - Open - Mid & Low Volume - Exact & Phrase","=""287381957290883""",Cylinder - Mid & Low volume - Exact & Phrase,B0CZDV68CM,"Cubelelo Drift Windmill (Tiled) Magic Cube Puzzle | Unique Shape Mod with Premium Design, Smooth Finish Toy for Intermediate and Advanced Solvers | Suitable for Adults and Kids Ages 3 & Above",B0F1YY4MBJ,cubelelo,0300 Games & Puzzles,0307 Non-wooden Puzzles,Toy,1170200,AMAZON_IN,5329,72,1.3511%,629.66,2,692.38,2,314.83000,0.0375%,1.09961,1,312.38,1,629.66000,0.0188%,0.49611,1,380.00,1,,,,,,,,,
INR,"May 01, 2026 - May 31, 2026","=""amzn1.ads-account.g.a5og6bnunpn8m911rke7gdql""",Cubelelo,279942205262904,BA - Generic - Mid & Low Volume,"=""315451570129574""","SP-KT - Maglev, Mastermorphix, Puppet, Snake, Square1, Megaminx - Open - Mid & Low Volume - Exact & Phrase - UND","=""391120880267490""",Unique - Mid & Low Volume - Exact & Phrase,B0CZDV68CM,"Cubelelo Drift Windmill (Tiled) Magic Cube Puzzle | Unique Shape Mod with Premium Design, Smooth Finish Toy for Intermediate and Advanced Solvers | Suitable for Adults and Kids Ages 3 & Above",B0F1YY4MBJ,cubelelo,0300 Games & Puzzles,0307 Non-wooden Puzzles,Toy,1170200,AMAZON_IN,18323,161,0.8787%,820.84,11,3901.90,11,74.62182,0.0600%,4.75355,7,3009.52,7,117.26286,0.0382%,3.66639,4,892.38,4,,,,,,,,,
INR,"May 01, 2026 - May 31, 2026","=""amzn1.ads-account.g.a5og6bnunpn8m911rke7gdql""",Cubelelo,279942205262904,BA - Generic - Mid & Low Volume,"=""327104446426115""","SP-KT - Axis - Windmill - Fisher, Cylinder, Kids, Mini, Smart, Pyramid - Open - Mid & Low Volume - Exact & Phrase","=""338572243352605""","PT - Axis, Windmill, Fisher",B0CZDV68CM,"Cubelelo Drift Windmill (Tiled) Magic Cube Puzzle | Unique Shape Mod with Premium Design, Smooth Finish Toy for Intermediate and Advanced Solvers | Suitable for Adults and Kids Ages 3 & Above",B0F1YY4MBJ,cubelelo,0300 Games & Puzzles,0307 Non-wooden Puzzles,Toy,1170200,AMAZON_IN,6445,137,2.1257%,1303.70,12,4766.65,12,108.64167,0.1862%,3.65625,8,3238.08,8,162.96250,0.1241%,2.48376,4,1528.57,4,,,,,,,,,
INR,"May 01, 2026 - May 31, 2026","=""amzn1.ads-account.g.a5og6bnunpn8m911rke7gdql""",Cubelelo,162147707583156,BA - Branded - Cubelelo,"=""329970929951347""",SP-KT - Branded - Cubelelo - Mid & Low Volume - Exact & Phrase - UND,"=""479460967599506""",Branded - 3x3,B08XK4V59M,"Cubelelo Drift 2x2, 3x3 & 4x4 Premium Gift Box | 3-in-1 Puzzle Game Set | Triple the Challenge, Thrice the Fun | Ultimate Value Saver Combo | Brainstoming Toy for Children Kids & Adults",B0DFWMCHZW,cubelelo,0300 Games & Puzzles,0307 Non-wooden Puzzles,Toy,1460503,AMAZON_IN,4387,10,0.2279%,97.89,1,569.52,1,97.89000,0.0228%,5.81796,1,569.52,1,97.89000,0.0228%,5.81796,0,0.00,0,,,,,,,,,
INR,"May 01, 2026 - May 31, 2026","=""amzn1.ads-account.g.a5og6bnunpn8m911rke7gdql""",Cubelelo,279942205262904,BA - Generic - Mid & Low Volume,"=""560766968003680""","SP-KT - Mirror, Infinity & Combo - Open - Mid & Low Volume - Exact & Phrase - UND","=""531829023860059""",Phrase - Combo - Mid & Low Volume,B08XK4V59M,"Cubelelo Drift 2x2, 3x3 & 4x4 Premium Gift Box | 3-in-1 Puzzle Game Set | Triple the Challenge, Thrice the Fun | Ultimate Value Saver Combo | Brainstoming Toy for Children Kids & Adults",B0DFWMCHZW,cubelelo,0300 Games & Puzzles,0307 Non-wooden Puzzles,Toy,1460503,AMAZON_IN,9320,114,1.2232%,1262.42,13,7366.68,13,97.10923,0.1395%,5.83536,9,5275.25,9,140.26889,0.0966%,4.17868,4,2091.43,4,,,,,,,,,
INR,"May 15, 2026 - May 15, 2026","=""amzn1.ads-account.g.a5og6bnunpn8m911rke7gdql""",Cubelelo,153505421940411,BA - Competition - Moyu,"=""535209545252680""",SP-KT - Comp - Moyu - Generic - Mid & Low Volume - Exact & Phrase,"=""354103828771122""",Moyu - 3x3 - Low Volume,B08XK4V59M,"Cubelelo Drift 2x2, 3x3 & 4x4 Premium Gift Box | 3-in-1 Puzzle Game Set | Triple the Challenge, Thrice the Fun | Ultimate Value Saver Combo | Brainstoming Toy for Children Kids & Adults",B0DFWMCHZW,cubelelo,0300 Games & Puzzles,0307 Non-wooden Puzzles,Toy,1460503,AMAZON_IN,1,0,0.0000%,0.00,0,0.00,0,,0.0000%,,0,0.00,0,,0.0000%,,0,0.00,0,,,,,,,,,
INR,"May 01, 2026 - May 31, 2026","=""amzn1.ads-account.g.a5og6bnunpn8m911rke7gdql""",Cubelelo,162147707583156,BA - Branded - Cubelelo,"=""329970929951347""",SP-KT - Branded - Cubelelo - Mid & Low Volume - Exact & Phrase - UND,"=""302346821210022""",Branded - 4x4,B08XK4V59M,"Cubelelo Drift 2x2, 3x3 & 4x4 Premium Gift Box | 3-in-1 Puzzle Game Set | Triple the Challenge, Thrice the Fun | Ultimate Value Saver Combo | Brainstoming Toy for Children Kids & Adults",B0DFWMCHZW,cubelelo,0300 Games & Puzzles,0307 Non-wooden Puzzles,Toy,1460503,AMAZON_IN,1530,11,0.7190%,112.73,3,1185.72,3,37.57667,0.1961%,10.51823,2,997.15,2,56.36500,0.1307%,8.84547,1,188.57,1,,,,,,,,,
INR,"May 01, 2026 - May 31, 2026","=""amzn1.ads-account.g.a5og6bnunpn8m911rke7gdql""",Cubelelo,108066094626813,BA - Generic - Extremely High Volume,"=""442384136510181""","SP-KT - Generic - 3x3 - 'Cube, Cube Puzzle, Cube 33, Rubik's Cube 3x3',rubik's cube 3x3 speed cube - High Volume - Exact","=""368381636014986""",Generic - 3x3 - High Volume SKAG,B08XK4V59M,"Cubelelo Drift 2x2, 3x3 & 4x4 Premium Gift Box | 3-in-1 Puzzle Game Set | Triple the Challenge, Thrice the Fun | Ultimate Value Saver Combo | Brainstoming Toy for Children Kids & Adults",B0DFWMCHZW,cubelelo,0300 Games & Puzzles,0307 Non-wooden Puzzles,Toy,1460503,AMAZON_IN,7554,69,0.9134%,821.03,7,2904.76,7,117.29000,0.0927%,3.53795,6,2716.19,6,136.83833,0.0794%,3.30827,1,188.57,1,,,,,,,,,
INR,"May 01, 2026 - May 31, 2026","=""amzn1.ads-account.g.a5og6bnunpn8m911rke7gdql""",Cubelelo,162147707583156,BA - Branded - Cubelelo,"=""329970929951347""",SP-KT - Branded - Cubelelo - Mid & Low Volume - Exact & Phrase - UND,"=""526301691836211""",Branded - 3x3 - Phrase,B08XK4V59M,"Cubelelo Drift 2x2, 3x3 & 4x4 Premium Gift Box | 3-in-1 Puzzle Game Set | Triple the Challenge, Thrice the Fun | Ultimate Value Saver Combo | Brainstoming Toy for Children Kids & Adults",B0DFWMCHZW,cubelelo,0300 Games & Puzzles,0307 Non-wooden Puzzles,Toy,1460503,AMAZON_IN,70117,295,0.4207%,3731.37,27,11357.16,28,138.19889,0.0385%,3.04370,24,10913.35,25,155.47375,0.0342%,2.92476,3,443.81,3,,,,,,,,,
INR,"May 04, 2026 - May 17, 2026","=""amzn1.ads-account.g.a5og6bnunpn8m911rke7gdql""",Cubelelo,108066094626813,BA - Generic - Extremely High Volume,"=""345506724788622""","SP-KT - Mirror, Infinity & Combo - Open - High Volume - Exact","=""399619745424045""",Combo - High Volume SKAG,B08XK4V59M,"Cubelelo Drift 2x2, 3x3 & 4x4 Premium Gift Box | 3-in-1 Puzzle Game Set | Triple the Challenge, Thrice the Fun | Ultimate Value Saver Combo | Brainstoming Toy for Children Kids & Adults",B0DFWMCHZW,cubelelo,0300 Games & Puzzles,0307 Non-wooden Puzzles,Toy,1460503,AMAZON_IN,10,0,0.0000%,0.00,0,0.00,0,,0.0000%,,0,0.00,0,,0.0000%,,0,0.00,0,,,,,,,,,
INR,"May 01, 2026 - May 31, 2026","=""amzn1.ads-account.g.a5og6bnunpn8m911rke7gdql""",Cubelelo,279942205262904,BA - Generic - Mid & Low Volume,"=""466977135029356""",SP-KT - Generic - 2x2 - Mid & Low Volume - Exact & Phrase,"=""296917065955111""",Phrase - Generic - 2x2 - Mid & Low Volume,B08XK4V59M,"Cubelelo Drift 2x2, 3x3 & 4x4 Premium Gift Box | 3-in-1 Puzzle Game Set | Triple the Challenge, Thrice the Fun | Ultimate Value Saver Combo | Brainstoming Toy for Children Kids & Adults",B0DFWMCHZW,cubelelo,0300 Games & Puzzles,0307 Non-wooden Puzzles,Toy,1460503,AMAZON_IN,7027,57,0.8112%,783.50,4,1992.39,5,195.87500,0.0569%,2.54294,4,1992.39,5,195.87500,0.0569%,2.54294,0,0.00,0,,,,,,,,,
INR,"May 01, 2026 - May 31, 2026","=""amzn1.ads-account.g.a5og6bnunpn8m911rke7gdql""",Cubelelo,279942205262904,BA - Generic - Mid & Low Volume,"=""560766968003680""","SP-KT - Mirror, Infinity & Combo - Open - Mid & Low Volume - Exact & Phrase - UND","=""398270911795195""",Combo - Mid & Low Volume,B08XK4V59M,"Cubelelo Drift 2x2, 3x3 & 4x4 Premium Gift Box | 3-in-1 Puzzle Game Set | Triple the Challenge, Thrice the Fun | Ultimate Value Saver Combo | Brainstoming Toy for Children Kids & Adults",B0DFWMCHZW,cubelelo,0300 Games & Puzzles,0307 Non-wooden Puzzles,Toy,1460503,AMAZON_IN,6175,66,1.0688%,676.74,5,2280.00,5,135.34800,0.0810%,3.36909,5,2280.00,5,135.34800,0.0810%,3.36909,0,0.00,0,,,,,,,,,
INR,"May 01, 2026 - May 31, 2026","=""amzn1.ads-account.g.a5og6bnunpn8m911rke7gdql""",Cubelelo,162147707583156,BA - Branded - Cubelelo,"=""329970929951347""",SP-KT - Branded - Cubelelo - Mid & Low Volume - Exact & Phrase - UND,"=""560146263793792""",Combo,B08XK4V59M,"Cubelelo Drift 2x2, 3x3 & 4x4 Premium Gift Box | 3-in-1 Puzzle Game Set | Triple the Challenge, Thrice the Fun | Ultimate Value Saver Combo | Brainstoming Toy for Children Kids & Adults",B0DFWMCHZW,cubelelo,0300 Games & Puzzles,0307 Non-wooden Puzzles,Toy,1460503,AMAZON_IN,1968,35,1.7785%,294.43,3,1767.62,3,98.14333,0.1524%,6.00353,3,1767.62,3,98.14333,0.1524%,6.00353,0,0.00,0,,,,,,,,,
INR,"May 01, 2026 - May 31, 2026","=""amzn1.ads-account.g.a5og6bnunpn8m911rke7gdql""",Cubelelo,279942205262904,BA - Generic - Mid & Low Volume,"=""334559235709808""",SP-KT - Generic - 3x3 - Mid & Low Volume - Exact & Phrase - UND,"=""412851408598744""",Generic - 3x3 - Mid & Low Volume,B08XK4V59M,"Cubelelo Drift 2x2, 3x3 & 4x4 Premium Gift Box | 3-in-1 Puzzle Game Set | Triple the Challenge, Thrice the Fun | Ultimate Value Saver Combo | Brainstoming Toy for Children Kids & Adults",B0DFWMCHZW,cubelelo,0300 Games & Puzzles,0307 Non-wooden Puzzles,Toy,1460503,AMAZON_IN,75279,263,0.3494%,3069.78,22,10375.23,22,139.53545,0.0292%,3.37980,18,8599.05,18,170.54333,0.0239%,2.80119,4,1776.18,4,,,,,,,,,
INR,"May 01, 2026 - May 31, 2026","=""amzn1.ads-account.g.a5og6bnunpn8m911rke7gdql""",Cubelelo,279942205262904,BA - Generic - Mid & Low Volume,"=""332675778194131""",SP-KT - Generic - 4x4 - Mid & Low Volume - Exact & Phrase - DO,"=""318693646880033""",Phrase - Generic - 4x4 - Mid & Low Volume,B08XK4V59M,"Cubelelo Drift 2x2, 3x3 & 4x4 Premium Gift Box | 3-in-1 Puzzle Game Set | Triple the Challenge, Thrice the Fun | Ultimate Value Saver Combo | Brainstoming Toy for Children Kids & Adults",B0DFWMCHZW,cubelelo,0300 Games & Puzzles,0307 Non-wooden Puzzles,Toy,1460503,AMAZON_IN,43607,294,0.6742%,3540.56,21,10907.64,21,168.59810,0.0482%,3.08077,18,10063.82,18,196.69778,0.0413%,2.84244,3,843.82,3,,,,,,,,,
INR,"May 01, 2026 - May 26, 2026","=""amzn1.ads-account.g.a5og6bnunpn8m911rke7gdql""",Cubelelo,279942205262904,BA - Generic - Mid & Low Volume,"=""316273786051120""",SD-CT - 3D Puzzle & Brain Teasers - Comp - Open - Broad - Old,"=""302660200409918""",Category Targeting,B08XK4V59M,"Cubelelo Drift 2x2, 3x3 & 4x4 Premium Gift Box | 3-in-1 Puzzle Game Set | Triple the Challenge, Thrice the Fun | Ultimate Value Saver Combo | Brainstoming Toy for Children Kids & Adults",B0DFWMCHZW,cubelelo,0300 Games & Puzzles,0307 Non-wooden Puzzles,Toy,1460503,AMAZON_IN,137,0,0.0000%,0.00,0,0.00,0,,0.0000%,,0,0.00,0,,0.0000%,,0,0.00,0,0,0.00,0,,0.0000%,,0,,0.0000%
INR,"May 10, 2026 - May 10, 2026","=""amzn1.ads-account.g.a5og6bnunpn8m911rke7gdql""",Cubelelo,162147707583156,BA - Branded - Cubelelo,"=""433317578586761""",SP-KT - Branded - Cubelelo - High Volume - Exact,"=""374742854439176""",Branded 3x3 - SKAG,B08XK4V59M,"Cubelelo Drift 2x2, 3x3 & 4x4 Premium Gift Box | 3-in-1 Puzzle Game Set | Triple the Challenge, Thrice the Fun | Ultimate Value Saver Combo | Brainstoming Toy for Children Kids & Adults",B0DFWMCHZW,cubelelo,0300 Games & Puzzles,0307 Non-wooden Puzzles,Toy,1460503,AMAZON_IN,1,0,0.0000%,0.00,0,0.00,0,,0.0000%,,0,0.00,0,,0.0000%,,0,0.00,0,,,,,,,,,
INR,"May 01, 2026 - May 31, 2026","=""amzn1.ads-account.g.a5og6bnunpn8m911rke7gdql""",Cubelelo,279942205262904,BA - Generic - Mid & Low Volume,"=""332675778194131""",SP-KT - Generic - 4x4 - Mid & Low Volume - Exact & Phrase - DO,"=""302493695958815""",Generic - 4x4 - Mid & Low Volume,B08XK4V59M,"Cubelelo Drift 2x2, 3x3 & 4x4 Premium Gift Box | 3-in-1 Puzzle Game Set | Triple the Challenge, Thrice the Fun | Ultimate Value Saver Combo | Brainstoming Toy for Children Kids & Adults",B0DFWMCHZW,cubelelo,0300 Games & Puzzles,0307 Non-wooden Puzzles,Toy,1460503,AMAZON_IN,73880,321,0.4345%,3589.09,32,15941.91,32,112.15906,0.0433%,4.44177,27,14481.91,27,132.92926,0.0365%,4.03498,5,1460.00,5,,,,,,,,,
INR,"May 01, 2026 - May 31, 2026","=""amzn1.ads-account.g.a5og6bnunpn8m911rke7gdql""",Cubelelo,279942205262904,BA - Generic - Mid & Low Volume,"=""285784532724588""",SP-KT - Generic - Open - Cube - Mid & Low Volume - Exact & Phrase,"=""479419335051851""",Phrase - Generic - Open Searches - Mid & Low Volume,B08XK4V59M,"Cubelelo Drift 2x2, 3x3 & 4x4 Premium Gift Box | 3-in-1 Puzzle Game Set | Triple the Challenge, Thrice the Fun | Ultimate Value Saver Combo | Brainstoming Toy for Children Kids & Adults",B0DFWMCHZW,cubelelo,0300 Games & Puzzles,0307 Non-wooden Puzzles,Toy,1460503,AMAZON_IN,12222,71,0.5809%,725.11,6,2563.81,6,120.85167,0.0491%,3.53575,5,2376.19,5,145.02200,0.0409%,3.27701,1,187.62,1,,,,,,,,,
INR,"May 01, 2026 - May 31, 2026","=""amzn1.ads-account.g.a5og6bnunpn8m911rke7gdql""",Cubelelo,279942205262904,BA - Generic - Mid & Low Volume,"=""285784532724588""",SP-KT - Generic - Open - Cube - Mid & Low Volume - Exact & Phrase,"=""503467855821823""",Generic - Open Searches - Mid & Low Volume,B08XK4V59M,"Cubelelo Drift 2x2, 3x3 & 4x4 Premium Gift Box | 3-in-1 Puzzle Game Set | Triple the Challenge, Thrice the Fun | Ultimate Value Saver Combo | Brainstoming Toy for Children Kids & Adults",B0DFWMCHZW,cubelelo,0300 Games & Puzzles,0307 Non-wooden Puzzles,Toy,1460503,AMAZON_IN,14596,41,0.2809%,397.70,3,1566.67,3,132.56667,0.0206%,3.93933,3,1566.67,3,132.56667,0.0206%,3.93933,0,0.00,0,,,,,,,,,
INR,"May 01, 2026 - May 31, 2026","=""amzn1.ads-account.g.a5og6bnunpn8m911rke7gdql""",Cubelelo,108066094626813,BA - Generic - Extremely High Volume,"=""495997417400177""",SP-KT - Generic - Open - 'Rubix Cube' - SKAG - High Volume - Exact,"=""536771283942162""",Generic - Open Searches - High Volume SKAG,B08XK4V59M,"Cubelelo Drift 2x2, 3x3 & 4x4 Premium Gift Box | 3-in-1 Puzzle Game Set | Triple the Challenge, Thrice the Fun | Ultimate Value Saver Combo | Brainstoming Toy for Children Kids & Adults",B0DFWMCHZW,cubelelo,0300 Games & Puzzles,0307 Non-wooden Puzzles,Toy,1460503,AMAZON_IN,12907,63,0.4881%,887.18,8,4645.71,8,110.89750,0.0620%,5.23649,8,4645.71,8,110.89750,0.0620%,5.23649,0,0.00,0,,,,,,,,,
INR,"May 01, 2026 - May 31, 2026","=""amzn1.ads-account.g.a5og6bnunpn8m911rke7gdql""",Cubelelo,159890394934310,Old - Core Generic Cube Campaigns All,"=""454748662358104""",BA_SP_KT_Generic Cube 2x2_Generic_Phrase_09/23,"=""305299342122740""",Generic Cube 2x2,B08XK4V59M,"Cubelelo Drift 2x2, 3x3 & 4x4 Premium Gift Box | 3-in-1 Puzzle Game Set | Triple the Challenge, Thrice the Fun | Ultimate Value Saver Combo | Brainstoming Toy for Children Kids & Adults",B0DFWMCHZW,cubelelo,0300 Games & Puzzles,0307 Non-wooden Puzzles,Toy,1460503,AMAZON_IN,29763,159,0.5342%,1956.15,16,7540.00,16,122.25938,0.0538%,3.85451,14,6971.43,14,139.72500,0.0470%,3.56385,2,568.57,2,,,,,,,,,
INR,"May 01, 2026 - May 31, 2026","=""amzn1.ads-account.g.a5og6bnunpn8m911rke7gdql""",Cubelelo,162147707583156,BA - Branded - Cubelelo,"=""329970929951347""",SP-KT - Branded - Cubelelo - Mid & Low Volume - Exact & Phrase - UND,"=""386093481557611""",Branded - 2x2,B08XK4V59M,"Cubelelo Drift 2x2, 3x3 & 4x4 Premium Gift Box | 3-in-1 Puzzle Game Set | Triple the Challenge, Thrice the Fun | Ultimate Value Saver Combo | Brainstoming Toy for Children Kids & Adults",B0DFWMCHZW,cubelelo,0300 Games & Puzzles,0307 Non-wooden Puzzles,Toy,1460503,AMAZON_IN,367,1,0.2725%,14.24,0,0.00,0,,0.0000%,0.00000,0,0.00,0,,0.0000%,0.00000,0,0.00,0,,,,,,,,,
INR,"May 20, 2026 - May 20, 2026","=""amzn1.ads-account.g.a5og6bnunpn8m911rke7gdql""",Cubelelo,153616914906061,Old - GAN Cube Campaigns All,"=""489604592702272""",BA_SP_KT_Gan 3x3_Generic_Phrase_09/23,"=""301678064380383""",Gan 3x3,B0C9JG2PZ3,Cubelelo GAN 356R 3x3 Stickerless Speed Cube for Children Kids & Adults | Features Honeycomb Design for Buttery Smooth Turning,B0D63FCHH4,cubelelo,0300 Games & Puzzles,0316 Non-electronic HandHeld Games,Toy,1030339c,AMAZON_IN,1,0,0.0000%,0.00,0,0.00,0,,0.0000%,,0,0.00,0,,0.0000%,,0,0.00,0,,,,,,,,,
INR,"May 01, 2026 - May 31, 2026","=""amzn1.ads-account.g.a5og6bnunpn8m911rke7gdql""",Cubelelo,279942205262904,BA - Generic - Mid & Low Volume,"=""327104446426115""","SP-KT - Axis - Windmill - Fisher, Cylinder, Kids, Mini, Smart, Pyramid - Open - Mid & Low Volume - Exact & Phrase","=""423861844641216""",Axis - Windmill - Fisher - Mid & Low Volume - Exact & Phrase,B0CZ9M5VBG,"Cubelelo Drift Fisher (Tiled) Magic Cube Puzzle for Kids & Adults | Unique Shape Mod with Premium Design, Smooth Finish Toy for Intermediate and Advanced Solvers | for Ages 3 and Above",B0F1YY4MBJ,cubelelo,0300 Games & Puzzles,0307 Non-wooden Puzzles,Toy,1160200,AMAZON_IN,1663,51,3.0667%,231.31,10,4006.65,10,23.13100,0.6013%,17.32156,10,4006.65,10,23.13100,0.6013%,17.32156,0,0.00,0,,,,,,,,,
INR,"May 01, 2026 - May 31, 2026","=""amzn1.ads-account.g.a5og6bnunpn8m911rke7gdql""",Cubelelo,279942205262904,BA - Generic - Mid & Low Volume,"=""327104446426115""","SP-KT - Axis - Windmill - Fisher, Cylinder, Kids, Mini, Smart, Pyramid - Open - Mid & Low Volume - Exact & Phrase","=""338572243352605""","PT - Axis, Windmill, Fisher",B0CZ9M5VBG,"Cubelelo Drift Fisher (Tiled) Magic Cube Puzzle for Kids & Adults | Unique Shape Mod with Premium Design, Smooth Finish Toy for Intermediate and Advanced Solvers | for Ages 3 and Above",B0F1YY4MBJ,cubelelo,0300 Games & Puzzles,0307 Non-wooden Puzzles,Toy,1160200,AMAZON_IN,863,29,3.3604%,244.22,3,1529.52,3,81.40667,0.3476%,6.26288,3,1529.52,3,81.40667,0.3476%,6.26288,0,0.00,0,,,,,,,,,
INR,"May 01, 2026 - May 31, 2026","=""amzn1.ads-account.g.a5og6bnunpn8m911rke7gdql""",Cubelelo,279942205262904,BA - Generic - Mid & Low Volume,"=""315451570129574""","SP-KT - Maglev, Mastermorphix, Puppet, Snake, Square1, Megaminx - Open - Mid & Low Volume - Exact & Phrase - UND","=""391120880267490""",Unique - Mid & Low Volume - Exact & Phrase,B0CZ9M5VBG,"Cubelelo Drift Fisher (Tiled) Magic Cube Puzzle for Kids & Adults | Unique Shape Mod with Premium Design, Smooth Finish Toy for Intermediate and Advanced Solvers | for Ages 3 and Above",B0F1YY4MBJ,cubelelo,0300 Games & Puzzles,0307 Non-wooden Puzzles,Toy,1160200,AMAZON_IN,2558,24,0.9382%,123.28,1,360.95,1,123.28000,0.0391%,2.92789,1,360.95,1,123.28000,0.0391%,2.92789,0,0.00,0,,,,,,,,,
INR,"May 01, 2026 - May 31, 2026","=""amzn1.ads-account.g.a5og6bnunpn8m911rke7gdql""",Cubelelo,279942205262904,BA - Generic - Mid & Low Volume,"=""369883644681767""","SP-KT - Magnetic - Open, 2x2, 4x4, 5x5 - High Volume - Exact & Phrase","=""555858234006967""",Magnetic - Open - Mid & Low Volume,B0DRVMTFN1,"Cubelelo Drift 3M v3 3x3 (Magnetic UV Coated) Speedcube - New Version | Premium Glossy Finish, Ultra Fast & Smooth Turns, Enhanced Auto-Alignment with 48 Magnets | Puzzle Cube for Kids & Adults",B0F18TBS19,cubelelo,0300 Games & Puzzles,0307 Non-wooden Puzzles,Toy,1030603,AMAZON_IN,509,8,1.5717%,37.21,0,0.00,0,,0.0000%,0.00000,0,0.00,0,,0.0000%,0.00000,0,0.00,0,,,,,,,,,
INR,"May 01, 2026 - May 31, 2026","=""amzn1.ads-account.g.a5og6bnunpn8m911rke7gdql""",Cubelelo,207487404658099,BA - Competition - Qiyi,"=""302880384926419""",SP-KT - Comp - Qiyi - Generic - Mid & Low Volume - Exact & Phrase,"=""346372267338017""",Qiyi - Tornado - Mid & Low Volume,B0DRVMTFN1,"Cubelelo Drift 3M v3 3x3 (Magnetic UV Coated) Speedcube - New Version | Premium Glossy Finish, Ultra Fast & Smooth Turns, Enhanced Auto-Alignment with 48 Magnets | Puzzle Cube for Kids & Adults",B0F18TBS19,cubelelo,0300 Games & Puzzles,0307 Non-wooden Puzzles,Toy,1030603,AMAZON_IN,184,1,0.5435%,2.20,0,0.00,0,,0.0000%,0.00000,0,0.00,0,,0.0000%,0.00000,0,0.00,0,,,,,,,,,
INR,"May 01, 2026 - May 31, 2026","=""amzn1.ads-account.g.a5og6bnunpn8m911rke7gdql""",Cubelelo,108066094626813,BA - Generic - Extremely High Volume,"=""484046863276712""",SP-KT - Generic - Open - 'Rubik's Cube' - SKAG - High Volume - Exact,"=""514344038519157""",Generic - Open Searches - High Volume SKAG,B0DRVMTFN1,"Cubelelo Drift 3M v3 3x3 (Magnetic UV Coated) Speedcube - New Version | Premium Glossy Finish, Ultra Fast & Smooth Turns, Enhanced Auto-Alignment with 48 Magnets | Puzzle Cube for Kids & Adults",B0F18TBS19,cubelelo,0300 Games & Puzzles,0307 Non-wooden Puzzles,Toy,1030603,AMAZON_IN,13000,122,0.9385%,1192.23,6,3097.14,6,198.70500,0.0462%,2.59777,4,2758.09,4,298.05750,0.0308%,2.31339,2,339.05,2,,,,,,,,,
INR,"May 01, 2026 - May 31, 2026","=""amzn1.ads-account.g.a5og6bnunpn8m911rke7gdql""",Cubelelo,153505421940411,BA - Competition - Moyu,"=""535209545252680""",SP-KT - Comp - Moyu - Generic - Mid & Low Volume - Exact & Phrase,"=""544609417584184""",Phrase - Moyu - Generic - Mid & Low Volume,B0DRVMTFN1,"Cubelelo Drift 3M v3 3x3 (Magnetic UV Coated) Speedcube - New Version | Premium Glossy Finish, Ultra Fast & Smooth Turns, Enhanced Auto-Alignment with 48 Magnets | Puzzle Cube for Kids & Adults",B0F18TBS19,cubelelo,0300 Games & Puzzles,0307 Non-wooden Puzzles,Toy,1030603,AMAZON_IN,1138,22,1.9332%,95.87,1,760.95,1,95.87000,0.0879%,7.93731,1,760.95,1,95.87000,0.0879%,7.93731,0,0.00,0,,,,,,,,,
INR,"May 13, 2026 - May 31, 2026","=""amzn1.ads-account.g.a5og6bnunpn8m911rke7gdql""",Cubelelo,153616914906061,Old - GAN Cube Campaigns All,"=""489604592702272""",BA_SP_KT_Gan 3x3_Generic_Phrase_09/23,"=""301678064380383""",Gan 3x3,B0DRVMTFN1,"Cubelelo Drift 3M v3 3x3 (Magnetic UV Coated) Speedcube - New Version | Premium Glossy Finish, Ultra Fast & Smooth Turns, Enhanced Auto-Alignment with 48 Magnets | Puzzle Cube for Kids & Adults",B0F18TBS19,cubelelo,0300 Games & Puzzles,0307 Non-wooden Puzzles,Toy,1030603,AMAZON_IN,15,0,0.0000%,0.00,0,0.00,0,,0.0000%,,0,0.00,0,,0.0000%,,0,0.00,0,,,,,,,,,
INR,"May 01, 2026 - May 31, 2026","=""amzn1.ads-account.g.a5og6bnunpn8m911rke7gdql""",Cubelelo,279942205262904,BA - Generic - Mid & Low Volume,"=""285784532724588""",SP-KT - Generic - Open - Cube - Mid & Low Volume - Exact & Phrase,"=""503467855821823""",Generic - Open Searches - Mid & Low Volume,B0DRVMTFN1,"Cubelelo Drift 3M v3 3x3 (Magnetic UV Coated) Speedcube - New Version | Premium Glossy Finish, Ultra Fast & Smooth Turns, Enhanced Auto-Alignment with 48 Magnets | Puzzle Cube for Kids & Adults",B0F18TBS19,cubelelo,0300 Games & Puzzles,0307 Non-wooden Puzzles,Toy,1030603,AMAZON_IN,5215,52,0.9971%,461.40,5,3042.85,5,92.28000,0.0959%,6.59482,5,3042.85,5,92.28000,0.0959%,6.59482,0,0.00,0,,,,,,,,,
INR,"May 01, 2026 - May 31, 2026","=""amzn1.ads-account.g.a5og6bnunpn8m911rke7gdql""",Cubelelo,279942205262904,BA - Generic - Mid & Low Volume,"=""512597066162542""",SP-KT - Magnetic - 3x3 - Mid & Low Volume - Exact & Phrase - DO,"=""405975184325655""",Phrase - Magnetic - 3x3 - Mid & Low Volume,B0DRVMTFN1,"Cubelelo Drift 3M v3 3x3 (Magnetic UV Coated) Speedcube - New Version | Premium Glossy Finish, Ultra Fast & Smooth Turns, Enhanced Auto-Alignment with 48 Magnets | Puzzle Cube for Kids & Adults",B0F18TBS19,cubelelo,0300 Games & Puzzles,0307 Non-wooden Puzzles,Toy,1030603,AMAZON_IN,7018,89,1.2682%,613.51,10,7796.19,11,61.35100,0.1425%,12.70752,9,6368.57,10,68.16778,0.1282%,10.38055,1,1427.62,1,,,,,,,,,
INR,"May 01, 2026 - May 31, 2026","=""amzn1.ads-account.g.a5og6bnunpn8m911rke7gdql""",Cubelelo,153505421940411,BA - Competition - Moyu,"=""508041836775444""",SP-KT - Comp - Moyu - Generic - High Volume - Exact,"=""314697139428353""",Moyu - Generic - High Volume,B0DRVMTFN1,"Cubelelo Drift 3M v3 3x3 (Magnetic UV Coated) Speedcube - New Version | Premium Glossy Finish, Ultra Fast & Smooth Turns, Enhanced Auto-Alignment with 48 Magnets | Puzzle Cube for Kids & Adults",B0F18TBS19,cubelelo,0300 Games & Puzzles,0307 Non-wooden Puzzles,Toy,1030603,AMAZON_IN,526,6,1.1407%,23.71,1,199.05,1,23.71000,0.1901%,8.39519,0,0.00,0,,0.0000%,0.00000,1,199.05,1,,,,,,,,,
INR,"May 01, 2026 - May 31, 2026","=""amzn1.ads-account.g.a5og6bnunpn8m911rke7gdql""",Cubelelo,162147707583156,BA - Branded - Cubelelo,"=""329970929951347""",SP-KT - Branded - Cubelelo - Mid & Low Volume - Exact & Phrase - UND,"=""526301691836211""",Branded - 3x3 - Phrase,B0DRVMTFN1,"Cubelelo Drift 3M v3 3x3 (Magnetic UV Coated) Speedcube - New Version | Premium Glossy Finish, Ultra Fast & Smooth Turns, Enhanced Auto-Alignment with 48 Magnets | Puzzle Cube for Kids & Adults",B0F18TBS19,cubelelo,0300 Games & Puzzles,0307 Non-wooden Puzzles,Toy,1030603,AMAZON_IN,19751,70,0.3544%,628.63,9,5419.03,9,69.84778,0.0456%,8.62038,8,5134.27,8,78.57875,0.0405%,8.16740,1,284.76,1,,,,,,,,,
INR,"May 01, 2026 - May 31, 2026","=""amzn1.ads-account.g.a5og6bnunpn8m911rke7gdql""",Cubelelo,162147707583156,BA - Branded - Cubelelo,"=""329970929951347""",SP-KT - Branded - Cubelelo - Mid & Low Volume - Exact & Phrase - UND,"=""479460967599506""",Branded - 3x3,B0DRVMTFN1,"Cubelelo Drift 3M v3 3x3 (Magnetic UV Coated) Speedcube - New Version | Premium Glossy Finish, Ultra Fast & Smooth Turns, Enhanced Auto-Alignment with 48 Magnets | Puzzle Cube for Kids & Adults",B0F18TBS19,cubelelo,0300 Games & Puzzles,0307 Non-wooden Puzzles,Toy,1030603,AMAZON_IN,1127,17,1.5084%,85.45,2,817.14,2,42.72500,0.1775%,9.56279,1,665.71,1,85.45000,0.0887%,7.79064,1,151.43,1,,,,,,,,,
INR,"May 01, 2026 - May 31, 2026","=""amzn1.ads-account.g.a5og6bnunpn8m911rke7gdql""",Cubelelo,108066094626813,BA - Generic - Extremely High Volume,"=""495997417400177""",SP-KT - Generic - Open - 'Rubix Cube' - SKAG - High Volume - Exact,"=""536771283942162""",Generic - Open Searches - High Volume SKAG,B0DRVMTFN1,"Cubelelo Drift 3M v3 3x3 (Magnetic UV Coated) Speedcube - New Version | Premium Glossy Finish, Ultra Fast & Smooth Turns, Enhanced Auto-Alignment with 48 Magnets | Puzzle Cube for Kids & Adults",B0F18TBS19,cubelelo,0300 Games & Puzzles,0307 Non-wooden Puzzles,Toy,1030603,AMAZON_IN,1625,19,1.1692%,185.82,5,2860.95,5,37.16400,0.3077%,15.39635,3,2473.33,3,61.94000,0.1846%,13.31035,2,387.62,2,,,,,,,,,
INR,"May 01, 2026 - May 31, 2026","=""amzn1.ads-account.g.a5og6bnunpn8m911rke7gdql""",Cubelelo,279942205262904,BA - Generic - Mid & Low Volume,"=""369883644681767""","SP-KT - Magnetic - Open, 2x2, 4x4, 5x5 - High Volume - Exact & Phrase","=""475526629790872""",Phrase - Magnetic - Open - Mid & Low Volume,B0DRVMTFN1,"Cubelelo Drift 3M v3 3x3 (Magnetic UV Coated) Speedcube - New Version | Premium Glossy Finish, Ultra Fast & Smooth Turns, Enhanced Auto-Alignment with 48 Magnets | Puzzle Cube for Kids & Adults",B0F18TBS19,cubelelo,0300 Games & Puzzles,0307 Non-wooden Puzzles,Toy,1030603,AMAZON_IN,7553,76,1.0062%,645.32,10,4655.22,10,64.53200,0.1324%,7.21382,7,4373.32,7,92.18857,0.0927%,6.77698,3,281.90,3,,,,,,,,,
INR,"May 01, 2026 - May 31, 2026","=""amzn1.ads-account.g.a5og6bnunpn8m911rke7gdql""",Cubelelo,279942205262904,BA - Generic - Mid & Low Volume,"=""512597066162542""",SP-KT - Magnetic - 3x3 - Mid & Low Volume - Exact & Phrase - DO,"=""357712340082511""",Magnetic - 3x3 - Mid & Low Volume,B0DRVMTFN1,"Cubelelo Drift 3M v3 3x3 (Magnetic UV Coated) Speedcube - New Version | Premium Glossy Finish, Ultra Fast & Smooth Turns, Enhanced Auto-Alignment with 48 Magnets | Puzzle Cube for Kids & Adults",B0F18TBS19,cubelelo,0300 Games & Puzzles,0307 Non-wooden Puzzles,Toy,1030603,AMAZON_IN,22688,110,0.4848%,791.33,7,5002.85,7,113.04714,0.0309%,6.32208,4,3043.80,4,197.83250,0.0176%,3.84644,3,1959.05,3,,,,,,,,,
INR,"May 01, 2026 - May 31, 2026","=""amzn1.ads-account.g.a5og6bnunpn8m911rke7gdql""",Cubelelo,108066094626813,BA - Generic - Extremely High Volume,"=""401436515512721""",SP-KT - Magnetic - 'Rubix Cube 3x3 Magnetic' - SKAG - High Volume - Exact,"=""342743977581960""",Generic - High Volume SKAG,B0DRVMTFN1,"Cubelelo Drift 3M v3 3x3 (Magnetic UV Coated) Speedcube - New Version | Premium Glossy Finish, Ultra Fast & Smooth Turns, Enhanced Auto-Alignment with 48 Magnets | Puzzle Cube for Kids & Adults",B0F18TBS19,cubelelo,0300 Games & Puzzles,0307 Non-wooden Puzzles,Toy,1030603,AMAZON_IN,53163,131,0.2464%,1627.42,8,4332.38,8,203.42750,0.0150%,2.66212,3,1997.14,3,542.47333,0.0056%,1.22718,5,2335.24,5,,,,,,,,,
INR,"May 01, 2026 - May 31, 2026","=""amzn1.ads-account.g.a5og6bnunpn8m911rke7gdql""",Cubelelo,279942205262904,BA - Generic - Mid & Low Volume,"=""285784532724588""",SP-KT - Generic - Open - Cube - Mid & Low Volume - Exact & Phrase,"=""479419335051851""",Phrase - Generic - Open Searches - Mid & Low Volume,B0DRVMTFN1,"Cubelelo Drift 3M v3 3x3 (Magnetic UV Coated) Speedcube - New Version | Premium Glossy Finish, Ultra Fast & Smooth Turns, Enhanced Auto-Alignment with 48 Magnets | Puzzle Cube for Kids & Adults",B0F18TBS19,cubelelo,0300 Games & Puzzles,0307 Non-wooden Puzzles,Toy,1030603,AMAZON_IN,7712,183,2.3729%,1448.05,10,7317.14,10,144.80500,0.1297%,5.05310,9,6080.00,9,160.89444,0.1167%,4.19875,1,1237.14,1,,,,,,,,,
INR,"May 01, 2026 - May 31, 2026","=""amzn1.ads-account.g.a5og6bnunpn8m911rke7gdql""",Cubelelo,279942205262904,BA - Generic - Mid & Low Volume,"=""315451570129574""","SP-KT - Maglev, Mastermorphix, Puppet, Snake, Square1, Megaminx - Open - Mid & Low Volume - Exact & Phrase - UND","=""302205874173501""",Maglev - Mid & Low Volume - Exact & Phrase,B0DRVMTFN1,"Cubelelo Drift 3M v3 3x3 (Magnetic UV Coated) Speedcube - New Version | Premium Glossy Finish, Ultra Fast & Smooth Turns, Enhanced Auto-Alignment with 48 Magnets | Puzzle Cube for Kids & Adults",B0F18TBS19,cubelelo,0300 Games & Puzzles,0307 Non-wooden Puzzles,Toy,1030603,AMAZON_IN,11241,82,0.7295%,660.62,4,3043.80,4,165.15500,0.0356%,4.60749,4,3043.80,4,165.15500,0.0356%,4.60749,0,0.00,0,,,,,,,,,
INR,"May 01, 2026 - May 30, 2026","=""amzn1.ads-account.g.a5og6bnunpn8m911rke7gdql""",Cubelelo,162147707583156,BA - Branded - Cubelelo,"=""329970929951347""",SP-KT - Branded - Cubelelo - Mid & Low Volume - Exact & Phrase - UND,"=""466745020882275""",Magnetic - 3x3,B0DRVMTFN1,"Cubelelo Drift 3M v3 3x3 (Magnetic UV Coated) Speedcube - New Version | Premium Glossy Finish, Ultra Fast & Smooth Turns, Enhanced Auto-Alignment with 48 Magnets | Puzzle Cube for Kids & Adults",B0F18TBS19,cubelelo,0300 Games & Puzzles,0307 Non-wooden Puzzles,Toy,1030603,AMAZON_IN,55,1,1.8182%,8.42,0,0.00,0,,0.0000%,0.00000,0,0.00,0,,0.0000%,0.00000,0,0.00,0,,,,,,,,,
INR,"May 01, 2026 - May 31, 2026","=""amzn1.ads-account.g.a5og6bnunpn8m911rke7gdql""",Cubelelo,153505421940411,BA - Competition - Moyu,"=""535209545252680""",SP-KT - Comp - Moyu - Generic - Mid & Low Volume - Exact & Phrase,"=""342757652627825""",Moyu - Generic - Mid & Low Volume,B0DRVMTFN1,"Cubelelo Drift 3M v3 3x3 (Magnetic UV Coated) Speedcube - New Version | Premium Glossy Finish, Ultra Fast & Smooth Turns, Enhanced Auto-Alignment with 48 Magnets | Puzzle Cube for Kids & Adults",B0F18TBS19,cubelelo,0300 Games & Puzzles,0307 Non-wooden Puzzles,Toy,1030603,AMAZON_IN,25,0,0.0000%,0.00,0,0.00,0,,0.0000%,,0,0.00,0,,0.0000%,,0,0.00,0,,,,,,,,,
INR,"May 01, 2026 - May 31, 2026","=""amzn1.ads-account.g.a5og6bnunpn8m911rke7gdql""",Cubelelo,63272072822448,Old - Speed Cube Campaigns All,"=""495291247543690""",BA_SP_KT_Speed cube 3x3_Generic_Phrase_09/23,"=""533767985616784""",Speed cube 3x3,B0DRVMTFN1,"Cubelelo Drift 3M v3 3x3 (Magnetic UV Coated) Speedcube - New Version | Premium Glossy Finish, Ultra Fast & Smooth Turns, Enhanced Auto-Alignment with 48 Magnets | Puzzle Cube for Kids & Adults",B0F18TBS19,cubelelo,0300 Games & Puzzles,0307 Non-wooden Puzzles,Toy,1030603,AMAZON_IN,1882,45,2.3911%,306.23,6,4419.99,6,51.03833,0.3188%,14.43356,4,3041.90,4,76.55750,0.2125%,9.93338,2,1378.09,2,,,,,,,,,
INR,"May 01, 2026 - May 31, 2026","=""amzn1.ads-account.g.a5og6bnunpn8m911rke7gdql""",Cubelelo,279942205262904,BA - Generic - Mid & Low Volume,"=""327104446426115""","SP-KT - Axis - Windmill - Fisher, Cylinder, Kids, Mini, Smart, Pyramid - Open - Mid & Low Volume - Exact & Phrase","=""354824992183354""",Kids - Mid & Low Volume - Exact & Phrase,B0DRVMTFN1,"Cubelelo Drift 3M v3 3x3 (Magnetic UV Coated) Speedcube - New Version | Premium Glossy Finish, Ultra Fast & Smooth Turns, Enhanced Auto-Alignment with 48 Magnets | Puzzle Cube for Kids & Adults",B0F18TBS19,cubelelo,0300 Games & Puzzles,0307 Non-wooden Puzzles,Toy,1030603,AMAZON_IN,114,2,1.7544%,14.23,0,0.00,0,,0.0000%,0.00000,0,0.00,0,,0.0000%,0.00000,0,0.00,0,,,,,,,,,
INR,"May 01, 2026 - May 31, 2026","=""amzn1.ads-account.g.a5og6bnunpn8m911rke7gdql""",Cubelelo,162147707583156,BA - Branded - Cubelelo,"=""329970929951347""",SP-KT - Branded - Cubelelo - Mid & Low Volume - Exact & Phrase - UND,"=""298700263606024""",Branded,B0DRVMTFN1,"Cubelelo Drift 3M v3 3x3 (Magnetic UV Coated) Speedcube - New Version | Premium Glossy Finish, Ultra Fast & Smooth Turns, Enhanced Auto-Alignment with 48 Magnets | Puzzle Cube for Kids & Adults",B0F18TBS19,cubelelo,0300 Games & Puzzles,0307 Non-wooden Puzzles,Toy,1030603,AMAZON_IN,1175,3,0.2553%,35.13,3,1759.04,3,11.71000,0.2553%,50.07230,3,1759.04,3,11.71000,0.2553%,50.07230,0,0.00,0,,,,,,,,,
INR,"May 01, 2026 - May 31, 2026","=""amzn1.ads-account.g.a5og6bnunpn8m911rke7gdql""",Cubelelo,279942205262904,BA - Generic - Mid & Low Volume,"=""315451570129574""","SP-KT - Maglev, Mastermorphix, Puppet, Snake, Square1, Megaminx - Open - Mid & Low Volume - Exact & Phrase - UND","=""332386096408615""",Puppet - Mid & Low Volume - Exact & Phrase,B0CJFSPB4P,Cubelelo Drift Puppet II Speed Cube | Brain Teaser Puzzle Toys | Limited Rotation | Creative New Cube for Kids and Adults,B0CJHXZZY3,cubelelo,0300 Games & Puzzles,0307 Non-wooden Puzzles,Toy,1260200,AMAZON_IN,4291,49,1.1419%,347.93,5,2204.76,5,69.58600,0.1165%,6.33679,5,2204.76,5,69.58600,0.1165%,6.33679,0,0.00,0,,,,,,,,,
INR,"May 05, 2026 - May 30, 2026","=""amzn1.ads-account.g.a5og6bnunpn8m911rke7gdql""",Cubelelo,159890394934310,Old - Core Generic Cube Campaigns All,"=""461439945733289""",BA_SP_KT_5x5 Cube_Generic_Phrase_09/23,"=""521470917336542""",5x5 Cube,B0DBDFN3T3,Cubelelo Drift 5x5 Stickerless with Stand | High-Performance Speed Cube | Smooth Turning & Adjustable Tension | Durable & Reliable | Ideal for All Ages,-1,cubelelo,0300 Games & Puzzles,0330 Brainteasers,Toy,1460571,AMAZON_IN,2,0,0.0000%,0.00,0,0.00,0,,0.0000%,,0,0.00,0,,0.0000%,,0,0.00,0,,,,,,,,,
INR,"May 01, 2026 - May 31, 2026","=""amzn1.ads-account.g.a5og6bnunpn8m911rke7gdql""",Cubelelo,159890394934310,Old - Core Generic Cube Campaigns All,"=""454748662358104""",BA_SP_KT_Generic Cube 2x2_Generic_Phrase_09/23,"=""305299342122740""",Generic Cube 2x2,B08LBJ3P8L,Cubelelo Drift 2x2 Stickerless Cube | Beginner Speedcube for Kids Boys Girls Above 3 4 5 6 Years Old & Above | Magic Puzzle Toy | Durable & Smooth Cube with Anti-Pop Design 2x2x2,B0CHJX31DJ,cubelelo,0300 Games & Puzzles,0307 Non-wooden Puzzles,Toy,1020200,AMAZON_IN,43348,1314,3.0313%,7482.91,359,88858.39,370,20.84376,0.8282%,11.87484,304,72278.42,314,24.61484,0.7013%,9.65913,55,16579.97,56,,,,,,,,,
INR,"May 01, 2026 - May 16, 2026","=""amzn1.ads-account.g.a5og6bnunpn8m911rke7gdql""",Cubelelo,162147707583156,BA - Branded - Cubelelo,"=""343328245514155""",BA - SP PT - Cube Timer - Brand - ST,"=""544745524853066""",Cube timer_ST,B0DG5XXTLG,"Cubelelo 3M 3x3 Magnetic Speed Cube with Timer & Mat Combo | Fast & Smooth Magnetic Puzzle for Speedcubing | Complete Set for Speed Solvers, Multicolor",-1,cubelelo,0300 Games & Puzzles,0301 Family Board / Action,Toy,CLB0248,AMAZON_IN,1074,16,1.4898%,109.18,0,0.00,0,,0.0000%,0.00000,0,0.00,0,,0.0000%,0.00000,0,0.00,0,,,,,,,,,
INR,"May 11, 2026 - May 30, 2026","=""amzn1.ads-account.g.a5og6bnunpn8m911rke7gdql""",Cubelelo,108066094626813,BA - Generic - Extremely High Volume,"=""530532259196935""","SP-KT - Megaminx, Pyramid, Timer & Gear - Open - High Volume - Exact","=""321431385380150""",Pyramid - High Volume,B0BZKYFBCZ,"Cubelelo Drift 3X3, Pyraminx & Mirror (Silver) Combo (Black), Kid",-1,cubelelo,0300 Games & Puzzles,0307 Non-wooden Puzzles,Toy,CLB0129_EAN,AMAZON_IN,9,0,0.0000%,0.00,0,0.00,0,,0.0000%,,0,0.00,0,,0.0000%,,0,0.00,0,,,,,,,,,
INR,"May 01, 2026 - May 29, 2026","=""amzn1.ads-account.g.a5og6bnunpn8m911rke7gdql""",Cubelelo,279942205262904,BA - Generic - Mid & Low Volume,"=""405383753413943""","SP-KT - Lube Combo, Magic, Pyraminx, Skewb, Stand, Timer, Gear - Open - Mid & Low Volume - Exact & Phrase","=""291482927814540""",Pyraminx - Mid & Low Volume - Exact & Phrase,B0BZKYFBCZ,"Cubelelo Drift 3X3, Pyraminx & Mirror (Silver) Combo (Black), Kid",-1,cubelelo,0300 Games & Puzzles,0307 Non-wooden Puzzles,Toy,CLB0129_EAN,AMAZON_IN,9,0,0.0000%,0.00,0,0.00,0,,0.0000%,,0,0.00,0,,0.0000%,,0,0.00,0,,,,,,,,,
INR,"May 01, 2026 - May 27, 2026","=""amzn1.ads-account.g.a5og6bnunpn8m911rke7gdql""",Cubelelo,279942205262904,BA - Generic - Mid & Low Volume,"=""315451570129574""","SP-KT - Maglev, Mastermorphix, Puppet, Snake, Square1, Megaminx - Open - Mid & Low Volume - Exact & Phrase - UND","=""391120880267490""",Unique - Mid & Low Volume - Exact & Phrase,B0BZKYFBCZ,"Cubelelo Drift 3X3, Pyraminx & Mirror (Silver) Combo (Black), Kid",-1,cubelelo,0300 Games & Puzzles,0307 Non-wooden Puzzles,Toy,CLB0129_EAN,AMAZON_IN,3,0,0.0000%,0.00,0,0.00,0,,0.0000%,,0,0.00,0,,0.0000%,,0,0.00,0,,,,,,,,,
INR,"May 01, 2026 - May 31, 2026","=""amzn1.ads-account.g.a5og6bnunpn8m911rke7gdql""",Cubelelo,279942205262904,BA - Generic - Mid & Low Volume,"=""405383753413943""","SP-KT - Lube Combo, Magic, Pyraminx, Skewb, Stand, Timer, Gear - Open - Mid & Low Volume - Exact & Phrase","=""372803868727165""",Skewb - Mid & Low Volume - Exact & Phrase,B0CGNW2MFJ,Cubelelo Drift Square-1 & Skewb Gift Box | Explore the new Dimension of Uniquely Shaped Puzzles | 2 in 1 Combo Pack of Dual Challenge Delight | Brainstoming Game Toy for Children Kids & Adults,-1,cubelelo,0300 Games & Puzzles,0307 Non-wooden Puzzles,Toy,1460521,AMAZON_IN,14110,112,0.7938%,1456.26,11,6631.43,12,132.38727,0.0780%,4.55374,8,5730.48,9,182.03250,0.0567%,3.93507,3,900.95,3,,,,,,,,,
INR,"May 01, 2026 - May 29, 2026","=""amzn1.ads-account.g.a5og6bnunpn8m911rke7gdql""",Cubelelo,279942205262904,BA - Generic - Mid & Low Volume,"=""327104446426115""","SP-KT - Axis - Windmill - Fisher, Cylinder, Kids, Mini, Smart, Pyramid - Open - Mid & Low Volume - Exact & Phrase","=""310438687496531""",Pyramid - Mid & Low Volume - Exact & Phrase,B0BZKYFBCZ,"Cubelelo Drift 3X3, Pyraminx & Mirror (Silver) Combo (Black), Kid",-1,cubelelo,0300 Games & Puzzles,0307 Non-wooden Puzzles,Toy,CLB0129_EAN,AMAZON_IN,16,0,0.0000%,0.00,0,0.00,0,,0.0000%,,0,0.00,0,,0.0000%,,0,0.00,0,,,,,,,,,
INR,"May 01, 2026 - May 31, 2026","=""amzn1.ads-account.g.a5og6bnunpn8m911rke7gdql""",Cubelelo,279942205262904,BA - Generic - Mid & Low Volume,"=""315451570129574""","SP-KT - Maglev, Mastermorphix, Puppet, Snake, Square1, Megaminx - Open - Mid & Low Volume - Exact & Phrase - UND","=""391120880267490""",Unique - Mid & Low Volume - Exact & Phrase,B0CGNW2MFJ,Cubelelo Drift Square-1 & Skewb Gift Box | Explore the new Dimension of Uniquely Shaped Puzzles | 2 in 1 Combo Pack of Dual Challenge Delight | Brainstoming Game Toy for Children Kids & Adults,-1,cubelelo,0300 Games & Puzzles,0307 Non-wooden Puzzles,Toy,1460521,AMAZON_IN,4247,28,0.6593%,219.42,3,788.57,3,73.14000,0.0706%,3.59388,1,313.33,1,219.42000,0.0235%,1.42799,2,475.24,2,,,,,,,,,
INR,"May 01, 2026 - May 31, 2026","=""amzn1.ads-account.g.a5og6bnunpn8m911rke7gdql""",Cubelelo,279942205262904,BA - Generic - Mid & Low Volume,"=""315451570129574""","SP-KT - Maglev, Mastermorphix, Puppet, Snake, Square1, Megaminx - Open - Mid & Low Volume - Exact & Phrase - UND","=""355780307112522""",Snake - Mid & Low Volume - Exact & Phrase,B0BV276B7T,Cubelelo Magic Snake Rainbow Puzzle Cube (72 Wedges) | Twist and Turn Shape Creation Fun Game for Kids Boys Girls and Adults | Multicolor Brain Teaser Stress Buster Toy | for Ages 3 Years and Above,B0CT8VHGGD,cubelelo,0300 Games & Puzzles,0307 Non-wooden Puzzles,Toy,1310036_EAN,AMAZON_IN,11334,272,2.3999%,1269.47,40,18361.92,41,31.73675,0.3529%,14.46424,37,17319.06,38,34.31000,0.3265%,13.64275,3,1042.86,3,,,,,,,,,
INR,"May 01, 2026 - May 31, 2026","=""amzn1.ads-account.g.a5og6bnunpn8m911rke7gdql""",Cubelelo,279942205262904,BA - Generic - Mid & Low Volume,"=""315451570129574""","SP-KT - Maglev, Mastermorphix, Puppet, Snake, Square1, Megaminx - Open - Mid & Low Volume - Exact & Phrase - UND","=""341230793876965""",Mastermorphix - Mid & Low Volume - Exact & Phrase,B09BZPFCZ8,Cubelelo Drift Mastermorphix Stickerless Cube Puzzle for Kids & Adults Speedy Stress Buster Brainstorming Cube,B08BTYH1QF,cubelelo,0300 Games & Puzzles,0307 Non-wooden Puzzles,Toy,Cubelelo Drift Stickerless Cube,AMAZON_IN,2824,89,3.1516%,372.93,24,8915.20,24,15.53875,0.8499%,23.90583,20,7548.53,20,18.64650,0.7082%,20.24114,4,1366.67,4,,,,,,,,,
INR,"May 01, 2026 - May 31, 2026","=""amzn1.ads-account.g.a5og6bnunpn8m911rke7gdql""",Cubelelo,279942205262904,BA - Generic - Mid & Low Volume,"=""315451570129574""","SP-KT - Maglev, Mastermorphix, Puppet, Snake, Square1, Megaminx - Open - Mid & Low Volume - Exact & Phrase - UND","=""391120880267490""",Unique - Mid & Low Volume - Exact & Phrase,B09BZPFCZ8,Cubelelo Drift Mastermorphix Stickerless Cube Puzzle for Kids & Adults Speedy Stress Buster Brainstorming Cube,B08BTYH1QF,cubelelo,0300 Games & Puzzles,0307 Non-wooden Puzzles,Toy,Cubelelo Drift Stickerless Cube,AMAZON_IN,15693,93,0.5926%,556.29,16,5276.18,16,34.76813,0.1020%,9.48459,11,3948.56,11,50.57182,0.0701%,7.09802,5,1327.62,5,,,,,,,,,
INR,"May 04, 2026 - May 31, 2026","=""amzn1.ads-account.g.a5og6bnunpn8m911rke7gdql""",Cubelelo,215664054810032,BA - Number Sliding Puzzle,"=""439881614291142""",SP - KT - 4x4 Number Sliding Puzzle - Mid & Low Volume - Phrase and BMM,"=""477869615967999""",Generic Number Puzzle,B0DM1JQ29Z,"Cubelelo Drift (5 Column) Sort & Stack Puzzle with Lacing Thread & 8 Double-Sided Flash Cards | Montessori-Inspired Shape & Color Learning Educational Blocks Toy for Kids, Set Of 1",B0F26KXBCK,cubelelo,0600 Infants/Preschool,0627 All Other Infant Toys,Toy,4001047,AMAZON_IN,22,0,0.0000%,0.00,0,0.00,0,,0.0000%,,0,0.00,0,,0.0000%,,0,0.00,0,,,,,,,,,
INR,"May 01, 2026 - May 31, 2026","=""amzn1.ads-account.g.a5og6bnunpn8m911rke7gdql""",Cubelelo,279942205262904,BA - Generic - Mid & Low Volume,"=""498287583816355""","SP-KT - Generic - 5x5, 6x6, 7x7, Keychain - Mid & Low Volume - Exact & Phrase","=""536652533995914""",Phrase - Generic - 6x6 - Mid & Low Volume,B09WHY3DPP,Cubelelo Drift 6M 6x6 (Magnetic) Stickerless Speedcube Magic Puzzle Toy for Kids & Adults Speedy Stress Buster Brainstorming Cube,B0CWH6ML97,cubelelo,0300 Games & Puzzles,0307 Non-wooden Puzzles,Toy,1060600,AMAZON_IN,7473,65,0.8698%,635.45,6,7042.85,6,105.90833,0.0803%,11.08325,6,7042.85,6,105.90833,0.0803%,11.08325,0,0.00,0,,,,,,,,,
INR,"May 01, 2026 - May 31, 2026","=""amzn1.ads-account.g.a5og6bnunpn8m911rke7gdql""",Cubelelo,279942205262904,BA - Generic - Mid & Low Volume,"=""498287583816355""","SP-KT - Generic - 5x5, 6x6, 7x7, Keychain - Mid & Low Volume - Exact & Phrase","=""295921960947507""",Generic - 6x6 - Mid & Low Volume,B09WHY3DPP,Cubelelo Drift 6M 6x6 (Magnetic) Stickerless Speedcube Magic Puzzle Toy for Kids & Adults Speedy Stress Buster Brainstorming Cube,B0CWH6ML97,cubelelo,0300 Games & Puzzles,0307 Non-wooden Puzzles,Toy,1060600,AMAZON_IN,5748,34,0.5915%,278.06,0,0.00,0,,0.0000%,0.00000,0,0.00,0,,0.0000%,0.00000,0,0.00,0,,,,,,,,,
INR,"May 26, 2026 - May 29, 2026","=""amzn1.ads-account.g.a5og6bnunpn8m911rke7gdql""",Cubelelo,14896671318530,BA - Tinker Box,"=""178894007177834""",BA - SP - Auto - Tinker Box - 0-2 Years - DO,"=""524300284583215""",Tinker Box,B0FF47DZ8G,TinkerBox Color and Pattern Sliding Puzzle Game | Educational Wooden Toy for Kids | Color & Shape Matching Brain Teaser for Ages 3-7 | Preschool Learning Toy for Boys & Girls,B0GPL1L4HG,Tinker Box,0300 Games & Puzzles,0330 Brainteasers,Toy,TB00003,AMAZON_IN,834,4,0.4796%,21.83,0,0.00,0,,0.0000%,0.00000,0,0.00,0,,0.0000%,0.00000,0,0.00,0,,,,,,,,,
INR,"May 01, 2026 - May 26, 2026","=""amzn1.ads-account.g.a5og6bnunpn8m911rke7gdql""",Cubelelo,14896671318530,BA - Tinker Box,"=""383299609032339""","SP-KT - Generic - Tinker Box - Colour and Pattern Sliding Puzzle Game, 5 Column Sort and Stack Puzzle - Exact","=""288337266837008""",Tinker Box - Colour and Pattern Sliding Puzzle Game,B0FF47DZ8G,TinkerBox Color and Pattern Sliding Puzzle Game | Educational Wooden Toy for Kids | Color & Shape Matching Brain Teaser for Ages 3-7 | Preschool Learning Toy for Boys & Girls,B0GPL1L4HG,Tinker Box,0300 Games & Puzzles,0330 Brainteasers,Toy,TB00003,AMAZON_IN,421,4,0.9501%,50.88,0,0.00,0,,0.0000%,0.00000,0,0.00,0,,0.0000%,0.00000,0,0.00,0,,,,,,,,,
INR,"May 01, 2026 - May 31, 2026","=""amzn1.ads-account.g.a5og6bnunpn8m911rke7gdql""",Cubelelo,279942205262904,BA - Generic - Mid & Low Volume,"=""316273786051120""",SD-CT - 3D Puzzle & Brain Teasers - Comp - Open - Broad - Old,"=""302660200409918""",Category Targeting,B0CF9MJ1HV,Cubelelo Drift 3x3 Stickerless & Mirror Cube (Silver) Gift Box Combo Set | Ideal Gift for Puzzle Lovers | Toys for Kids 6-10 Year Old and Adults | 3x3x3 High Speed 3 3 & Shape Shifter,B0D6G24GVB,cubelelo,0300 Games & Puzzles,0307 Non-wooden Puzzles,Toy,1460523,AMAZON_IN,229,0,0.0000%,0.00,0,0.00,0,,0.0000%,,0,0.00,0,,0.0000%,,0,0.00,0,0,0.00,0,,0.0000%,,0,,0.0000%
INR,"May 01, 2026 - May 31, 2026","=""amzn1.ads-account.g.a5og6bnunpn8m911rke7gdql""",Cubelelo,279942205262904,BA - Generic - Mid & Low Volume,"=""315451570129574""","SP-KT - Maglev, Mastermorphix, Puppet, Snake, Square1, Megaminx - Open - Mid & Low Volume - Exact & Phrase - UND","=""455806518818545""",Metallic - Mid & Low Volume - Exact & Phrase,B0CF9MJ1HV,Cubelelo Drift 3x3 Stickerless & Mirror Cube (Silver) Gift Box Combo Set | Ideal Gift for Puzzle Lovers | Toys for Kids 6-10 Year Old and Adults | 3x3x3 High Speed 3 3 & Shape Shifter,B0D6G24GVB,cubelelo,0300 Games & Puzzles,0307 Non-wooden Puzzles,Toy,1460523,AMAZON_IN,604,3,0.4967%,11.58,0,0.00,0,,0.0000%,0.00000,0,0.00,0,,0.0000%,0.00000,0,0.00,0,,,,,,,,,
INR,"May 01, 2026 - May 31, 2026","=""amzn1.ads-account.g.a5og6bnunpn8m911rke7gdql""",Cubelelo,162147707583156,BA - Branded - Cubelelo,"=""329970929951347""",SP-KT - Branded - Cubelelo - Mid & Low Volume - Exact & Phrase - UND,"=""360220929148821""",Mirror,B0CF9MJ1HV,Cubelelo Drift 3x3 Stickerless & Mirror Cube (Silver) Gift Box Combo Set | Ideal Gift for Puzzle Lovers | Toys for Kids 6-10 Year Old and Adults | 3x3x3 High Speed 3 3 & Shape Shifter,B0D6G24GVB,cubelelo,0300 Games & Puzzles,0307 Non-wooden Puzzles,Toy,1460523,AMAZON_IN,4743,11,0.2319%,86.56,0,0.00,0,,0.0000%,0.00000,0,0.00,0,,0.0000%,0.00000,0,0.00,0,,,,,,,,,
INR,"May 26, 2026 - May 31, 2026","=""amzn1.ads-account.g.a5og6bnunpn8m911rke7gdql""",Cubelelo,14896671318530,BA - Tinker Box,"=""178894007177834""",BA - SP - Auto - Tinker Box - 0-2 Years - DO,"=""524300284583215""",Tinker Box,B0FRFV8BLN,TinkerBox 3D Nesting Puzzle for Kids 12+ Months | Montessori Wooden Brain Teaser Puzzle | STEM Learning Toy for Spatial Awareness & Critical Thinking | Safe & Durable Educational Toy,-1,Tinker Box,0300 Games & Puzzles,0301 Family Board / Action,Toy,TB06001,AMAZON_IN,427,2,0.4684%,10.30,0,0.00,0,,0.0000%,0.00000,0,0.00,0,,0.0000%,0.00000,0,0.00,0,,,,,,,,,
INR,"May 12, 2026 - May 31, 2026","=""amzn1.ads-account.g.a5og6bnunpn8m911rke7gdql""",Cubelelo,140219559111289,BA - Clang,"=""136579885639997""",BA - SP - KT - Clang - NB - Generic - Magnetic Keywords - BMM - DO,"=""217704020149858""",Clang,B0GN1TJ7F4,"Cubelelo Drift Clang! | 2-4 Players Classic Magnetic Attraction Strategy Game | Features 24 Magnets & Adjustable Rope | Fun Gifting Toy for Family, Teens & Adults | Compact and Travel Friendly",-1,cubelelo,0300 Games & Puzzles,0330 Brainteasers,Toy,1630223,AMAZON_IN,1725,32,1.8551%,151.62,4,1709.53,4,37.90500,0.2319%,11.27510,3,1425.72,3,50.54000,0.1739%,9.40325,1,283.81,1,,,,,,,,,
INR,"May 01, 2026 - May 31, 2026","=""amzn1.ads-account.g.a5og6bnunpn8m911rke7gdql""",Cubelelo,140219559111289,BA - Clang,"=""131047102419006""",BA - SP - PT - Clang - Comp - Magnetic Games - Exact - DO - Sale,"=""522308508803672""",Clang,B0GN1TJ7F4,"Cubelelo Drift Clang! | 2-4 Players Classic Magnetic Attraction Strategy Game | Features 24 Magnets & Adjustable Rope | Fun Gifting Toy for Family, Teens & Adults | Compact and Travel Friendly",-1,cubelelo,0300 Games & Puzzles,0330 Brainteasers,Toy,1630223,AMAZON_IN,141646,1895,1.3378%,29344.66,247,114714.75,252,118.80429,0.1744%,3.90922,231,109734.74,235,127.03316,0.1631%,3.73951,16,4980.01,17,,,,,,,,,
INR,"May 01, 2026 - May 31, 2026","=""amzn1.ads-account.g.a5og6bnunpn8m911rke7gdql""",Cubelelo,140219559111289,BA - Clang,"=""279777542976112""",BA - SP - PT - Clang - Comp - Smartivity - Exact - DO,"=""437071768796688""",Clang,B0GN1TJ7F4,"Cubelelo Drift Clang! | 2-4 Players Classic Magnetic Attraction Strategy Game | Features 24 Magnets & Adjustable Rope | Fun Gifting Toy for Family, Teens & Adults | Compact and Travel Friendly",-1,cubelelo,0300 Games & Puzzles,0330 Brainteasers,Toy,1630223,AMAZON_IN,27615,419,1.5173%,4795.42,23,10330.52,23,208.49652,0.0833%,2.15425,22,10075.28,22,217.97364,0.0797%,2.10102,1,255.24,1,,,,,,,,,
INR,"May 01, 2026 - May 31, 2026","=""amzn1.ads-account.g.a5og6bnunpn8m911rke7gdql""",Cubelelo,140219559111289,BA - Clang,"=""19816387043346""",BA - SP - KT - Clang - Generic - High Volume - Exact  - DO,"=""433668164365957""",Clang,B0GN1TJ7F4,"Cubelelo Drift Clang! | 2-4 Players Classic Magnetic Attraction Strategy Game | Features 24 Magnets & Adjustable Rope | Fun Gifting Toy for Family, Teens & Adults | Compact and Travel Friendly",-1,cubelelo,0300 Games & Puzzles,0330 Brainteasers,Toy,1630223,AMAZON_IN,66242,396,0.5978%,2838.52,11,4912.40,11,258.04727,0.0166%,1.73062,9,4277.16,9,315.39111,0.0136%,1.50683,2,635.24,2,,,,,,,,,
INR,"May 18, 2026 - May 30, 2026","=""amzn1.ads-account.g.a5og6bnunpn8m911rke7gdql""",Cubelelo,266883110604369,Old - SP PT Campaigns,"=""471096929513381""",BA - SP PT - Pyramix - Competition - Exact,"=""299475517358539""",Pyraminx,B0BWMX1NQ6,Cubelelo Drift Pyraminx Puzzle (Black) | Stickerless Pyramid Triangle Cube for Kids and Adults 3x3 | Magic High Speedy Stress Buster Brainstorming Puzzle (Multicolor),B0CFFC4DMP,cubelelo,0300 Games & Puzzles,0307 Non-wooden Puzzles,Toy,1280200_EAN,AMAZON_IN,4,0,0.0000%,0.00,0,0.00,0,,0.0000%,,0,0.00,0,,0.0000%,,0,0.00,0,,,,,,,,,
INR,"May 26, 2026 - May 31, 2026","=""amzn1.ads-account.g.a5og6bnunpn8m911rke7gdql""",Cubelelo,14896671318530,BA - Tinker Box,"=""178894007177834""",BA - SP - Auto - Tinker Box - 0-2 Years - DO,"=""524300284583215""",Tinker Box,B0FRFKRLF3,TinkerBox Shape Puzzle Montessori Wooden Puzzle Toy for Toddlers & Kids 6+ Months | Early Learning Game for Shape Recognition & Problem Solving | Safe & Durable,B0GPL1L4HG,Tinker Box,0300 Games & Puzzles,0330 Brainteasers,Toy,TB03003,AMAZON_IN,1842,11,0.5972%,65.63,1,522.86,1,65.63000,0.0543%,7.96678,1,522.86,1,65.63000,0.0543%,7.96678,0,0.00,0,,,,,,,,,
INR,"May 01, 2026 - May 31, 2026","=""amzn1.ads-account.g.a5og6bnunpn8m911rke7gdql""",Cubelelo,182829498693993,BA - Competition - GAN,"=""303138629347007""",SP-KT - Comp - GAN - Generic - Mid & Low Volume - Exact & Phrase,"=""432248665340700""",Phrase - Gan - Generic - Mid & Low Volume,B0BRXJ9Q4G,Cubelelo Drift 3M Plus v2 3x3 (Magnetic) Cube | New Upgraded Version Based on MoYu RS3M v5 | Dual-Adjustment System | Premium Speedcube for Kids Boys Girls Ages 4+ Year Old & Adults,B0F18TBS19,cubelelo,0300 Games & Puzzles,0307 Non-wooden Puzzles,Toy,1030700_EAN,AMAZON_IN,26280,264,1.0046%,2017.29,9,7264.76,9,224.14333,0.0342%,3.60125,2,3045.71,2,1008.64500,0.0076%,1.50980,7,4219.05,7,,,,,,,,,
INR,"May 01, 2026 - May 31, 2026","=""amzn1.ads-account.g.a5og6bnunpn8m911rke7gdql""",Cubelelo,162147707583156,BA - Branded - Cubelelo,"=""433317578586761""",SP-KT - Branded - Cubelelo - High Volume - Exact,"=""332121459254132""",Branded - SKAG,B0BRXJ9Q4G,Cubelelo Drift 3M Plus v2 3x3 (Magnetic) Cube | New Upgraded Version Based on MoYu RS3M v5 | Dual-Adjustment System | Premium Speedcube for Kids Boys Girls Ages 4+ Year Old & Adults,B0F18TBS19,cubelelo,0300 Games & Puzzles,0307 Non-wooden Puzzles,Toy,1030700_EAN,AMAZON_IN,6782,86,1.2681%,644.23,13,6753.33,13,49.55615,0.1917%,10.48279,5,2737.15,5,128.84600,0.0737%,4.24872,8,4016.18,8,,,,,,,,,
INR,"May 01, 2026 - May 31, 2026","=""amzn1.ads-account.g.a5og6bnunpn8m911rke7gdql""",Cubelelo,265440463136935,BA - Comp - Hawkister,"=""85941143600435""",SP - PT - 3M V2 Plus 3x3 - Comp - Hawkister - Price Greater than 599 - Sale,"=""32803048301535""",3M Plus V2 3x3 Magnetic,B0BRXJ9Q4G,Cubelelo Drift 3M Plus v2 3x3 (Magnetic) Cube | New Upgraded Version Based on MoYu RS3M v5 | Dual-Adjustment System | Premium Speedcube for Kids Boys Girls Ages 4+ Year Old & Adults,B0F18TBS19,cubelelo,0300 Games & Puzzles,0307 Non-wooden Puzzles,Toy,1030700_EAN,AMAZON_IN,96253,1314,1.3652%,12284.63,71,47949.36,75,173.02296,0.0738%,3.90320,36,23292.25,36,341.23972,0.0374%,1.89605,35,24657.11,39,,,,,,,,,
INR,"May 01, 2026 - May 31, 2026","=""amzn1.ads-account.g.a5og6bnunpn8m911rke7gdql""",Cubelelo,279942205262904,BA - Generic - Mid & Low Volume,"=""334559235709808""",SP-KT - Generic - 3x3 - Mid & Low Volume - Exact & Phrase - UND,"=""363319492631962""",Phrase - Generic - 3x3 - Mid & Low Volume,B0BRXJ9Q4G,Cubelelo Drift 3M Plus v2 3x3 (Magnetic) Cube | New Upgraded Version Based on MoYu RS3M v5 | Dual-Adjustment System | Premium Speedcube for Kids Boys Girls Ages 4+ Year Old & Adults,B0F18TBS19,cubelelo,0300 Games & Puzzles,0307 Non-wooden Puzzles,Toy,1030700_EAN,AMAZON_IN,24366,176,0.7223%,1552.80,15,8970.45,15,103.52000,0.0616%,5.77695,8,5132.36,8,194.10000,0.0328%,3.30523,7,3838.09,7,,,,,,,,,
INR,"May 01, 2026 - May 31, 2026","=""amzn1.ads-account.g.a5og6bnunpn8m911rke7gdql""",Cubelelo,108066094626813,BA - Generic - Extremely High Volume,"=""353368777045800""",SP-KT - Generic - 3x3 - 'Rubik's Cube 3x3 Speed Cube' - SKAG - High Volume - Exact - UND,"=""333014230375447""",Generic - 3x3 - High Volume SKAG,B0BRXJ9Q4G,Cubelelo Drift 3M Plus v2 3x3 (Magnetic) Cube | New Upgraded Version Based on MoYu RS3M v5 | Dual-Adjustment System | Premium Speedcube for Kids Boys Girls Ages 4+ Year Old & Adults,B0F18TBS19,cubelelo,0300 Games & Puzzles,0307 Non-wooden Puzzles,Toy,1030700_EAN,AMAZON_IN,55632,376,0.6759%,3391.41,32,18821.86,34,105.98156,0.0575%,5.54986,20,11918.07,21,169.57050,0.0360%,3.51419,12,6903.79,13,,,,,,,,,
INR,"May 09, 2026 - May 21, 2026","=""amzn1.ads-account.g.a5og6bnunpn8m911rke7gdql""",Cubelelo,162147707583156,BA - Branded - Cubelelo,"=""433317578586761""",SP-KT - Branded - Cubelelo - High Volume - Exact,"=""374742854439176""",Branded 3x3 - SKAG,B0BRXJ9Q4G,Cubelelo Drift 3M Plus v2 3x3 (Magnetic) Cube | New Upgraded Version Based on MoYu RS3M v5 | Dual-Adjustment System | Premium Speedcube for Kids Boys Girls Ages 4+ Year Old & Adults,B0F18TBS19,cubelelo,0300 Games & Puzzles,0307 Non-wooden Puzzles,Toy,1030700_EAN,AMAZON_IN,3,0,0.0000%,0.00,0,0.00,0,,0.0000%,,0,0.00,0,,0.0000%,,0,0.00,0,,,,,,,,,
INR,"May 01, 2026 - May 31, 2026","=""amzn1.ads-account.g.a5og6bnunpn8m911rke7gdql""",Cubelelo,162147707583156,BA - Branded - Cubelelo,"=""329970929951347""",SP-KT - Branded - Cubelelo - Mid & Low Volume - Exact & Phrase - UND,"=""479460967599506""",Branded - 3x3,B0BRXJ9Q4G,Cubelelo Drift 3M Plus v2 3x3 (Magnetic) Cube | New Upgraded Version Based on MoYu RS3M v5 | Dual-Adjustment System | Premium Speedcube for Kids Boys Girls Ages 4+ Year Old & Adults,B0F18TBS19,cubelelo,0300 Games & Puzzles,0307 Non-wooden Puzzles,Toy,1030700_EAN,AMAZON_IN,1967,38,1.9319%,132.66,2,1330.47,2,66.33000,0.1017%,10.02917,2,1330.47,2,66.33000,0.1017%,10.02917,0,0.00,0,,,,,,,,,
INR,"May 01, 2026 - May 31, 2026","=""amzn1.ads-account.g.a5og6bnunpn8m911rke7gdql""",Cubelelo,279942205262904,BA - Generic - Mid & Low Volume,"=""369883644681767""","SP-KT - Magnetic - Open, 2x2, 4x4, 5x5 - High Volume - Exact & Phrase","=""475526629790872""",Phrase - Magnetic - Open - Mid & Low Volume,B0BRXJ9Q4G,Cubelelo Drift 3M Plus v2 3x3 (Magnetic) Cube | New Upgraded Version Based on MoYu RS3M v5 | Dual-Adjustment System | Premium Speedcube for Kids Boys Girls Ages 4+ Year Old & Adults,B0F18TBS19,cubelelo,0300 Games & Puzzles,0307 Non-wooden Puzzles,Toy,1030700_EAN,AMAZON_IN,30657,203,0.6622%,1875.60,11,7889.50,11,170.50909,0.0359%,4.20639,7,3991.41,7,267.94286,0.0228%,2.12807,4,3898.09,4,,,,,,,,,
INR,"May 01, 2026 - May 31, 2026","=""amzn1.ads-account.g.a5og6bnunpn8m911rke7gdql""",Cubelelo,279942205262904,BA - Generic - Mid & Low Volume,"=""512597066162542""",SP-KT - Magnetic - 3x3 - Mid & Low Volume - Exact & Phrase - DO,"=""405975184325655""",Phrase - Magnetic - 3x3 - Mid & Low Volume,B0BRXJ9Q4G,Cubelelo Drift 3M Plus v2 3x3 (Magnetic) Cube | New Upgraded Version Based on MoYu RS3M v5 | Dual-Adjustment System | Premium Speedcube for Kids Boys Girls Ages 4+ Year Old & Adults,B0F18TBS19,cubelelo,0300 Games & Puzzles,0307 Non-wooden Puzzles,Toy,1030700_EAN,AMAZON_IN,14842,118,0.7950%,685.40,14,10392.35,14,48.95714,0.0943%,15.16246,10,6512.35,10,68.54000,0.0674%,9.50153,4,3880.00,4,,,,,,,,,
INR,"May 01, 2026 - May 31, 2026","=""amzn1.ads-account.g.a5og6bnunpn8m911rke7gdql""",Cubelelo,63272072822448,Old - Speed Cube Campaigns All,"=""495291247543690""",BA_SP_KT_Speed cube 3x3_Generic_Phrase_09/23,"=""533767985616784""",Speed cube 3x3,B0BRXJ9Q4G,Cubelelo Drift 3M Plus v2 3x3 (Magnetic) Cube | New Upgraded Version Based on MoYu RS3M v5 | Dual-Adjustment System | Premium Speedcube for Kids Boys Girls Ages 4+ Year Old & Adults,B0F18TBS19,cubelelo,0300 Games & Puzzles,0307 Non-wooden Puzzles,Toy,1030700_EAN,AMAZON_IN,5625,30,0.5333%,198.27,3,1101.90,3,66.09000,0.0533%,5.55757,2,960.00,2,99.13500,0.0356%,4.84188,1,141.90,1,,,,,,,,,
INR,"May 01, 2026 - May 31, 2026","=""amzn1.ads-account.g.a5og6bnunpn8m911rke7gdql""",Cubelelo,162147707583156,BA - Branded - Cubelelo,"=""329970929951347""",SP-KT - Branded - Cubelelo - Mid & Low Volume - Exact & Phrase - UND,"=""298700263606024""",Branded,B0BRXJ9Q4G,Cubelelo Drift 3M Plus v2 3x3 (Magnetic) Cube | New Upgraded Version Based on MoYu RS3M v5 | Dual-Adjustment System | Premium Speedcube for Kids Boys Girls Ages 4+ Year Old & Adults,B0F18TBS19,cubelelo,0300 Games & Puzzles,0307 Non-wooden Puzzles,Toy,1030700_EAN,AMAZON_IN,3245,29,0.8937%,139.66,3,1187.61,3,46.55333,0.0924%,8.50358,2,1045.71,2,69.83000,0.0616%,7.48754,1,141.90,1,,,,,,,,,
INR,"May 01, 2026 - May 31, 2026","=""amzn1.ads-account.g.a5og6bnunpn8m911rke7gdql""",Cubelelo,152274827442004,BA - Competition - D Eternal,"=""327219448958152""",SP-PT - Comp - Hawkister - High Volume - Exact,"=""521889920077913""",PT - Hawkister No.5,B0BRXJ9Q4G,Cubelelo Drift 3M Plus v2 3x3 (Magnetic) Cube | New Upgraded Version Based on MoYu RS3M v5 | Dual-Adjustment System | Premium Speedcube for Kids Boys Girls Ages 4+ Year Old & Adults,B0F18TBS19,cubelelo,0300 Games & Puzzles,0307 Non-wooden Puzzles,Toy,1030700_EAN,AMAZON_IN,56440,875,1.5503%,8892.39,59,35828.47,60,150.71847,0.1045%,4.02912,48,30364.66,49,185.25813,0.0850%,3.41468,11,5463.81,11,,,,,,,,,
INR,"May 01, 2026 - May 31, 2026","=""amzn1.ads-account.g.a5og6bnunpn8m911rke7gdql""",Cubelelo,153505421940411,BA - Competition - Moyu,"=""535209545252680""",SP-KT - Comp - Moyu - Generic - Mid & Low Volume - Exact & Phrase,"=""342757652627825""",Moyu - Generic - Mid & Low Volume,B0BRXJ9Q4G,Cubelelo Drift 3M Plus v2 3x3 (Magnetic) Cube | New Upgraded Version Based on MoYu RS3M v5 | Dual-Adjustment System | Premium Speedcube for Kids Boys Girls Ages 4+ Year Old & Adults,B0F18TBS19,cubelelo,0300 Games & Puzzles,0307 Non-wooden Puzzles,Toy,1030700_EAN,AMAZON_IN,338,4,1.1834%,10.57,0,0.00,0,,0.0000%,0.00000,0,0.00,0,,0.0000%,0.00000,0,0.00,0,,,,,,,,,
INR,"May 01, 2026 - May 31, 2026","=""amzn1.ads-account.g.a5og6bnunpn8m911rke7gdql""",Cubelelo,279942205262904,BA - Generic - Mid & Low Volume,"=""334559235709808""",SP-KT - Generic - 3x3 - Mid & Low Volume - Exact & Phrase - UND,"=""412851408598744""",Generic - 3x3 - Mid & Low Volume,B0BRXJ9Q4G,Cubelelo Drift 3M Plus v2 3x3 (Magnetic) Cube | New Upgraded Version Based on MoYu RS3M v5 | Dual-Adjustment System | Premium Speedcube for Kids Boys Girls Ages 4+ Year Old & Adults,B0F18TBS19,cubelelo,0300 Games & Puzzles,0307 Non-wooden Puzzles,Toy,1030700_EAN,AMAZON_IN,56128,341,0.6075%,2911.24,32,19054.25,33,90.97625,0.0570%,6.54506,20,12259.01,21,145.56200,0.0356%,4.21092,12,6795.24,12,,,,,,,,,
INR,"May 01, 2026 - May 31, 2026","=""amzn1.ads-account.g.a5og6bnunpn8m911rke7gdql""",Cubelelo,279942205262904,BA - Generic - Mid & Low Volume,"=""512597066162542""",SP-KT - Magnetic - 3x3 - Mid & Low Volume - Exact & Phrase - DO,"=""357712340082511""",Magnetic - 3x3 - Mid & Low Volume,B0BRXJ9Q4G,Cubelelo Drift 3M Plus v2 3x3 (Magnetic) Cube | New Upgraded Version Based on MoYu RS3M v5 | Dual-Adjustment System | Premium Speedcube for Kids Boys Girls Ages 4+ Year Old & Adults,B0F18TBS19,cubelelo,0300 Games & Puzzles,0307 Non-wooden Puzzles,Toy,1030700_EAN,AMAZON_IN,23328,141,0.6044%,987.77,12,6272.37,13,82.31417,0.0514%,6.35003,11,6083.80,12,89.79727,0.0472%,6.15913,1,188.57,1,,,,,,,,,
INR,"May 01, 2026 - May 31, 2026","=""amzn1.ads-account.g.a5og6bnunpn8m911rke7gdql""",Cubelelo,182829498693993,BA - Competition - GAN,"=""303138629347007""",SP-KT - Comp - GAN - Generic - Mid & Low Volume - Exact & Phrase,"=""439855833331529""",Gan - Generic - Mid & Low Volume,B0BRXJ9Q4G,Cubelelo Drift 3M Plus v2 3x3 (Magnetic) Cube | New Upgraded Version Based on MoYu RS3M v5 | Dual-Adjustment System | Premium Speedcube for Kids Boys Girls Ages 4+ Year Old & Adults,B0F18TBS19,cubelelo,0300 Games & Puzzles,0307 Non-wooden Puzzles,Toy,1030700_EAN,AMAZON_IN,5596,91,1.6262%,509.59,6,2885.72,6,84.93167,0.1072%,5.66283,2,1330.47,2,254.79500,0.0357%,2.61086,4,1555.25,4,,,,,,,,,
INR,"May 01, 2026 - May 31, 2026","=""amzn1.ads-account.g.a5og6bnunpn8m911rke7gdql""",Cubelelo,162147707583156,BA - Branded - Cubelelo,"=""396531688533510""",BA - SP PT - Magnetic Cube - Brand - ST,"=""393022607656219""",Magnetic Cube_ST,B0BRXJ9Q4G,Cubelelo Drift 3M Plus v2 3x3 (Magnetic) Cube | New Upgraded Version Based on MoYu RS3M v5 | Dual-Adjustment System | Premium Speedcube for Kids Boys Girls Ages 4+ Year Old & Adults,B0F18TBS19,cubelelo,0300 Games & Puzzles,0307 Non-wooden Puzzles,Toy,1030700_EAN,AMAZON_IN,2107,0,0.0000%,0.00,0,0.00,0,,0.0000%,,0,0.00,0,,0.0000%,,0,0.00,0,,,,,,,,,
INR,"May 01, 2026 - May 30, 2026","=""amzn1.ads-account.g.a5og6bnunpn8m911rke7gdql""",Cubelelo,162147707583156,BA - Branded - Cubelelo,"=""329970929951347""",SP-KT - Branded - Cubelelo - Mid & Low Volume - Exact & Phrase - UND,"=""535729251693727""",Branded - Phrase,B0BRXJ9Q4G,Cubelelo Drift 3M Plus v2 3x3 (Magnetic) Cube | New Upgraded Version Based on MoYu RS3M v5 | Dual-Adjustment System | Premium Speedcube for Kids Boys Girls Ages 4+ Year Old & Adults,B0F18TBS19,cubelelo,0300 Games & Puzzles,0307 Non-wooden Puzzles,Toy,1030700_EAN,AMAZON_IN,91,5,5.4945%,20.05,0,0.00,0,,0.0000%,0.00000,0,0.00,0,,0.0000%,0.00000,0,0.00,0,,,,,,,,,
INR,"May 01, 2026 - May 31, 2026","=""amzn1.ads-account.g.a5og6bnunpn8m911rke7gdql""",Cubelelo,162147707583156,BA - Branded - Cubelelo,"=""329970929951347""",SP-KT - Branded - Cubelelo - Mid & Low Volume - Exact & Phrase - UND,"=""526301691836211""",Branded - 3x3 - Phrase,B0BRXJ9Q4G,Cubelelo Drift 3M Plus v2 3x3 (Magnetic) Cube | New Upgraded Version Based on MoYu RS3M v5 | Dual-Adjustment System | Premium Speedcube for Kids Boys Girls Ages 4+ Year Old & Adults,B0F18TBS19,cubelelo,0300 Games & Puzzles,0307 Non-wooden Puzzles,Toy,1030700_EAN,AMAZON_IN,10505,113,1.0757%,549.73,16,10923.77,18,34.35813,0.1523%,19.87116,15,10743.77,17,36.64867,0.1428%,19.54372,1,180.00,1,,,,,,,,,
INR,"May 01, 2026 - May 31, 2026","=""amzn1.ads-account.g.a5og6bnunpn8m911rke7gdql""",Cubelelo,162147707583156,BA - Branded - Cubelelo,"=""408832603271930""",BA_SP_KT_Brand Drift (3x3)_Phrase_09/23,"=""462288077097605""",Brand Drift (3x3),B0BRXJ9Q4G,Cubelelo Drift 3M Plus v2 3x3 (Magnetic) Cube | New Upgraded Version Based on MoYu RS3M v5 | Dual-Adjustment System | Premium Speedcube for Kids Boys Girls Ages 4+ Year Old & Adults,B0F18TBS19,cubelelo,0300 Games & Puzzles,0307 Non-wooden Puzzles,Toy,1030700_EAN,AMAZON_IN,1445,17,1.1765%,101.12,2,1330.47,2,50.56000,0.1384%,13.15734,2,1330.47,2,50.56000,0.1384%,13.15734,0,0.00,0,,,,,,,,,
INR,"May 01, 2026 - May 31, 2026","=""amzn1.ads-account.g.a5og6bnunpn8m911rke7gdql""",Cubelelo,279942205262904,BA - Generic - Mid & Low Volume,"=""369883644681767""","SP-KT - Magnetic - Open, 2x2, 4x4, 5x5 - High Volume - Exact & Phrase","=""555858234006967""",Magnetic - Open - Mid & Low Volume,B0BRXJ9Q4G,Cubelelo Drift 3M Plus v2 3x3 (Magnetic) Cube | New Upgraded Version Based on MoYu RS3M v5 | Dual-Adjustment System | Premium Speedcube for Kids Boys Girls Ages 4+ Year Old & Adults,B0F18TBS19,cubelelo,0300 Games & Puzzles,0307 Non-wooden Puzzles,Toy,1030700_EAN,AMAZON_IN,3769,17,0.4510%,88.07,0,0.00,0,,0.0000%,0.00000,0,0.00,0,,0.0000%,0.00000,0,0.00,0,,,,,,,,,
INR,"May 01, 2026 - May 31, 2026","=""amzn1.ads-account.g.a5og6bnunpn8m911rke7gdql""",Cubelelo,162147707583156,BA - Branded - Cubelelo,"=""329970929951347""",SP-KT - Branded - Cubelelo - Mid & Low Volume - Exact & Phrase - UND,"=""466745020882275""",Magnetic - 3x3,B0BRXJ9Q4G,Cubelelo Drift 3M Plus v2 3x3 (Magnetic) Cube | New Upgraded Version Based on MoYu RS3M v5 | Dual-Adjustment System | Premium Speedcube for Kids Boys Girls Ages 4+ Year Old & Adults,B0F18TBS19,cubelelo,0300 Games & Puzzles,0307 Non-wooden Puzzles,Toy,1030700_EAN,AMAZON_IN,625,4,0.6400%,23.62,1,665.71,1,23.62000,0.1600%,28.18417,1,665.71,1,23.62000,0.1600%,28.18417,0,0.00,0,,,,,,,,,
INR,"May 01, 2026 - May 31, 2026","=""amzn1.ads-account.g.a5og6bnunpn8m911rke7gdql""",Cubelelo,153505421940411,BA - Competition - Moyu,"=""535209545252680""",SP-KT - Comp - Moyu - Generic - Mid & Low Volume - Exact & Phrase,"=""544609417584184""",Phrase - Moyu - Generic - Mid & Low Volume,B0BRXJ9Q4G,Cubelelo Drift 3M Plus v2 3x3 (Magnetic) Cube | New Upgraded Version Based on MoYu RS3M v5 | Dual-Adjustment System | Premium Speedcube for Kids Boys Girls Ages 4+ Year Old & Adults,B0F18TBS19,cubelelo,0300 Games & Puzzles,0307 Non-wooden Puzzles,Toy,1030700_EAN,AMAZON_IN,5312,49,0.9224%,187.68,0,0.00,0,,0.0000%,0.00000,0,0.00,0,,0.0000%,0.00000,0,0.00,0,,,,,,,,,
INR,"May 01, 2026 - May 31, 2026","=""amzn1.ads-account.g.a5og6bnunpn8m911rke7gdql""",Cubelelo,279942205262904,BA - Generic - Mid & Low Volume,"=""405383753413943""","SP-KT - Lube Combo, Magic, Pyraminx, Skewb, Stand, Timer, Gear - Open - Mid & Low Volume - Exact & Phrase","=""529078608813302""",Stand - Mid & Low Volume - Exact & Phrase,B0DJ5CMDY1,Cubelelo Drift 3x3 Stickerless Speed Cube with Cube Lubricant and Stand Combo | High-Performance | Smooth Turning & Durable | Ideal for Beginners & Pros | Suitable for Kids & Adults,B0DJ5FTR8Z,cubelelo,0300 Games & Puzzles,0330 Brainteasers,Toy,1460594,AMAZON_IN,179,5,2.7933%,16.39,1,284.76,1,16.39000,0.5587%,17.37401,1,284.76,1,16.39000,0.5587%,17.37401,0,0.00,0,,,,,,,,,
INR,"May 01, 2026 - May 07, 2026","=""amzn1.ads-account.g.a5og6bnunpn8m911rke7gdql""",Cubelelo,108066094626813,BA - Generic - Extremely High Volume,"=""530532259196935""","SP-KT - Megaminx, Pyramid, Timer & Gear - Open - High Volume - Exact","=""321431385380150""",Pyramid - High Volume,B0CVL6X9KS,Cubelelo Drift Pyraminx and Cube Lube Combo | Pyramid Triangle Speedcube & Premium Lubricant Set,-1,cubelelo,0300 Games & Puzzles,0307 Non-wooden Puzzles,Toy,1460544,AMAZON_IN,851,7,0.8226%,71.07,0,0.00,0,,0.0000%,0.00000,0,0.00,0,,0.0000%,0.00000,0,0.00,0,,,,,,,,,
INR,"May 01, 2026 - May 31, 2026","=""amzn1.ads-account.g.a5og6bnunpn8m911rke7gdql""",Cubelelo,279942205262904,BA - Generic - Mid & Low Volume,"=""315451570129574""","SP-KT - Maglev, Mastermorphix, Puppet, Snake, Square1, Megaminx - Open - Mid & Low Volume - Exact & Phrase - UND","=""355780307112522""",Snake - Mid & Low Volume - Exact & Phrase,B0BV247KZ6,Cubelelo Magic Snake Rainbow Puzzle Cube (24 Wedges) | Twist and Turn Shape Creation Fun Game for Kids Boys Girls and Adults | Multicolor Brain Teaser Stress Buster Toy | for Ages 3 Years and Above,B0CT8VHGGD,cubelelo,0300 Games & Puzzles,0307 Non-wooden Puzzles,Toy,1310035_EAN,AMAZON_IN,11213,293,2.6130%,1473.79,60,26592.23,89,24.56317,0.5351%,18.04343,48,20185.59,69,30.70396,0.4281%,13.69638,12,6406.64,20,,,,,,,,,
INR,"May 01, 2026 - May 31, 2026","=""amzn1.ads-account.g.a5og6bnunpn8m911rke7gdql""",Cubelelo,279942205262904,BA - Generic - Mid & Low Volume,"=""405383753413943""","SP-KT - Lube Combo, Magic, Pyraminx, Skewb, Stand, Timer, Gear - Open - Mid & Low Volume - Exact & Phrase","=""372803868727165""",Skewb - Mid & Low Volume - Exact & Phrase,B09K7QWDT5,Cubelelo Drift Skewb Stickerless Speedcube Puzzle for Kids & Adults | Fast & Smooth Stress Buster | Brain-Boosting Challenge for Kids and Adults (Multicolour),B08BTYH1QF,cubelelo,0300 Games & Puzzles,0307 Non-wooden Puzzles,Toy,1130100,AMAZON_IN,15093,309,2.0473%,2266.22,75,35063.83,78,30.21627,0.4969%,15.47239,52,27122.88,55,43.58115,0.3445%,11.96834,23,7940.95,23,,,,,,,,,
INR,"May 01, 2026 - May 31, 2026","=""amzn1.ads-account.g.a5og6bnunpn8m911rke7gdql""",Cubelelo,279942205262904,BA - Generic - Mid & Low Volume,"=""315451570129574""","SP-KT - Maglev, Mastermorphix, Puppet, Snake, Square1, Megaminx - Open - Mid & Low Volume - Exact & Phrase - UND","=""391120880267490""",Unique - Mid & Low Volume - Exact & Phrase,B09K7QWDT5,Cubelelo Drift Skewb Stickerless Speedcube Puzzle for Kids & Adults | Fast & Smooth Stress Buster | Brain-Boosting Challenge for Kids and Adults (Multicolour),B08BTYH1QF,cubelelo,0300 Games & Puzzles,0307 Non-wooden Puzzles,Toy,1130100,AMAZON_IN,5149,42,0.8157%,304.13,3,1101.91,3,101.37667,0.0583%,3.62316,2,883.81,2,152.06500,0.0388%,2.90603,1,218.10,1,,,,,,,,,
INR,"May 01, 2026 - May 31, 2026","=""amzn1.ads-account.g.a5og6bnunpn8m911rke7gdql""",Cubelelo,279942205262904,BA - Generic - Mid & Low Volume,"=""315451570129574""","SP-KT - Maglev, Mastermorphix, Puppet, Snake, Square1, Megaminx - Open - Mid & Low Volume - Exact & Phrase - UND","=""341230793876965""",Mastermorphix - Mid & Low Volume - Exact & Phrase,B09K7QWDT5,Cubelelo Drift Skewb Stickerless Speedcube Puzzle for Kids & Adults | Fast & Smooth Stress Buster | Brain-Boosting Challenge for Kids and Adults (Multicolour),B08BTYH1QF,cubelelo,0300 Games & Puzzles,0307 Non-wooden Puzzles,Toy,1130100,AMAZON_IN,997,2,0.2006%,25.30,0,0.00,0,,0.0000%,0.00000,0,0.00,0,,0.0000%,0.00000,0,0.00,0,,,,,,,,,
INR,"May 01, 2026 - May 31, 2026","=""amzn1.ads-account.g.a5og6bnunpn8m911rke7gdql""",Cubelelo,279942205262904,BA - Generic - Mid & Low Volume,"=""405383753413943""","SP-KT - Lube Combo, Magic, Pyraminx, Skewb, Stand, Timer, Gear - Open - Mid & Low Volume - Exact & Phrase","=""350064977792250""",Timer - Mid & Low Volume - Exact & Phrase,B09HH8MCK4,Cubelelo Drift Cube Timer for Speed Cube,B0CXYCGG46,cubelelo,0300 Games & Puzzles,0307 Non-wooden Puzzles,Toy,1380100,AMAZON_IN,11555,199,1.7222%,1147.26,12,10424.76,12,95.60500,0.1039%,9.08666,7,7659.05,7,163.89429,0.0606%,6.67595,5,2765.71,5,,,,,,,,,
INR,"May 01, 2026 - May 31, 2026","=""amzn1.ads-account.g.a5og6bnunpn8m911rke7gdql""",Cubelelo,162147707583156,BA - Branded - Cubelelo,"=""343328245514155""",BA - SP PT - Cube Timer - Brand - ST,"=""544745524853066""",Cube timer_ST,B09HH8MCK4,Cubelelo Drift Cube Timer for Speed Cube,B0CXYCGG46,cubelelo,0300 Games & Puzzles,0307 Non-wooden Puzzles,Toy,1380100,AMAZON_IN,6978,353,5.0588%,2407.86,39,36648.51,40,61.74000,0.5589%,15.22037,21,27211.38,22,114.66000,0.3009%,11.30106,18,9437.13,18,,,,,,,,,
INR,"May 15, 2026 - May 31, 2026","=""amzn1.ads-account.g.a5og6bnunpn8m911rke7gdql""",Cubelelo,108066094626813,BA - Generic - Extremely High Volume,"=""530532259196935""","SP-KT - Megaminx, Pyramid, Timer & Gear - Open - High Volume - Exact","=""515308926056437""",Timer - High Volume SKAG,B09HH8MCK4,Cubelelo Drift Cube Timer for Speed Cube,B0CXYCGG46,cubelelo,0300 Games & Puzzles,0307 Non-wooden Puzzles,Toy,1380100,AMAZON_IN,5,0,0.0000%,0.00,0,0.00,0,,0.0000%,,0,0.00,0,,0.0000%,,0,0.00,0,,,,,,,,,
INR,"May 08, 2026 - May 25, 2026","=""amzn1.ads-account.g.a5og6bnunpn8m911rke7gdql""",Cubelelo,162147707583156,BA - Branded - Cubelelo,"=""329970929951347""",SP-KT - Branded - Cubelelo - Mid & Low Volume - Exact & Phrase - UND,"=""463035025528262""",Timer,B09HH8MCK4,Cubelelo Drift Cube Timer for Speed Cube,B0CXYCGG46,cubelelo,0300 Games & Puzzles,0307 Non-wooden Puzzles,Toy,1380100,AMAZON_IN,6,2,33.3333%,5.72,0,0.00,0,,0.0000%,0.00000,0,0.00,0,,0.0000%,0.00000,0,0.00,0,,,,,,,,,
INR,"May 13, 2026 - May 23, 2026","=""amzn1.ads-account.g.a5og6bnunpn8m911rke7gdql""",Cubelelo,182829498693993,BA - Competition - GAN,"=""548052105782309""",SP-KT - Comp - GAN - 3x3 - High Volume - Exact,"=""489910891681991""",Gan - 3x3 - High Volume,B0DQQ314PV,Cubelelo GAN 356 ME (v2-Frosted) 3x3 Magnetic Speed Cube | New Version | Premium Smooth Turning Puzzle for Speedcubing | Fast & Stable Competition-Ready Cube for Beginners & Professionals,B0DX26WL82,cubelelo,0300 Games & Puzzles,0307 Non-wooden Puzzles,Toy,1030538,AMAZON_IN,9,0,0.0000%,0.00,0,0.00,0,,0.0000%,,0,0.00,0,,0.0000%,,0,0.00,0,,,,,,,,,
INR,"May 04, 2026 - May 27, 2026","=""amzn1.ads-account.g.a5og6bnunpn8m911rke7gdql""",Cubelelo,182829498693993,BA - Competition - GAN,"=""303138629347007""",SP-KT - Comp - GAN - Generic - Mid & Low Volume - Exact & Phrase,"=""432248665340700""",Phrase - Gan - Generic - Mid & Low Volume,B0DQQ314PV,Cubelelo GAN 356 ME (v2-Frosted) 3x3 Magnetic Speed Cube | New Version | Premium Smooth Turning Puzzle for Speedcubing | Fast & Stable Competition-Ready Cube for Beginners & Professionals,B0DX26WL82,cubelelo,0300 Games & Puzzles,0307 Non-wooden Puzzles,Toy,1030538,AMAZON_IN,8,0,0.0000%,0.00,0,0.00,0,,0.0000%,,0,0.00,0,,0.0000%,,0,0.00,0,,,,,,,,,
INR,"May 17, 2026 - May 30, 2026","=""amzn1.ads-account.g.a5og6bnunpn8m911rke7gdql""",Cubelelo,182829498693993,BA - Competition - GAN,"=""303138629347007""",SP-KT - Comp - GAN - Generic - Mid & Low Volume - Exact & Phrase,"=""439855833331529""",Gan - Generic - Mid & Low Volume,B0DQQ314PV,Cubelelo GAN 356 ME (v2-Frosted) 3x3 Magnetic Speed Cube | New Version | Premium Smooth Turning Puzzle for Speedcubing | Fast & Stable Competition-Ready Cube for Beginners & Professionals,B0DX26WL82,cubelelo,0300 Games & Puzzles,0307 Non-wooden Puzzles,Toy,1030538,AMAZON_IN,2,0,0.0000%,0.00,0,0.00,0,,0.0000%,,0,0.00,0,,0.0000%,,0,0.00,0,,,,,,,,,
INR,"May 08, 2026 - May 12, 2026","=""amzn1.ads-account.g.a5og6bnunpn8m911rke7gdql""",Cubelelo,162147707583156,BA - Branded - Cubelelo,"=""329970929951347""",SP-KT - Branded - Cubelelo - Mid & Low Volume - Exact & Phrase - UND,"=""463035025528262""",Timer,B0D9M7YY95,Cubelelo Drift Timer and AstroCuber Mat Combo | Precision Speed Cubing Timer & Premium Non-Slip Mat | Enhance Your Cubing Performance | Ideal for All Ages & Skill Levels,-1,cubelelo,0300 Games & Puzzles,0301 Family Board / Action,Toy,CLB0238,AMAZON_IN,7,0,0.0000%,0.00,0,0.00,0,,0.0000%,,0,0.00,0,,0.0000%,,0,0.00,0,,,,,,,,,
INR,"May 13, 2026 - May 29, 2026","=""amzn1.ads-account.g.a5og6bnunpn8m911rke7gdql""",Cubelelo,108066094626813,BA - Generic - Extremely High Volume,"=""530532259196935""","SP-KT - Megaminx, Pyramid, Timer & Gear - Open - High Volume - Exact","=""515308926056437""",Timer - High Volume SKAG,B0D9M7YY95,Cubelelo Drift Timer and AstroCuber Mat Combo | Precision Speed Cubing Timer & Premium Non-Slip Mat | Enhance Your Cubing Performance | Ideal for All Ages & Skill Levels,-1,cubelelo,0300 Games & Puzzles,0301 Family Board / Action,Toy,CLB0238,AMAZON_IN,12,0,0.0000%,0.00,0,0.00,0,,0.0000%,,0,0.00,0,,0.0000%,,0,0.00,0,,,,,,,,,
INR,"May 01, 2026 - May 31, 2026","=""amzn1.ads-account.g.a5og6bnunpn8m911rke7gdql""",Cubelelo,162147707583156,BA - Branded - Cubelelo,"=""343328245514155""",BA - SP PT - Cube Timer - Brand - ST,"=""544745524853066""",Cube timer_ST,B0D9M7YY95,Cubelelo Drift Timer and AstroCuber Mat Combo | Precision Speed Cubing Timer & Premium Non-Slip Mat | Enhance Your Cubing Performance | Ideal for All Ages & Skill Levels,-1,cubelelo,0300 Games & Puzzles,0301 Family Board / Action,Toy,CLB0238,AMAZON_IN,5412,80,1.4782%,598.65,3,3130.48,3,199.55000,0.0554%,5.22923,2,2950.48,2,299.32500,0.0370%,4.92856,1,180.00,1,,,,,,,,,
INR,"May 01, 2026 - May 31, 2026","=""amzn1.ads-account.g.a5og6bnunpn8m911rke7gdql""",Cubelelo,279942205262904,BA - Generic - Mid & Low Volume,"=""405383753413943""","SP-KT - Lube Combo, Magic, Pyraminx, Skewb, Stand, Timer, Gear - Open - Mid & Low Volume - Exact & Phrase","=""350064977792250""",Timer - Mid & Low Volume - Exact & Phrase,B0D9M7YY95,Cubelelo Drift Timer and AstroCuber Mat Combo | Precision Speed Cubing Timer & Premium Non-Slip Mat | Enhance Your Cubing Performance | Ideal for All Ages & Skill Levels,-1,cubelelo,0300 Games & Puzzles,0301 Family Board / Action,Toy,CLB0238,AMAZON_IN,8594,74,0.8611%,571.49,7,4880.00,7,81.64143,0.0815%,8.53908,4,4234.29,4,142.87250,0.0465%,7.40921,3,645.71,3,,,,,,,,,
INR,"May 01, 2026 - May 31, 2026","=""amzn1.ads-account.g.a5og6bnunpn8m911rke7gdql""",Cubelelo,106276615587889,BA - Wooden Toys,"=""556800165272450""",SP-PT - Wooden - Comp - Puzzle Co - Calendar Puzzle - Exact,"=""334412694312199""",Calendar Puzzle,B0CZHHW1PG,Cubelelo Drift Honeycomb Weekday Calendar Puzzle | A-Puzzle-A-Day | Premium Wooden Challenging Hexagon Shape Tetris Tangram Brain Storming Toy for Kids & Adults | Ideal Gift for Ages 3 and Above,-1,cubelelo,0300 Games & Puzzles,0306 Wooden Puzzles,Toy,4001045,AMAZON_IN,467,6,1.2848%,33.87,0,0.00,0,,0.0000%,0.00000,0,0.00,0,,0.0000%,0.00000,0,0.00,0,,,,,,,,,
INR,"May 01, 2026 - May 05, 2026","=""amzn1.ads-account.g.a5og6bnunpn8m911rke7gdql""",Cubelelo,279942205262904,BA - Generic - Mid & Low Volume,"=""369883644681767""","SP-KT - Magnetic - Open, 2x2, 4x4, 5x5 - High Volume - Exact & Phrase","=""549377709953283""",Phrase - Magnetic - 5x5 - Mid & Low Volume,B0CGNS9F16,"Cubelelo Drift 3x3, 4x4 & 5x5 Stickerless Gift Box | 3-in-1 Puzzle Game Set | Triple the Challenge, Thrice the Fun | Ultimate Value Saver Combo | Brainstoming Toy for Children Kids & Adults",-1,cubelelo,0300 Games & Puzzles,0307 Non-wooden Puzzles,Toy,1460516,AMAZON_IN,2,0,0.0000%,0.00,0,0.00,0,,0.0000%,,0,0.00,0,,0.0000%,,0,0.00,0,,,,,,,,,
INR,"May 01, 2026 - May 31, 2026","=""amzn1.ads-account.g.a5og6bnunpn8m911rke7gdql""",Cubelelo,279942205262904,BA - Generic - Mid & Low Volume,"=""332675778194131""",SP-KT - Generic - 4x4 - Mid & Low Volume - Exact & Phrase - DO,"=""318693646880033""",Phrase - Generic - 4x4 - Mid & Low Volume,B0CGNS9F16,"Cubelelo Drift 3x3, 4x4 & 5x5 Stickerless Gift Box | 3-in-1 Puzzle Game Set | Triple the Challenge, Thrice the Fun | Ultimate Value Saver Combo | Brainstoming Toy for Children Kids & Adults",-1,cubelelo,0300 Games & Puzzles,0307 Non-wooden Puzzles,Toy,1460516,AMAZON_IN,35265,107,0.3034%,1231.24,14,9319.05,14,87.94571,0.0397%,7.56883,9,5038.09,9,136.80444,0.0255%,4.09188,5,4280.96,5,,,,,,,,,
INR,"May 03, 2026 - May 31, 2026","=""amzn1.ads-account.g.a5og6bnunpn8m911rke7gdql""",Cubelelo,279942205262904,BA - Generic - Mid & Low Volume,"=""316273786051120""",SD-CT - 3D Puzzle & Brain Teasers - Comp - Open - Broad - Old,"=""302660200409918""",Category Targeting,B0CGNS9F16,"Cubelelo Drift 3x3, 4x4 & 5x5 Stickerless Gift Box | 3-in-1 Puzzle Game Set | Triple the Challenge, Thrice the Fun | Ultimate Value Saver Combo | Brainstoming Toy for Children Kids & Adults",-1,cubelelo,0300 Games & Puzzles,0307 Non-wooden Puzzles,Toy,1460516,AMAZON_IN,50,0,0.0000%,0.00,0,0.00,0,,0.0000%,,0,0.00,0,,0.0000%,,0,0.00,0,0,0.00,0,,0.0000%,,0,,0.0000%
INR,"May 07, 2026 - May 21, 2026","=""amzn1.ads-account.g.a5og6bnunpn8m911rke7gdql""",Cubelelo,279942205262904,BA - Generic - Mid & Low Volume,"=""369883644681767""","SP-KT - Magnetic - Open, 2x2, 4x4, 5x5 - High Volume - Exact & Phrase","=""311152673530412""",Magnetic - 5x5 - Mid & Low Volume,B0CGNS9F16,"Cubelelo Drift 3x3, 4x4 & 5x5 Stickerless Gift Box | 3-in-1 Puzzle Game Set | Triple the Challenge, Thrice the Fun | Ultimate Value Saver Combo | Brainstoming Toy for Children Kids & Adults",-1,cubelelo,0300 Games & Puzzles,0307 Non-wooden Puzzles,Toy,1460516,AMAZON_IN,5,0,0.0000%,0.00,0,0.00,0,,0.0000%,,0,0.00,0,,0.0000%,,0,0.00,0,,,,,,,,,
INR,"May 02, 2026 - May 05, 2026","=""amzn1.ads-account.g.a5og6bnunpn8m911rke7gdql""",Cubelelo,279942205262904,BA - Generic - Mid & Low Volume,"=""369883644681767""","SP-KT - Magnetic - Open, 2x2, 4x4, 5x5 - High Volume - Exact & Phrase","=""398733777024064""",Phrase - Magnetic - 4x4 - Mid & Low Volume,B0CGNS9F16,"Cubelelo Drift 3x3, 4x4 & 5x5 Stickerless Gift Box | 3-in-1 Puzzle Game Set | Triple the Challenge, Thrice the Fun | Ultimate Value Saver Combo | Brainstoming Toy for Children Kids & Adults",-1,cubelelo,0300 Games & Puzzles,0307 Non-wooden Puzzles,Toy,1460516,AMAZON_IN,5,0,0.0000%,0.00,0,0.00,0,,0.0000%,,0,0.00,0,,0.0000%,,0,0.00,0,,,,,,,,,
INR,"May 01, 2026 - May 30, 2026","=""amzn1.ads-account.g.a5og6bnunpn8m911rke7gdql""",Cubelelo,279942205262904,BA - Generic - Mid & Low Volume,"=""369883644681767""","SP-KT - Magnetic - Open, 2x2, 4x4, 5x5 - High Volume - Exact & Phrase","=""425372408989294""",Magnetic - 4x4 - Mid & Low Volume,B0CGNS9F16,"Cubelelo Drift 3x3, 4x4 & 5x5 Stickerless Gift Box | 3-in-1 Puzzle Game Set | Triple the Challenge, Thrice the Fun | Ultimate Value Saver Combo | Brainstoming Toy for Children Kids & Adults",-1,cubelelo,0300 Games & Puzzles,0307 Non-wooden Puzzles,Toy,1460516,AMAZON_IN,25,0,0.0000%,0.00,0,0.00,0,,0.0000%,,0,0.00,0,,0.0000%,,0,0.00,0,,,,,,,,,
INR,"May 01, 2026 - May 31, 2026","=""amzn1.ads-account.g.a5og6bnunpn8m911rke7gdql""",Cubelelo,106276615587889,BA - Wooden Toys,"=""333332405788753""",SP - Non Cube - Infinity cube - Generic - Phrase & Exact,"=""556873628191239""",Infinity cube,B09QMNCWYG,Cubelelo Drift Infinity Cube (Green) | Magic Puzzle Cool Mini Gadget for Stress and Anxiety Relief for Kids and Adults | Desk Finger Flip Toy for Fun and Game | for Ages 3 Years and Above,B0CWH1ZVTQ,cubelelo,0300 Games & Puzzles,0307 Non-wooden Puzzles,Toy,1630201,AMAZON_IN,18361,209,1.1383%,1354.59,31,9679.03,32,43.69645,0.1688%,7.14536,30,8673.31,30,45.15300,0.1634%,6.40290,1,1005.72,2,,,,,,,,,
INR,"May 01, 2026 - May 31, 2026","=""amzn1.ads-account.g.a5og6bnunpn8m911rke7gdql""",Cubelelo,242135938115990,BA - Competition - Cubes,"=""531300400003008""","SP-CT - Infinity Cuber - Dice Fidget Toys, Infinity Cubes & 3-D Puzzles","=""402525019912413""",Infinity Cube,B09QMNCWYG,Cubelelo Drift Infinity Cube (Green) | Magic Puzzle Cool Mini Gadget for Stress and Anxiety Relief for Kids and Adults | Desk Finger Flip Toy for Fun and Game | for Ages 3 Years and Above,B0CWH1ZVTQ,cubelelo,0300 Games & Puzzles,0307 Non-wooden Puzzles,Toy,1630201,AMAZON_IN,26555,191,0.7193%,540.65,7,2037.14,7,77.23571,0.0264%,3.76795,7,2037.14,7,77.23571,0.0264%,3.76795,0,0.00,0,,,,,,,,,
INR,"May 01, 2026 - May 31, 2026","=""amzn1.ads-account.g.a5og6bnunpn8m911rke7gdql""",Cubelelo,192177104268571,Old - Non Cube,"=""358488783032231""",SP-Auto - Infinity Cubes,"=""433356583073128""",Infinity Cube,B09QMNCWYG,Cubelelo Drift Infinity Cube (Green) | Magic Puzzle Cool Mini Gadget for Stress and Anxiety Relief for Kids and Adults | Desk Finger Flip Toy for Fun and Game | for Ages 3 Years and Above,B0CWH1ZVTQ,cubelelo,0300 Games & Puzzles,0307 Non-wooden Puzzles,Toy,1630201,AMAZON_IN,439933,2302,0.5233%,5261.61,60,18443.77,61,87.69350,0.0136%,3.50535,50,14694.24,51,105.23220,0.0114%,2.79273,10,3749.53,10,,,,,,,,,
INR,"May 01, 2026 - May 31, 2026","=""amzn1.ads-account.g.a5og6bnunpn8m911rke7gdql""",Cubelelo,279942205262904,BA - Generic - Mid & Low Volume,"=""560766968003680""","SP-KT - Mirror, Infinity & Combo - Open - Mid & Low Volume - Exact & Phrase - UND","=""432237711542454""",Phrase - Infinity - Mid & Low Volume,B09QMNCWYG,Cubelelo Drift Infinity Cube (Green) | Magic Puzzle Cool Mini Gadget for Stress and Anxiety Relief for Kids and Adults | Desk Finger Flip Toy for Fun and Game | for Ages 3 Years and Above,B0CWH1ZVTQ,cubelelo,0300 Games & Puzzles,0307 Non-wooden Puzzles,Toy,1630201,AMAZON_IN,28576,185,0.6474%,1279.49,23,6844.75,24,55.63000,0.0805%,5.34959,23,6844.75,24,55.63000,0.0805%,5.34959,0,0.00,0,,,,,,,,,
INR,"May 01, 2026 - May 31, 2026","=""amzn1.ads-account.g.a5og6bnunpn8m911rke7gdql""",Cubelelo,279942205262904,BA - Generic - Mid & Low Volume,"=""315451570129574""","SP-KT - Maglev, Mastermorphix, Puppet, Snake, Square1, Megaminx - Open - Mid & Low Volume - Exact & Phrase - UND","=""455806518818545""",Metallic - Mid & Low Volume - Exact & Phrase,B08LBGYZ51,Cubelelo Drift 3x3 Mirror (Silver) Magic Speed Cube | Shape Shifter Speedcube with Durable Stickers | Advanced 3x3x3 Puzzle Toy for Kids Ages 7-14 Boys Girls & Adults | Collector's Item,B0CT5FRFLD,cubelelo,0300 Games & Puzzles,0307 Non-wooden Puzzles,Toy,1120100,AMAZON_IN,1777,27,1.5194%,123.28,3,654.29,3,41.09333,0.1688%,5.30735,0,0.00,0,,0.0000%,0.00000,3,654.29,3,,,,,,,,,
INR,"May 01, 2026 - May 31, 2026","=""amzn1.ads-account.g.a5og6bnunpn8m911rke7gdql""",Cubelelo,162147707583156,BA - Branded - Cubelelo,"=""329970929951347""",SP-KT - Branded - Cubelelo - Mid & Low Volume - Exact & Phrase - UND,"=""360220929148821""",Mirror,B08LBGYZ51,Cubelelo Drift 3x3 Mirror (Silver) Magic Speed Cube | Shape Shifter Speedcube with Durable Stickers | Advanced 3x3x3 Puzzle Toy for Kids Ages 7-14 Boys Girls & Adults | Collector's Item,B0CT5FRFLD,cubelelo,0300 Games & Puzzles,0307 Non-wooden Puzzles,Toy,1120100,AMAZON_IN,1604,51,3.1796%,152.22,11,3506.67,11,13.83818,0.6858%,23.03686,6,1867.62,6,25.37000,0.3741%,12.26922,5,1639.05,5,,,,,,,,,
INR,"May 01, 2026 - May 31, 2026","=""amzn1.ads-account.g.a5og6bnunpn8m911rke7gdql""",Cubelelo,108066094626813,BA - Generic - Extremely High Volume,"=""345506724788622""","SP-KT - Mirror, Infinity & Combo - Open - High Volume - Exact","=""427492065631626""",Mirror - High Volume,B08LBGYZ51,Cubelelo Drift 3x3 Mirror (Silver) Magic Speed Cube | Shape Shifter Speedcube with Durable Stickers | Advanced 3x3x3 Puzzle Toy for Kids Ages 7-14 Boys Girls & Adults | Collector's Item,B0CT5FRFLD,cubelelo,0300 Games & Puzzles,0307 Non-wooden Puzzles,Toy,1120100,AMAZON_IN,95722,1584,1.6548%,6974.65,275,85844.65,276,25.36236,0.2873%,12.30809,206,58630.34,207,33.85752,0.2152%,8.40621,69,27214.31,69,,,,,,,,,
INR,"May 01, 2026 - May 31, 2026","=""amzn1.ads-account.g.a5og6bnunpn8m911rke7gdql""",Cubelelo,279942205262904,BA - Generic - Mid & Low Volume,"=""560766968003680""","SP-KT - Mirror, Infinity & Combo - Open - Mid & Low Volume - Exact & Phrase - UND","=""389003175272486""",Mirror - Mid & Low Volume,B08LBGYZ51,Cubelelo Drift 3x3 Mirror (Silver) Magic Speed Cube | Shape Shifter Speedcube with Durable Stickers | Advanced 3x3x3 Puzzle Toy for Kids Ages 7-14 Boys Girls & Adults | Collector's Item,B0CT5FRFLD,cubelelo,0300 Games & Puzzles,0307 Non-wooden Puzzles,Toy,1120100,AMAZON_IN,6558,212,3.2327%,995.66,32,9342.84,32,31.11438,0.4880%,9.38357,23,6538.07,23,43.28957,0.3507%,6.56657,9,2804.77,9,,,,,,,,,
INR,"May 01, 2026 - May 31, 2026","=""amzn1.ads-account.g.a5og6bnunpn8m911rke7gdql""",Cubelelo,279942205262904,BA - Generic - Mid & Low Volume,"=""560766968003680""","SP-KT - Mirror, Infinity & Combo - Open - Mid & Low Volume - Exact & Phrase - UND","=""525770774800313""",Phrase - Mirror - Mid & Low Volume,B08LBGYZ51,Cubelelo Drift 3x3 Mirror (Silver) Magic Speed Cube | Shape Shifter Speedcube with Durable Stickers | Advanced 3x3x3 Puzzle Toy for Kids Ages 7-14 Boys Girls & Adults | Collector's Item,B0CT5FRFLD,cubelelo,0300 Games & Puzzles,0307 Non-wooden Puzzles,Toy,1120100,AMAZON_IN,25807,574,2.2242%,3165.24,98,33987.58,114,32.29837,0.3797%,10.73776,65,22632.33,76,48.69600,0.2519%,7.15027,33,11355.25,38,,,,,,,,,
INR,"May 01, 2026 - May 31, 2026","=""amzn1.ads-account.g.a5og6bnunpn8m911rke7gdql""",Cubelelo,279942205262904,BA - Generic - Mid & Low Volume,"=""405383753413943""","SP-KT - Lube Combo, Magic, Pyraminx, Skewb, Stand, Timer, Gear - Open - Mid & Low Volume - Exact & Phrase","=""291482927814540""",Pyraminx - Mid & Low Volume - Exact & Phrase,B0BYVHGR5H,"Cubelelo Drift 2x2, 3x3 & Pyraminx Cube Combo (Stickerless) | Ideal for Kids Above 3 4 5 6 Years Old Boys Girls | 3 in 1 Speedcube Gift Set | High Speed Puzzle 3x3x3 2x2x2 Pyramid Triangle",B0D6G24GVB,cubelelo,0300 Games & Puzzles,0307 Non-wooden Puzzles,Toy,1460553,AMAZON_IN,7700,67,0.8701%,729.41,4,1833.34,4,182.35250,0.0519%,2.51346,3,1425.72,3,243.13667,0.0390%,1.95462,1,407.62,1,,,,,,,,,
INR,"May 01, 2026 - May 31, 2026","=""amzn1.ads-account.g.a5og6bnunpn8m911rke7gdql""",Cubelelo,162147707583156,BA - Branded - Cubelelo,"=""329970929951347""",SP-KT - Branded - Cubelelo - Mid & Low Volume - Exact & Phrase - UND,"=""298700263606024""",Branded,B0BYVHGR5H,"Cubelelo Drift 2x2, 3x3 & Pyraminx Cube Combo (Stickerless) | Ideal for Kids Above 3 4 5 6 Years Old Boys Girls | 3 in 1 Speedcube Gift Set | High Speed Puzzle 3x3x3 2x2x2 Pyramid Triangle",B0D6G24GVB,cubelelo,0300 Games & Puzzles,0307 Non-wooden Puzzles,Toy,1460553,AMAZON_IN,10767,28,0.2601%,217.93,2,901.91,2,108.96500,0.0186%,4.13853,2,901.91,2,108.96500,0.0186%,4.13853,0,0.00,0,,,,,,,,,
INR,"May 01, 2026 - May 31, 2026","=""amzn1.ads-account.g.a5og6bnunpn8m911rke7gdql""",Cubelelo,162147707583156,BA - Branded - Cubelelo,"=""329970929951347""",SP-KT - Branded - Cubelelo - Mid & Low Volume - Exact & Phrase - UND,"=""479460967599506""",Branded - 3x3,B0BYVHGR5H,"Cubelelo Drift 2x2, 3x3 & Pyraminx Cube Combo (Stickerless) | Ideal for Kids Above 3 4 5 6 Years Old Boys Girls | 3 in 1 Speedcube Gift Set | High Speed Puzzle 3x3x3 2x2x2 Pyramid Triangle",B0D6G24GVB,cubelelo,0300 Games & Puzzles,0307 Non-wooden Puzzles,Toy,1460553,AMAZON_IN,5369,18,0.3353%,167.56,2,950.48,2,83.78000,0.0373%,5.67248,2,950.48,2,83.78000,0.0373%,5.67248,0,0.00,0,,,,,,,,,
INR,"May 01, 2026 - May 31, 2026","=""amzn1.ads-account.g.a5og6bnunpn8m911rke7gdql""",Cubelelo,108066094626813,BA - Generic - Extremely High Volume,"=""484046863276712""",SP-KT - Generic - Open - 'Rubik's Cube' - SKAG - High Volume - Exact,"=""514344038519157""",Generic - Open Searches - High Volume SKAG,B0BYVHGR5H,"Cubelelo Drift 2x2, 3x3 & Pyraminx Cube Combo (Stickerless) | Ideal for Kids Above 3 4 5 6 Years Old Boys Girls | 3 in 1 Speedcube Gift Set | High Speed Puzzle 3x3x3 2x2x2 Pyramid Triangle",B0D6G24GVB,cubelelo,0300 Games & Puzzles,0307 Non-wooden Puzzles,Toy,1460553,AMAZON_IN,50802,683,1.3444%,8457.22,139,59348.74,143,60.84331,0.2736%,7.01752,110,52416.38,113,76.88382,0.2165%,6.19783,29,6932.36,30,,,,,,,,,
INR,"May 01, 2026 - May 31, 2026","=""amzn1.ads-account.g.a5og6bnunpn8m911rke7gdql""",Cubelelo,279942205262904,BA - Generic - Mid & Low Volume,"=""560766968003680""","SP-KT - Mirror, Infinity & Combo - Open - Mid & Low Volume - Exact & Phrase - UND","=""531829023860059""",Phrase - Combo - Mid & Low Volume,B0BYVHGR5H,"Cubelelo Drift 2x2, 3x3 & Pyraminx Cube Combo (Stickerless) | Ideal for Kids Above 3 4 5 6 Years Old Boys Girls | 3 in 1 Speedcube Gift Set | High Speed Puzzle 3x3x3 2x2x2 Pyramid Triangle",B0D6G24GVB,cubelelo,0300 Games & Puzzles,0307 Non-wooden Puzzles,Toy,1460553,AMAZON_IN,8005,64,0.7995%,677.01,12,5615.25,12,56.41750,0.1499%,8.29419,10,4332.39,10,67.70100,0.1249%,6.39930,2,1282.86,2,,,,,,,,,
INR,"May 11, 2026 - May 11, 2026","=""amzn1.ads-account.g.a5og6bnunpn8m911rke7gdql""",Cubelelo,162147707583156,BA - Branded - Cubelelo,"=""433317578586761""",SP-KT - Branded - Cubelelo - High Volume - Exact,"=""374742854439176""",Branded 3x3 - SKAG,B0BYVHGR5H,"Cubelelo Drift 2x2, 3x3 & Pyraminx Cube Combo (Stickerless) | Ideal for Kids Above 3 4 5 6 Years Old Boys Girls | 3 in 1 Speedcube Gift Set | High Speed Puzzle 3x3x3 2x2x2 Pyramid Triangle",B0D6G24GVB,cubelelo,0300 Games & Puzzles,0307 Non-wooden Puzzles,Toy,1460553,AMAZON_IN,1,0,0.0000%,0.00,0,0.00,0,,0.0000%,,0,0.00,0,,0.0000%,,0,0.00,0,,,,,,,,,
INR,"May 01, 2026 - May 31, 2026","=""amzn1.ads-account.g.a5og6bnunpn8m911rke7gdql""",Cubelelo,279942205262904,BA - Generic - Mid & Low Volume,"=""334559235709808""",SP-KT - Generic - 3x3 - Mid & Low Volume - Exact & Phrase - UND,"=""363319492631962""",Phrase - Generic - 3x3 - Mid & Low Volume,B0BYVHGR5H,"Cubelelo Drift 2x2, 3x3 & Pyraminx Cube Combo (Stickerless) | Ideal for Kids Above 3 4 5 6 Years Old Boys Girls | 3 in 1 Speedcube Gift Set | High Speed Puzzle 3x3x3 2x2x2 Pyramid Triangle",B0D6G24GVB,cubelelo,0300 Games & Puzzles,0307 Non-wooden Puzzles,Toy,1460553,AMAZON_IN,40399,162,0.4010%,2158.41,22,10557.19,23,98.10955,0.0545%,4.89119,21,10358.14,22,102.78143,0.0520%,4.79897,1,199.05,1,,,,,,,,,
INR,"May 02, 2026 - May 30, 2026","=""amzn1.ads-account.g.a5og6bnunpn8m911rke7gdql""",Cubelelo,162147707583156,BA - Branded - Cubelelo,"=""329970929951347""",SP-KT - Branded - Cubelelo - Mid & Low Volume - Exact & Phrase - UND,"=""535729251693727""",Branded - Phrase,B0BYVHGR5H,"Cubelelo Drift 2x2, 3x3 & Pyraminx Cube Combo (Stickerless) | Ideal for Kids Above 3 4 5 6 Years Old Boys Girls | 3 in 1 Speedcube Gift Set | High Speed Puzzle 3x3x3 2x2x2 Pyramid Triangle",B0D6G24GVB,cubelelo,0300 Games & Puzzles,0307 Non-wooden Puzzles,Toy,1460553,AMAZON_IN,55,2,3.6364%,11.47,1,475.24,1,11.47000,1.8182%,41.43330,1,475.24,1,11.47000,1.8182%,41.43330,0,0.00,0,,,,,,,,,
INR,"May 01, 2026 - May 31, 2026","=""amzn1.ads-account.g.a5og6bnunpn8m911rke7gdql""",Cubelelo,279942205262904,BA - Generic - Mid & Low Volume,"=""316273786051120""",SD-CT - 3D Puzzle & Brain Teasers - Comp - Open - Broad - Old,"=""302660200409918""",Category Targeting,B0BYVHGR5H,"Cubelelo Drift 2x2, 3x3 & Pyraminx Cube Combo (Stickerless) | Ideal for Kids Above 3 4 5 6 Years Old Boys Girls | 3 in 1 Speedcube Gift Set | High Speed Puzzle 3x3x3 2x2x2 Pyramid Triangle",B0D6G24GVB,cubelelo,0300 Games & Puzzles,0307 Non-wooden Puzzles,Toy,1460553,AMAZON_IN,582,1,0.1718%,2.46,0,0.00,0,,0.0000%,0.00000,0,0.00,0,,0.0000%,0.00000,0,0.00,0,0,0.00,0,,0.0000%,0.00000,0,,0.0000%
INR,"May 01, 2026 - May 31, 2026","=""amzn1.ads-account.g.a5og6bnunpn8m911rke7gdql""",Cubelelo,279942205262904,BA - Generic - Mid & Low Volume,"=""285784532724588""",SP-KT - Generic - Open - Cube - Mid & Low Volume - Exact & Phrase,"=""479419335051851""",Phrase - Generic - Open Searches - Mid & Low Volume,B0BYVHGR5H,"Cubelelo Drift 2x2, 3x3 & Pyraminx Cube Combo (Stickerless) | Ideal for Kids Above 3 4 5 6 Years Old Boys Girls | 3 in 1 Speedcube Gift Set | High Speed Puzzle 3x3x3 2x2x2 Pyramid Triangle",B0D6G24GVB,cubelelo,0300 Games & Puzzles,0307 Non-wooden Puzzles,Toy,1460553,AMAZON_IN,7400,102,1.3784%,1054.65,20,8816.22,20,52.73250,0.2703%,8.35938,16,7745.74,16,65.91563,0.2162%,7.34437,4,1070.48,4,,,,,,,,,
INR,"May 01, 2026 - May 31, 2026","=""amzn1.ads-account.g.a5og6bnunpn8m911rke7gdql""",Cubelelo,279942205262904,BA - Generic - Mid & Low Volume,"=""327104446426115""","SP-KT - Axis - Windmill - Fisher, Cylinder, Kids, Mini, Smart, Pyramid - Open - Mid & Low Volume - Exact & Phrase","=""310438687496531""",Pyramid - Mid & Low Volume - Exact & Phrase,B0BYVHGR5H,"Cubelelo Drift 2x2, 3x3 & Pyraminx Cube Combo (Stickerless) | Ideal for Kids Above 3 4 5 6 Years Old Boys Girls | 3 in 1 Speedcube Gift Set | High Speed Puzzle 3x3x3 2x2x2 Pyramid Triangle",B0D6G24GVB,cubelelo,0300 Games & Puzzles,0307 Non-wooden Puzzles,Toy,1460553,AMAZON_IN,25605,209,0.8162%,2774.07,31,13690.51,32,89.48613,0.1211%,4.93517,29,13435.27,30,95.65759,0.1133%,4.84316,2,255.24,2,,,,,,,,,
INR,"May 01, 2026 - May 31, 2026","=""amzn1.ads-account.g.a5og6bnunpn8m911rke7gdql""",Cubelelo,162147707583156,BA - Branded - Cubelelo,"=""433317578586761""",SP-KT - Branded - Cubelelo - High Volume - Exact,"=""332121459254132""",Branded - SKAG,B0BYVHGR5H,"Cubelelo Drift 2x2, 3x3 & Pyraminx Cube Combo (Stickerless) | Ideal for Kids Above 3 4 5 6 Years Old Boys Girls | 3 in 1 Speedcube Gift Set | High Speed Puzzle 3x3x3 2x2x2 Pyramid Triangle",B0D6G24GVB,cubelelo,0300 Games & Puzzles,0307 Non-wooden Puzzles,Toy,1460553,AMAZON_IN,35470,186,0.5244%,1497.31,20,7465.73,20,74.86550,0.0564%,4.98610,13,5654.31,13,115.17769,0.0367%,3.77631,7,1811.42,7,,,,,,,,,
INR,"May 01, 2026 - May 31, 2026","=""amzn1.ads-account.g.a5og6bnunpn8m911rke7gdql""",Cubelelo,108066094626813,BA - Generic - Extremely High Volume,"=""442384136510181""","SP-KT - Generic - 3x3 - 'Cube, Cube Puzzle, Cube 33, Rubik's Cube 3x3',rubik's cube 3x3 speed cube - High Volume - Exact","=""368381636014986""",Generic - 3x3 - High Volume SKAG,B0BYVHGR5H,"Cubelelo Drift 2x2, 3x3 & Pyraminx Cube Combo (Stickerless) | Ideal for Kids Above 3 4 5 6 Years Old Boys Girls | 3 in 1 Speedcube Gift Set | High Speed Puzzle 3x3x3 2x2x2 Pyramid Triangle",B0D6G24GVB,cubelelo,0300 Games & Puzzles,0307 Non-wooden Puzzles,Toy,1460553,AMAZON_IN,8410,172,2.0452%,2209.68,35,14272.41,37,63.13371,0.4162%,6.45904,24,11306.71,25,92.07000,0.2854%,5.11690,11,2965.70,12,,,,,,,,,
INR,"May 01, 2026 - May 31, 2026","=""amzn1.ads-account.g.a5og6bnunpn8m911rke7gdql""",Cubelelo,279942205262904,BA - Generic - Mid & Low Volume,"=""327104446426115""","SP-KT - Axis - Windmill - Fisher, Cylinder, Kids, Mini, Smart, Pyramid - Open - Mid & Low Volume - Exact & Phrase","=""354824992183354""",Kids - Mid & Low Volume - Exact & Phrase,B0BYVHGR5H,"Cubelelo Drift 2x2, 3x3 & Pyraminx Cube Combo (Stickerless) | Ideal for Kids Above 3 4 5 6 Years Old Boys Girls | 3 in 1 Speedcube Gift Set | High Speed Puzzle 3x3x3 2x2x2 Pyramid Triangle",B0D6G24GVB,cubelelo,0300 Games & Puzzles,0307 Non-wooden Puzzles,Toy,1460553,AMAZON_IN,889,25,2.8121%,294.29,13,5140.02,13,22.63769,1.4623%,17.46583,11,4752.40,11,26.75364,1.2373%,16.14870,2,387.62,2,,,,,,,,,
INR,"May 01, 2026 - May 31, 2026","=""amzn1.ads-account.g.a5og6bnunpn8m911rke7gdql""",Cubelelo,152274827442004,BA - Competition - D Eternal,"=""314135688950492""",SD-PT - Comp - D-Eternal - Best Sellers - Exact,"=""494824442944945""",D Eternal,B0BYVHGR5H,"Cubelelo Drift 2x2, 3x3 & Pyraminx Cube Combo (Stickerless) | Ideal for Kids Above 3 4 5 6 Years Old Boys Girls | 3 in 1 Speedcube Gift Set | High Speed Puzzle 3x3x3 2x2x2 Pyramid Triangle",B0D6G24GVB,cubelelo,0300 Games & Puzzles,0307 Non-wooden Puzzles,Toy,1460553,AMAZON_IN,1707,8,0.4687%,57.13,0,0.00,0,,0.0000%,0.00000,0,0.00,0,,0.0000%,0.00000,0,0.00,0,0,0.00,0,,0.0000%,0.00000,10,5.71300,0.5858%
INR,"May 01, 2026 - May 31, 2026","=""amzn1.ads-account.g.a5og6bnunpn8m911rke7gdql""",Cubelelo,162147707583156,BA - Branded - Cubelelo,"=""408832603271930""",BA_SP_KT_Brand Drift (3x3)_Phrase_09/23,"=""462288077097605""",Brand Drift (3x3),B0BYVHGR5H,"Cubelelo Drift 2x2, 3x3 & Pyraminx Cube Combo (Stickerless) | Ideal for Kids Above 3 4 5 6 Years Old Boys Girls | 3 in 1 Speedcube Gift Set | High Speed Puzzle 3x3x3 2x2x2 Pyramid Triangle",B0D6G24GVB,cubelelo,0300 Games & Puzzles,0307 Non-wooden Puzzles,Toy,1460553,AMAZON_IN,3277,11,0.3357%,86.80,2,950.48,2,43.40000,0.0610%,10.95023,2,950.48,2,43.40000,0.0610%,10.95023,0,0.00,0,,,,,,,,,
INR,"May 01, 2026 - May 31, 2026","=""amzn1.ads-account.g.a5og6bnunpn8m911rke7gdql""",Cubelelo,279942205262904,BA - Generic - Mid & Low Volume,"=""466977135029356""",SP-KT - Generic - 2x2 - Mid & Low Volume - Exact & Phrase,"=""296917065955111""",Phrase - Generic - 2x2 - Mid & Low Volume,B0BYVHGR5H,"Cubelelo Drift 2x2, 3x3 & Pyraminx Cube Combo (Stickerless) | Ideal for Kids Above 3 4 5 6 Years Old Boys Girls | 3 in 1 Speedcube Gift Set | High Speed Puzzle 3x3x3 2x2x2 Pyramid Triangle",B0D6G24GVB,cubelelo,0300 Games & Puzzles,0307 Non-wooden Puzzles,Toy,1460553,AMAZON_IN,5421,65,1.1990%,873.33,7,3564.77,7,124.76143,0.1291%,4.08181,6,2851.44,6,145.55500,0.1107%,3.26502,1,713.33,1,,,,,,,,,
INR,"May 01, 2026 - May 31, 2026","=""amzn1.ads-account.g.a5og6bnunpn8m911rke7gdql""",Cubelelo,159890394934310,Old - Core Generic Cube Campaigns All,"=""454748662358104""",BA_SP_KT_Generic Cube 2x2_Generic_Phrase_09/23,"=""305299342122740""",Generic Cube 2x2,B0BYVHGR5H,"Cubelelo Drift 2x2, 3x3 & Pyraminx Cube Combo (Stickerless) | Ideal for Kids Above 3 4 5 6 Years Old Boys Girls | 3 in 1 Speedcube Gift Set | High Speed Puzzle 3x3x3 2x2x2 Pyramid Triangle",B0D6G24GVB,cubelelo,0300 Games & Puzzles,0307 Non-wooden Puzzles,Toy,1460553,AMAZON_IN,14807,171,1.1549%,2262.49,31,13635.28,31,72.98355,0.2094%,6.02667,29,13008.62,29,78.01690,0.1959%,5.74969,2,626.66,2,,,,,,,,,
INR,"May 01, 2026 - May 31, 2026","=""amzn1.ads-account.g.a5og6bnunpn8m911rke7gdql""",Cubelelo,242135938115990,BA - Competition - Cubes,"=""398099328860046""",SP-PT - Cubes - Toys Best Seller - Above 200,"=""389104660034552""",SP-SP - Cubes - Toys Best Seller - Above 200,B0BYVHGR5H,"Cubelelo Drift 2x2, 3x3 & Pyraminx Cube Combo (Stickerless) | Ideal for Kids Above 3 4 5 6 Years Old Boys Girls | 3 in 1 Speedcube Gift Set | High Speed Puzzle 3x3x3 2x2x2 Pyramid Triangle",B0D6G24GVB,cubelelo,0300 Games & Puzzles,0307 Non-wooden Puzzles,Toy,1460553,AMAZON_IN,13687,30,0.2192%,209.16,3,1234.29,3,69.72000,0.0219%,5.90118,3,1234.29,3,69.72000,0.0219%,5.90118,0,0.00,0,,,,,,,,,
INR,"May 01, 2026 - May 31, 2026","=""amzn1.ads-account.g.a5og6bnunpn8m911rke7gdql""",Cubelelo,162147707583156,BA - Branded - Cubelelo,"=""329970929951347""",SP-KT - Branded - Cubelelo - Mid & Low Volume - Exact & Phrase - UND,"=""428906316207860""",Pyraminx,B0BYVHGR5H,"Cubelelo Drift 2x2, 3x3 & Pyraminx Cube Combo (Stickerless) | Ideal for Kids Above 3 4 5 6 Years Old Boys Girls | 3 in 1 Speedcube Gift Set | High Speed Puzzle 3x3x3 2x2x2 Pyramid Triangle",B0D6G24GVB,cubelelo,0300 Games & Puzzles,0307 Non-wooden Puzzles,Toy,1460553,AMAZON_IN,50,2,4.0000%,13.41,1,275.24,1,13.41000,2.0000%,20.52498,0,0.00,0,,0.0000%,0.00000,1,275.24,1,,,,,,,,,
INR,"May 01, 2026 - May 31, 2026","=""amzn1.ads-account.g.a5og6bnunpn8m911rke7gdql""",Cubelelo,162147707583156,BA - Branded - Cubelelo,"=""329970929951347""",SP-KT - Branded - Cubelelo - Mid & Low Volume - Exact & Phrase - UND,"=""560146263793792""",Combo,B0BYVHGR5H,"Cubelelo Drift 2x2, 3x3 & Pyraminx Cube Combo (Stickerless) | Ideal for Kids Above 3 4 5 6 Years Old Boys Girls | 3 in 1 Speedcube Gift Set | High Speed Puzzle 3x3x3 2x2x2 Pyramid Triangle",B0D6G24GVB,cubelelo,0300 Games & Puzzles,0307 Non-wooden Puzzles,Toy,1460553,AMAZON_IN,4742,16,0.3374%,125.72,1,475.24,1,125.72000,0.0211%,3.78015,1,475.24,1,125.72000,0.0211%,3.78015,0,0.00,0,,,,,,,,,
INR,"May 01, 2026 - May 31, 2026","=""amzn1.ads-account.g.a5og6bnunpn8m911rke7gdql""",Cubelelo,279942205262904,BA - Generic - Mid & Low Volume,"=""334559235709808""",SP-KT - Generic - 3x3 - Mid & Low Volume - Exact & Phrase - UND,"=""412851408598744""",Generic - 3x3 - Mid & Low Volume,B0BYVHGR5H,"Cubelelo Drift 2x2, 3x3 & Pyraminx Cube Combo (Stickerless) | Ideal for Kids Above 3 4 5 6 Years Old Boys Girls | 3 in 1 Speedcube Gift Set | High Speed Puzzle 3x3x3 2x2x2 Pyramid Triangle",B0D6G24GVB,cubelelo,0300 Games & Puzzles,0307 Non-wooden Puzzles,Toy,1460553,AMAZON_IN,86707,564,0.6505%,6763.23,103,43377.23,117,65.66243,0.1188%,6.41369,68,31361.08,68,99.45926,0.0784%,4.63700,35,12016.15,49,,,,,,,,,
INR,"May 31, 2026 - May 31, 2026","=""amzn1.ads-account.g.a5og6bnunpn8m911rke7gdql""",Cubelelo,279942205262904,BA - Generic - Mid & Low Volume,"=""369883644681767""","SP-KT - Magnetic - Open, 2x2, 4x4, 5x5 - High Volume - Exact & Phrase","=""371587655476259""",Magnetic - 2x2 - Mid & Low Volume,B0BYVHGR5H,"Cubelelo Drift 2x2, 3x3 & Pyraminx Cube Combo (Stickerless) | Ideal for Kids Above 3 4 5 6 Years Old Boys Girls | 3 in 1 Speedcube Gift Set | High Speed Puzzle 3x3x3 2x2x2 Pyramid Triangle",B0D6G24GVB,cubelelo,0300 Games & Puzzles,0307 Non-wooden Puzzles,Toy,1460553,AMAZON_IN,1,0,0.0000%,0.00,0,0.00,0,,0.0000%,,0,0.00,0,,0.0000%,,0,0.00,0,,,,,,,,,
INR,"May 01, 2026 - May 31, 2026","=""amzn1.ads-account.g.a5og6bnunpn8m911rke7gdql""",Cubelelo,152274827442004,BA - Competition - D Eternal,"=""327219448958152""",SP-PT - Comp - Hawkister - High Volume - Exact,"=""521889920077913""",PT - Hawkister No.5,B0BYVHGR5H,"Cubelelo Drift 2x2, 3x3 & Pyraminx Cube Combo (Stickerless) | Ideal for Kids Above 3 4 5 6 Years Old Boys Girls | 3 in 1 Speedcube Gift Set | High Speed Puzzle 3x3x3 2x2x2 Pyramid Triangle",B0D6G24GVB,cubelelo,0300 Games & Puzzles,0307 Non-wooden Puzzles,Toy,1460553,AMAZON_IN,17669,260,1.4715%,4435.96,26,11883.84,26,170.61385,0.1472%,2.67898,21,10453.36,21,211.23619,0.1189%,2.35651,5,1430.48,5,,,,,,,,,
INR,"May 01, 2026 - May 31, 2026","=""amzn1.ads-account.g.a5og6bnunpn8m911rke7gdql""",Cubelelo,279942205262904,BA - Generic - Mid & Low Volume,"=""285784532724588""",SP-KT - Generic - Open - Cube - Mid & Low Volume - Exact & Phrase,"=""503467855821823""",Generic - Open Searches - Mid & Low Volume,B0BYVHGR5H,"Cubelelo Drift 2x2, 3x3 & Pyraminx Cube Combo (Stickerless) | Ideal for Kids Above 3 4 5 6 Years Old Boys Girls | 3 in 1 Speedcube Gift Set | High Speed Puzzle 3x3x3 2x2x2 Pyramid Triangle",B0D6G24GVB,cubelelo,0300 Games & Puzzles,0307 Non-wooden Puzzles,Toy,1460553,AMAZON_IN,26210,125,0.4769%,1108.74,16,7000.97,16,69.29625,0.0610%,6.31435,13,6223.83,13,85.28769,0.0496%,5.61343,3,777.14,3,,,,,,,,,
INR,"May 06, 2026 - May 31, 2026","=""amzn1.ads-account.g.a5og6bnunpn8m911rke7gdql""",Cubelelo,279942205262904,BA - Generic - Mid & Low Volume,"=""405383753413943""","SP-KT - Lube Combo, Magic, Pyraminx, Skewb, Stand, Timer, Gear - Open - Mid & Low Volume - Exact & Phrase","=""515672683970502""",Magic - Mid & Low Volume - Exact & Phrase,B0BYVHGR5H,"Cubelelo Drift 2x2, 3x3 & Pyraminx Cube Combo (Stickerless) | Ideal for Kids Above 3 4 5 6 Years Old Boys Girls | 3 in 1 Speedcube Gift Set | High Speed Puzzle 3x3x3 2x2x2 Pyramid Triangle",B0D6G24GVB,cubelelo,0300 Games & Puzzles,0307 Non-wooden Puzzles,Toy,1460553,AMAZON_IN,255,0,0.0000%,0.00,0,0.00,0,,0.0000%,,0,0.00,0,,0.0000%,,0,0.00,0,,,,,,,,,
INR,"May 01, 2026 - May 31, 2026","=""amzn1.ads-account.g.a5og6bnunpn8m911rke7gdql""",Cubelelo,279942205262904,BA - Generic - Mid & Low Volume,"=""560766968003680""","SP-KT - Mirror, Infinity & Combo - Open - Mid & Low Volume - Exact & Phrase - UND","=""398270911795195""",Combo - Mid & Low Volume,B0BYVHGR5H,"Cubelelo Drift 2x2, 3x3 & Pyraminx Cube Combo (Stickerless) | Ideal for Kids Above 3 4 5 6 Years Old Boys Girls | 3 in 1 Speedcube Gift Set | High Speed Puzzle 3x3x3 2x2x2 Pyramid Triangle",B0D6G24GVB,cubelelo,0300 Games & Puzzles,0307 Non-wooden Puzzles,Toy,1460553,AMAZON_IN,1718,26,1.5134%,308.96,4,1900.96,4,77.24000,0.2328%,6.15277,4,1900.96,4,77.24000,0.2328%,6.15277,0,0.00,0,,,,,,,,,
INR,"May 01, 2026 - May 31, 2026","=""amzn1.ads-account.g.a5og6bnunpn8m911rke7gdql""",Cubelelo,152274827442004,BA - Competition - D Eternal,"=""546907838633970""",SP-PT - Comp - D Eternal - High Volume - Exact,"=""379711533982415""",D - eternal,B0BYVHGR5H,"Cubelelo Drift 2x2, 3x3 & Pyraminx Cube Combo (Stickerless) | Ideal for Kids Above 3 4 5 6 Years Old Boys Girls | 3 in 1 Speedcube Gift Set | High Speed Puzzle 3x3x3 2x2x2 Pyramid Triangle",B0D6G24GVB,cubelelo,0300 Games & Puzzles,0307 Non-wooden Puzzles,Toy,1460553,AMAZON_IN,129190,2057,1.5922%,31336.58,387,163675.74,396,80.97307,0.2996%,5.22315,304,141907.20,308,103.08086,0.2353%,4.52848,83,21768.54,88,,,,,,,,,
INR,"May 02, 2026 - May 31, 2026","=""amzn1.ads-account.g.a5og6bnunpn8m911rke7gdql""",Cubelelo,162147707583156,BA - Branded - Cubelelo,"=""329970929951347""",SP-KT - Branded - Cubelelo - Mid & Low Volume - Exact & Phrase - UND,"=""386093481557611""",Branded - 2x2,B0BYVHGR5H,"Cubelelo Drift 2x2, 3x3 & Pyraminx Cube Combo (Stickerless) | Ideal for Kids Above 3 4 5 6 Years Old Boys Girls | 3 in 1 Speedcube Gift Set | High Speed Puzzle 3x3x3 2x2x2 Pyramid Triangle",B0D6G24GVB,cubelelo,0300 Games & Puzzles,0307 Non-wooden Puzzles,Toy,1460553,AMAZON_IN,150,0,0.0000%,0.00,0,0.00,0,,0.0000%,,0,0.00,0,,0.0000%,,0,0.00,0,,,,,,,,,
INR,"May 01, 2026 - May 31, 2026","=""amzn1.ads-account.g.a5og6bnunpn8m911rke7gdql""",Cubelelo,108066094626813,BA - Generic - Extremely High Volume,"=""353368777045800""",SP-KT - Generic - 3x3 - 'Rubik's Cube 3x3 Speed Cube' - SKAG - High Volume - Exact - UND,"=""333014230375447""",Generic - 3x3 - High Volume SKAG,B0BYVHGR5H,"Cubelelo Drift 2x2, 3x3 & Pyraminx Cube Combo (Stickerless) | Ideal for Kids Above 3 4 5 6 Years Old Boys Girls | 3 in 1 Speedcube Gift Set | High Speed Puzzle 3x3x3 2x2x2 Pyramid Triangle",B0D6G24GVB,cubelelo,0300 Games & Puzzles,0307 Non-wooden Puzzles,Toy,1460553,AMAZON_IN,94302,452,0.4793%,5012.90,77,33741.08,77,65.10260,0.0817%,6.73085,67,31715.36,67,74.81940,0.0710%,6.32675,10,2025.72,10,,,,,,,,,
INR,"May 01, 2026 - May 31, 2026","=""amzn1.ads-account.g.a5og6bnunpn8m911rke7gdql""",Cubelelo,162147707583156,BA - Branded - Cubelelo,"=""329970929951347""",SP-KT - Branded - Cubelelo - Mid & Low Volume - Exact & Phrase - UND,"=""526301691836211""",Branded - 3x3 - Phrase,B0BYVHGR5H,"Cubelelo Drift 2x2, 3x3 & Pyraminx Cube Combo (Stickerless) | Ideal for Kids Above 3 4 5 6 Years Old Boys Girls | 3 in 1 Speedcube Gift Set | High Speed Puzzle 3x3x3 2x2x2 Pyramid Triangle",B0D6G24GVB,cubelelo,0300 Games & Puzzles,0307 Non-wooden Puzzles,Toy,1460553,AMAZON_IN,34353,94,0.2736%,1569.25,13,6187.64,13,120.71154,0.0378%,3.94306,12,5988.59,12,130.77083,0.0349%,3.81621,1,199.05,1,,,,,,,,,
INR,"May 01, 2026 - May 31, 2026","=""amzn1.ads-account.g.a5og6bnunpn8m911rke7gdql""",Cubelelo,279942205262904,BA - Generic - Mid & Low Volume,"=""315451570129574""","SP-KT - Maglev, Mastermorphix, Puppet, Snake, Square1, Megaminx - Open - Mid & Low Volume - Exact & Phrase - UND","=""391120880267490""",Unique - Mid & Low Volume - Exact & Phrase,B0BYVHGR5H,"Cubelelo Drift 2x2, 3x3 & Pyraminx Cube Combo (Stickerless) | Ideal for Kids Above 3 4 5 6 Years Old Boys Girls | 3 in 1 Speedcube Gift Set | High Speed Puzzle 3x3x3 2x2x2 Pyramid Triangle",B0D6G24GVB,cubelelo,0300 Games & Puzzles,0307 Non-wooden Puzzles,Toy,1460553,AMAZON_IN,1441,9,0.6246%,104.10,1,264.76,1,104.10000,0.0694%,2.54332,0,0.00,0,,0.0000%,0.00000,1,264.76,1,,,,,,,,,
INR,"May 01, 2026 - May 31, 2026","=""amzn1.ads-account.g.a5og6bnunpn8m911rke7gdql""",Cubelelo,108066094626813,BA - Generic - Extremely High Volume,"=""530532259196935""","SP-KT - Megaminx, Pyramid, Timer & Gear - Open - High Volume - Exact","=""321431385380150""",Pyramid - High Volume,B0BYVHGR5H,"Cubelelo Drift 2x2, 3x3 & Pyraminx Cube Combo (Stickerless) | Ideal for Kids Above 3 4 5 6 Years Old Boys Girls | 3 in 1 Speedcube Gift Set | High Speed Puzzle 3x3x3 2x2x2 Pyramid Triangle",B0D6G24GVB,cubelelo,0300 Games & Puzzles,0307 Non-wooden Puzzles,Toy,1460553,AMAZON_IN,6476,47,0.7258%,526.03,8,3591.44,8,65.75375,0.1235%,6.82744,5,2519.06,5,105.20600,0.0772%,4.78881,3,1072.38,3,,,,,,,,,
INR,"May 04, 2026 - May 27, 2026","=""amzn1.ads-account.g.a5og6bnunpn8m911rke7gdql""",Cubelelo,108066094626813,BA - Generic - Extremely High Volume,"=""345506724788622""","SP-KT - Mirror, Infinity & Combo - Open - High Volume - Exact","=""399619745424045""",Combo - High Volume SKAG,B0BYVHGR5H,"Cubelelo Drift 2x2, 3x3 & Pyraminx Cube Combo (Stickerless) | Ideal for Kids Above 3 4 5 6 Years Old Boys Girls | 3 in 1 Speedcube Gift Set | High Speed Puzzle 3x3x3 2x2x2 Pyramid Triangle",B0D6G24GVB,cubelelo,0300 Games & Puzzles,0307 Non-wooden Puzzles,Toy,1460553,AMAZON_IN,6,0,0.0000%,0.00,0,0.00,0,,0.0000%,,0,0.00,0,,0.0000%,,0,0.00,0,,,,,,,,,
INR,"May 01, 2026 - May 31, 2026","=""amzn1.ads-account.g.a5og6bnunpn8m911rke7gdql""",Cubelelo,279942205262904,BA - Generic - Mid & Low Volume,"=""327104446426115""","SP-KT - Axis - Windmill - Fisher, Cylinder, Kids, Mini, Smart, Pyramid - Open - Mid & Low Volume - Exact & Phrase","=""287381957290883""",Cylinder - Mid & Low volume - Exact & Phrase,B0BYVHGR5H,"Cubelelo Drift 2x2, 3x3 & Pyraminx Cube Combo (Stickerless) | Ideal for Kids Above 3 4 5 6 Years Old Boys Girls | 3 in 1 Speedcube Gift Set | High Speed Puzzle 3x3x3 2x2x2 Pyramid Triangle",B0D6G24GVB,cubelelo,0300 Games & Puzzles,0307 Non-wooden Puzzles,Toy,1460553,AMAZON_IN,2521,7,0.2777%,347.63,0,0.00,0,,0.0000%,0.00000,0,0.00,0,,0.0000%,0.00000,0,0.00,0,,,,,,,,,
INR,"May 01, 2026 - May 31, 2026","=""amzn1.ads-account.g.a5og6bnunpn8m911rke7gdql""",Cubelelo,279942205262904,BA - Generic - Mid & Low Volume,"=""466977135029356""",SP-KT - Generic - 2x2 - Mid & Low Volume - Exact & Phrase,"=""398214295345341""",Generic - 2x2 - Mid & Low Volume,B0BYVHGR5H,"Cubelelo Drift 2x2, 3x3 & Pyraminx Cube Combo (Stickerless) | Ideal for Kids Above 3 4 5 6 Years Old Boys Girls | 3 in 1 Speedcube Gift Set | High Speed Puzzle 3x3x3 2x2x2 Pyramid Triangle",B0D6G24GVB,cubelelo,0300 Games & Puzzles,0307 Non-wooden Puzzles,Toy,1460553,AMAZON_IN,19120,104,0.5439%,1136.84,28,11912.43,28,40.60143,0.1464%,10.47855,23,10595.28,23,49.42783,0.1203%,9.31994,5,1317.15,5,,,,,,,,,
INR,"May 01, 2026 - May 31, 2026","=""amzn1.ads-account.g.a5og6bnunpn8m911rke7gdql""",Cubelelo,108066094626813,BA - Generic - Extremely High Volume,"=""495997417400177""",SP-KT - Generic - Open - 'Rubix Cube' - SKAG - High Volume - Exact,"=""536771283942162""",Generic - Open Searches - High Volume SKAG,B0BYVHGR5H,"Cubelelo Drift 2x2, 3x3 & Pyraminx Cube Combo (Stickerless) | Ideal for Kids Above 3 4 5 6 Years Old Boys Girls | 3 in 1 Speedcube Gift Set | High Speed Puzzle 3x3x3 2x2x2 Pyramid Triangle",B0D6G24GVB,cubelelo,0300 Games & Puzzles,0307 Non-wooden Puzzles,Toy,1460553,AMAZON_IN,19046,240,1.2601%,2841.36,49,23774.36,57,57.98694,0.2573%,8.36725,38,21223.89,45,74.77263,0.1995%,7.46962,11,2550.47,12,,,,,,,,,
INR,"May 24, 2026 - May 26, 2026","=""amzn1.ads-account.g.a5og6bnunpn8m911rke7gdql""",Cubelelo,162147707583156,BA - Branded - Cubelelo,"=""329970929951347""",SP-KT - Branded - Cubelelo - Mid & Low Volume - Exact & Phrase - UND,"=""386093481557611""",Branded - 2x2,B0C55MMD72,Cubelelo Twist 2M 2x2 (Magnetic) Stickerless Speedcube | Speedy Brainstorming Puzzle Cube for Kids & Adults (Multicolor),B0CHK14DHK,cubelelo,0300 Games & Puzzles,0307 Non-wooden Puzzles,Toy,1020601,AMAZON_IN,3,0,0.0000%,0.00,0,0.00,0,,0.0000%,,0,0.00,0,,0.0000%,,0,0.00,0,,,,,,,,,
INR,"May 01, 2026 - May 31, 2026","=""amzn1.ads-account.g.a5og6bnunpn8m911rke7gdql""",Cubelelo,279942205262904,BA - Generic - Mid & Low Volume,"=""334559235709808""",SP-KT - Generic - 3x3 - Mid & Low Volume - Exact & Phrase - UND,"=""412851408598744""",Generic - 3x3 - Mid & Low Volume,B0BVHL9JLB,"Cubelelo Drift 5-in-1 Cube Gift Box | 2x2, 3x3, 4x4, 5x5 and Secret Tutorial for Cubes Guide Book | Suitable for Kids & Adults | Magic Speedy Stress Buster Brainstorming Puzzle Multicolor Combo Set",B0F5QHH1XY,cubelelo,0300 Games & Puzzles,0307 Non-wooden Puzzles,Toy,B0BVHL9JLB,AMAZON_IN,94153,418,0.4440%,4216.83,35,20486.71,36,120.48086,0.0372%,4.85832,27,17946.71,27,156.17889,0.0287%,4.25597,8,2540.00,9,,,,,,,,,
INR,"May 01, 2026 - May 25, 2026","=""amzn1.ads-account.g.a5og6bnunpn8m911rke7gdql""",Cubelelo,279942205262904,BA - Generic - Mid & Low Volume,"=""316273786051120""",SD-CT - 3D Puzzle & Brain Teasers - Comp - Open - Broad - Old,"=""302660200409918""",Category Targeting,B0BVHL9JLB,"Cubelelo Drift 5-in-1 Cube Gift Box | 2x2, 3x3, 4x4, 5x5 and Secret Tutorial for Cubes Guide Book | Suitable for Kids & Adults | Magic Speedy Stress Buster Brainstorming Puzzle Multicolor Combo Set",B0F5QHH1XY,cubelelo,0300 Games & Puzzles,0307 Non-wooden Puzzles,Toy,B0BVHL9JLB,AMAZON_IN,84,0,0.0000%,0.00,0,0.00,0,,0.0000%,,0,0.00,0,,0.0000%,,0,0.00,0,0,0.00,0,,0.0000%,,0,,0.0000%
INR,"May 01, 2026 - May 31, 2026","=""amzn1.ads-account.g.a5og6bnunpn8m911rke7gdql""",Cubelelo,279942205262904,BA - Generic - Mid & Low Volume,"=""334559235709808""",SP-KT - Generic - 3x3 - Mid & Low Volume - Exact & Phrase - UND,"=""363319492631962""",Phrase - Generic - 3x3 - Mid & Low Volume,B0BVHL9JLB,"Cubelelo Drift 5-in-1 Cube Gift Box | 2x2, 3x3, 4x4, 5x5 and Secret Tutorial for Cubes Guide Book | Suitable for Kids & Adults | Magic Speedy Stress Buster Brainstorming Puzzle Multicolor Combo Set",B0F5QHH1XY,cubelelo,0300 Games & Puzzles,0307 Non-wooden Puzzles,Toy,B0BVHL9JLB,AMAZON_IN,29671,156,0.5258%,1725.38,7,5799.05,7,246.48286,0.0236%,3.36103,3,2566.67,3,575.12667,0.0101%,1.48760,4,3232.38,4,,,,,,,,,
INR,"May 01, 2026 - May 31, 2026","=""amzn1.ads-account.g.a5og6bnunpn8m911rke7gdql""",Cubelelo,279942205262904,BA - Generic - Mid & Low Volume,"=""498287583816355""","SP-KT - Generic - 5x5, 6x6, 7x7, Keychain - Mid & Low Volume - Exact & Phrase","=""490322774447990""",Generic - 5x5 - Mid & Low Volume,B0BVHL9JLB,"Cubelelo Drift 5-in-1 Cube Gift Box | 2x2, 3x3, 4x4, 5x5 and Secret Tutorial for Cubes Guide Book | Suitable for Kids & Adults | Magic Speedy Stress Buster Brainstorming Puzzle Multicolor Combo Set",B0F5QHH1XY,cubelelo,0300 Games & Puzzles,0307 Non-wooden Puzzles,Toy,B0BVHL9JLB,AMAZON_IN,9984,108,1.0817%,1150.36,13,10715.26,13,88.48923,0.1302%,9.31470,7,7322.87,7,164.33714,0.0701%,6.36572,6,3392.39,6,,,,,,,,,
INR,"May 01, 2026 - May 28, 2026","=""amzn1.ads-account.g.a5og6bnunpn8m911rke7gdql""",Cubelelo,162147707583156,BA - Branded - Cubelelo,"=""408832603271930""",BA_SP_KT_Brand Drift (3x3)_Phrase_09/23,"=""462288077097605""",Brand Drift (3x3),B0BVHL9JLB,"Cubelelo Drift 5-in-1 Cube Gift Box | 2x2, 3x3, 4x4, 5x5 and Secret Tutorial for Cubes Guide Book | Suitable for Kids & Adults | Magic Speedy Stress Buster Brainstorming Puzzle Multicolor Combo Set",B0F5QHH1XY,cubelelo,0300 Games & Puzzles,0307 Non-wooden Puzzles,Toy,B0BVHL9JLB,AMAZON_IN,3480,21,0.6034%,162.07,1,951.43,1,162.07000,0.0287%,5.87049,1,951.43,1,162.07000,0.0287%,5.87049,0,0.00,0,,,,,,,,,
INR,"May 01, 2026 - May 31, 2026","=""amzn1.ads-account.g.a5og6bnunpn8m911rke7gdql""",Cubelelo,279942205262904,BA - Generic - Mid & Low Volume,"=""498287583816355""","SP-KT - Generic - 5x5, 6x6, 7x7, Keychain - Mid & Low Volume - Exact & Phrase","=""384271447348191""",Phrase - Generic - 5x5 - Mid & Low Volume,B0BVHL9JLB,"Cubelelo Drift 5-in-1 Cube Gift Box | 2x2, 3x3, 4x4, 5x5 and Secret Tutorial for Cubes Guide Book | Suitable for Kids & Adults | Magic Speedy Stress Buster Brainstorming Puzzle Multicolor Combo Set",B0F5QHH1XY,cubelelo,0300 Games & Puzzles,0307 Non-wooden Puzzles,Toy,B0BVHL9JLB,AMAZON_IN,17634,218,1.2362%,1929.40,20,15733.36,20,96.47000,0.1134%,8.15454,16,14452.41,16,120.58750,0.0907%,7.49062,4,1280.95,4,,,,,,,,,
INR,"May 01, 2026 - May 31, 2026","=""amzn1.ads-account.g.a5og6bnunpn8m911rke7gdql""",Cubelelo,108066094626813,BA - Generic - Extremely High Volume,"=""484046863276712""",SP-KT - Generic - Open - 'Rubik's Cube' - SKAG - High Volume - Exact,"=""514344038519157""",Generic - Open Searches - High Volume SKAG,B0BVHL9JLB,"Cubelelo Drift 5-in-1 Cube Gift Box | 2x2, 3x3, 4x4, 5x5 and Secret Tutorial for Cubes Guide Book | Suitable for Kids & Adults | Magic Speedy Stress Buster Brainstorming Puzzle Multicolor Combo Set",B0F5QHH1XY,cubelelo,0300 Games & Puzzles,0307 Non-wooden Puzzles,Toy,B0BVHL9JLB,AMAZON_IN,62284,432,0.6936%,4736.00,37,23542.91,39,128.00000,0.0594%,4.97105,24,16842.90,25,197.33333,0.0385%,3.55636,13,6700.01,14,,,,,,,,,
INR,"May 01, 2026 - May 31, 2026","=""amzn1.ads-account.g.a5og6bnunpn8m911rke7gdql""",Cubelelo,279942205262904,BA - Generic - Mid & Low Volume,"=""327104446426115""","SP-KT - Axis - Windmill - Fisher, Cylinder, Kids, Mini, Smart, Pyramid - Open - Mid & Low Volume - Exact & Phrase","=""287381957290883""",Cylinder - Mid & Low volume - Exact & Phrase,B0C55MW9WL,"Cubelelo Drift Column 3x3 Stickerless Speedcube Puzzle | Unique Cylindrical Speed Cube | Ultimate Stress Buster & Brainstorming Challenge for Kids & Adults | Smooth, Fast Puzzle for All Skill Levels",B0CBC8ZF7Y,cubelelo,0300 Games & Puzzles,0307 Non-wooden Puzzles,Toy,1630300_EAN,AMAZON_IN,2433,82,3.3703%,445.47,7,2239.98,7,63.63857,0.2877%,5.02835,7,2239.98,7,63.63857,0.2877%,5.02835,0,0.00,0,,,,,,,,,
INR,"May 01, 2026 - May 31, 2026","=""amzn1.ads-account.g.a5og6bnunpn8m911rke7gdql""",Cubelelo,162147707583156,BA - Branded - Cubelelo,"=""329970929951347""",SP-KT - Branded - Cubelelo - Mid & Low Volume - Exact & Phrase - UND,"=""302346821210022""",Branded - 4x4,B079WVQD89,Cubelelo Drift 4x4 with Cube Lubricant and Stand Combo | High-Performance Speed Cube | Adjustable Tension & Smooth Turning | Durable & Reliable | Ideal for All Ages,B089SM432V,cubelelo,0300 Games & Puzzles,0307 Non-wooden Puzzles,Toy,1460580,AMAZON_IN,10189,105,1.0305%,802.41,22,11843.83,23,36.47318,0.2159%,14.76032,15,8699.07,16,53.49400,0.1472%,10.84118,7,3144.76,7,,,,,,,,,
INR,"May 01, 2026 - May 26, 2026","=""amzn1.ads-account.g.a5og6bnunpn8m911rke7gdql""",Cubelelo,14896671318530,BA - Tinker Box,"=""383299609032339""","SP-KT - Generic - Tinker Box - Colour and Pattern Sliding Puzzle Game, 5 Column Sort and Stack Puzzle - Exact","=""288337266837008""",Tinker Box - Colour and Pattern Sliding Puzzle Game,B0FQP89PV9,"Tinker Box 5 Column Sort and Stack Puzzle | Montessori Wooden Sorting & Stacking Toy | 3+ Years | Early Learning Puzzle for Shapes, Colors & Counting Skills | Safe & Durable Educational Toy",-1,Tinker Box,0600 Infants/Preschool,0627 All Other Infant Toys,Toy,TB00007,AMAZON_IN,182,5,2.7473%,98.06,0,0.00,0,,0.0000%,0.00000,0,0.00,0,,0.0000%,0.00000,0,0.00,0,,,,,,,,,
INR,"May 26, 2026 - May 31, 2026","=""amzn1.ads-account.g.a5og6bnunpn8m911rke7gdql""",Cubelelo,14896671318530,BA - Tinker Box,"=""178894007177834""",BA - SP - Auto - Tinker Box - 0-2 Years - DO,"=""524300284583215""",Tinker Box,B0FJ21PMFM,TinkerBox Wooden Ball Tracker | 12+ Months | Montessori Rolling Ball Toy for Toddlers & Kids | STEM Learning Puzzle for Visual Tracking & Motor Skills Development | Safe & Durable Wooden Toy,-1,Tinker Box,1800 Learning & Exploration,1805 Educational Electronic Toys,Toy,TB00005,AMAZON_IN,4397,30,0.6823%,155.20,0,0.00,0,,0.0000%,0.00000,0,0.00,0,,0.0000%,0.00000,0,0.00,0,,,,,,,,,
INR,"May 01, 2026 - May 30, 2026","=""amzn1.ads-account.g.a5og6bnunpn8m911rke7gdql""",Cubelelo,279942205262904,BA - Generic - Mid & Low Volume,"=""315451570129574""","SP-KT - Maglev, Mastermorphix, Puppet, Snake, Square1, Megaminx - Open - Mid & Low Volume - Exact & Phrase - UND","=""391120880267490""",Unique - Mid & Low Volume - Exact & Phrase,B08XJZW1T8,"Cubelelo Drift Axis, Fisher & Windmill v2 Tiled Gift Box | Unique Puzzle Combo for Kids & Adults | Smooth & Durable Cubes for Puzzle Enthusiasts",B0F1YY4MBJ,cubelelo,0300 Games & Puzzles,0307 Non-wooden Puzzles,Toy,1460560_gp,AMAZON_IN,6322,65,1.0282%,319.34,6,2772.38,6,53.22333,0.0949%,8.68159,6,2772.38,6,53.22333,0.0949%,8.68159,0,0.00,0,,,,,,,,,
INR,"May 01, 2026 - May 31, 2026","=""amzn1.ads-account.g.a5og6bnunpn8m911rke7gdql""",Cubelelo,279942205262904,BA - Generic - Mid & Low Volume,"=""327104446426115""","SP-KT - Axis - Windmill - Fisher, Cylinder, Kids, Mini, Smart, Pyramid - Open - Mid & Low Volume - Exact & Phrase","=""287381957290883""",Cylinder - Mid & Low volume - Exact & Phrase,B08XJZW1T8,"Cubelelo Drift Axis, Fisher & Windmill v2 Tiled Gift Box | Unique Puzzle Combo for Kids & Adults | Smooth & Durable Cubes for Puzzle Enthusiasts",B0F1YY4MBJ,cubelelo,0300 Games & Puzzles,0307 Non-wooden Puzzles,Toy,1460560_gp,AMAZON_IN,3191,8,0.2507%,78.60,0,0.00,0,,0.0000%,0.00000,0,0.00,0,,0.0000%,0.00000,0,0.00,0,,,,,,,,,
INR,"May 01, 2026 - May 27, 2026","=""amzn1.ads-account.g.a5og6bnunpn8m911rke7gdql""",Cubelelo,279942205262904,BA - Generic - Mid & Low Volume,"=""327104446426115""","SP-KT - Axis - Windmill - Fisher, Cylinder, Kids, Mini, Smart, Pyramid - Open - Mid & Low Volume - Exact & Phrase","=""338572243352605""","PT - Axis, Windmill, Fisher",B08XJZW1T8,"Cubelelo Drift Axis, Fisher & Windmill v2 Tiled Gift Box | Unique Puzzle Combo for Kids & Adults | Smooth & Durable Cubes for Puzzle Enthusiasts",B0F1YY4MBJ,cubelelo,0300 Games & Puzzles,0307 Non-wooden Puzzles,Toy,1460560_gp,AMAZON_IN,731,16,2.1888%,232.07,3,1033.33,3,77.35667,0.4104%,4.45267,1,360.95,1,232.07000,0.1368%,1.55535,2,672.38,2,,,,,,,,,
INR,"May 01, 2026 - May 29, 2026","=""amzn1.ads-account.g.a5og6bnunpn8m911rke7gdql""",Cubelelo,279942205262904,BA - Generic - Mid & Low Volume,"=""327104446426115""","SP-KT - Axis - Windmill - Fisher, Cylinder, Kids, Mini, Smart, Pyramid - Open - Mid & Low Volume - Exact & Phrase","=""423861844641216""",Axis - Windmill - Fisher - Mid & Low Volume - Exact & Phrase,B08XJZW1T8,"Cubelelo Drift Axis, Fisher & Windmill v2 Tiled Gift Box | Unique Puzzle Combo for Kids & Adults | Smooth & Durable Cubes for Puzzle Enthusiasts",B0F1YY4MBJ,cubelelo,0300 Games & Puzzles,0307 Non-wooden Puzzles,Toy,1460560_gp,AMAZON_IN,3888,41,1.0545%,209.10,7,4219.04,7,29.87143,0.1800%,20.17714,5,3593.33,5,41.82000,0.1286%,17.18474,2,625.71,2,,,,,,,,,
INR,"May 01, 2026 - May 31, 2026","=""amzn1.ads-account.g.a5og6bnunpn8m911rke7gdql""",Cubelelo,279942205262904,BA - Generic - Mid & Low Volume,"=""498287583816355""","SP-KT - Generic - 5x5, 6x6, 7x7, Keychain - Mid & Low Volume - Exact & Phrase","=""384271447348191""",Phrase - Generic - 5x5 - Mid & Low Volume,B09QCL5JCC,Cubelelo Drift 5M 5x5 (Magnetic) Stickerless Speed Cube Magic Puzzle for Kids & Adults Speedy Stress Buster Brainstorming Cube,B0CWDC1YJL,cubelelo,0300 Games & Puzzles,0307 Non-wooden Puzzles,Toy,1050600,AMAZON_IN,8876,107,1.2055%,1040.42,7,8374.29,8,148.63143,0.0789%,8.04895,7,8374.29,8,148.63143,0.0789%,8.04895,0,0.00,0,,,,,,,,,
INR,"May 01, 2026 - May 31, 2026","=""amzn1.ads-account.g.a5og6bnunpn8m911rke7gdql""",Cubelelo,279942205262904,BA - Generic - Mid & Low Volume,"=""498287583816355""","SP-KT - Generic - 5x5, 6x6, 7x7, Keychain - Mid & Low Volume - Exact & Phrase","=""490322774447990""",Generic - 5x5 - Mid & Low Volume,B09QCL5JCC,Cubelelo Drift 5M 5x5 (Magnetic) Stickerless Speed Cube Magic Puzzle for Kids & Adults Speedy Stress Buster Brainstorming Cube,B0CWDC1YJL,cubelelo,0300 Games & Puzzles,0307 Non-wooden Puzzles,Toy,1050600,AMAZON_IN,3824,19,0.4969%,155.32,1,713.33,1,155.32000,0.0262%,4.59265,1,713.33,1,155.32000,0.0262%,4.59265,0,0.00,0,,,,,,,,,
INR,"May 01, 2026 - May 30, 2026","=""amzn1.ads-account.g.a5og6bnunpn8m911rke7gdql""",Cubelelo,279942205262904,BA - Generic - Mid & Low Volume,"=""369883644681767""","SP-KT - Magnetic - Open, 2x2, 4x4, 5x5 - High Volume - Exact & Phrase","=""549377709953283""",Phrase - Magnetic - 5x5 - Mid & Low Volume,B09QCL5JCC,Cubelelo Drift 5M 5x5 (Magnetic) Stickerless Speed Cube Magic Puzzle for Kids & Adults Speedy Stress Buster Brainstorming Cube,B0CWDC1YJL,cubelelo,0300 Games & Puzzles,0307 Non-wooden Puzzles,Toy,1050600,AMAZON_IN,19,2,10.5263%,4.96,1,1427.62,1,4.96000,5.2632%,287.82661,1,1427.62,1,4.96000,5.2632%,287.82661,0,0.00,0,,,,,,,,,
INR,"May 01, 2026 - May 31, 2026","=""amzn1.ads-account.g.a5og6bnunpn8m911rke7gdql""",Cubelelo,215664054810032,BA - Number Sliding Puzzle,"=""339988610395848""",SP-CT - Number Sliding Puzzle - Above 199,"=""338743838952743""",Number sliding puzzle,B09HH8CC7Y,"Cubelelo Drift Number Sliding Magnetic Puzzle 4x4 | Toys For 6-10 Years Old Boys & Girls | 15-Blocks Brain Teaser Puzzle Game for Kids | Educational, Learning, Activity Toy for Return & Birthday Gifts",-1,cubelelo,0300 Games & Puzzles,0307 Non-wooden Puzzles,Toy,1630210,AMAZON_IN,175828,1520,0.8645%,11675.83,202,63781.02,243,57.80114,0.1149%,5.46265,190,58756.25,231,61.45174,0.1081%,5.03230,12,5024.77,12,,,,,,,,,
INR,"May 01, 2026 - May 31, 2026","=""amzn1.ads-account.g.a5og6bnunpn8m911rke7gdql""",Cubelelo,215664054810032,BA - Number Sliding Puzzle,"=""546073666494466""",SP-PT - Number Sliding Puzzle - Comp - Smartivity - Exact,"=""310159045422411""",NSP x Smartivity,B09HH8CC7Y,"Cubelelo Drift Number Sliding Magnetic Puzzle 4x4 | Toys For 6-10 Years Old Boys & Girls | 15-Blocks Brain Teaser Puzzle Game for Kids | Educational, Learning, Activity Toy for Return & Birthday Gifts",-1,cubelelo,0300 Games & Puzzles,0307 Non-wooden Puzzles,Toy,1630210,AMAZON_IN,10164,149,1.4660%,1216.62,18,4863.81,19,67.59000,0.1771%,3.99781,18,4863.81,19,67.59000,0.1771%,3.99781,0,0.00,0,,,,,,,,,
INR,"May 01, 2026 - May 31, 2026","=""amzn1.ads-account.g.a5og6bnunpn8m911rke7gdql""",Cubelelo,215664054810032,BA - Number Sliding Puzzle,"=""376769954561814""",SP-KT - Number Sliding Puzzle - Generic - Return Gift Queries - Exact,"=""550190471621080""",Number Sliding Puzzle,B09HH8CC7Y,"Cubelelo Drift Number Sliding Magnetic Puzzle 4x4 | Toys For 6-10 Years Old Boys & Girls | 15-Blocks Brain Teaser Puzzle Game for Kids | Educational, Learning, Activity Toy for Return & Birthday Gifts",-1,cubelelo,0300 Games & Puzzles,0307 Non-wooden Puzzles,Toy,1630210,AMAZON_IN,30928,224,0.7243%,1499.43,13,3584.76,14,115.34077,0.0420%,2.39075,13,3584.76,14,115.34077,0.0420%,2.39075,0,0.00,0,,,,,,,,,
INR,"May 01, 2026 - May 31, 2026","=""amzn1.ads-account.g.a5og6bnunpn8m911rke7gdql""",Cubelelo,215664054810032,BA - Number Sliding Puzzle,"=""437530893523061""",SP-PT - Number Sliding Puzzle - Comp - Low & High ASP - Mid Volume - Exact,"=""507712490856714""",Ad Group - 7/5/2025 12:20:58.231,B09HH8CC7Y,"Cubelelo Drift Number Sliding Magnetic Puzzle 4x4 | Toys For 6-10 Years Old Boys & Girls | 15-Blocks Brain Teaser Puzzle Game for Kids | Educational, Learning, Activity Toy for Return & Birthday Gifts",-1,cubelelo,0300 Games & Puzzles,0307 Non-wooden Puzzles,Toy,1630210,AMAZON_IN,15903,487,3.0623%,4083.62,58,15247.64,59,70.40724,0.3647%,3.73385,58,15247.64,59,70.40724,0.3647%,3.73385,0,0.00,0,,,,,,,,,
INR,"May 27, 2026 - May 31, 2026","=""amzn1.ads-account.g.a5og6bnunpn8m911rke7gdql""",Cubelelo,215664054810032,BA - Number Sliding Puzzle,"=""115902188639558""",BA - SP - PT - Number Sliding Puzzle - NB - Comp - Wembley - Exact - DO,"=""39057736920057""",Number Sliding Puzzle,B09HH8CC7Y,"Cubelelo Drift Number Sliding Magnetic Puzzle 4x4 | Toys For 6-10 Years Old Boys & Girls | 15-Blocks Brain Teaser Puzzle Game for Kids | Educational, Learning, Activity Toy for Return & Birthday Gifts",-1,cubelelo,0300 Games & Puzzles,0307 Non-wooden Puzzles,Toy,1630210,AMAZON_IN,5114,102,1.9945%,1365.89,13,3710.47,14,105.06846,0.2542%,2.71652,12,3330.47,13,113.82417,0.2346%,2.43832,1,380.00,1,,,,,,,,,
INR,"May 18, 2026 - May 20, 2026","=""amzn1.ads-account.g.a5og6bnunpn8m911rke7gdql""",Cubelelo,153505421940411,BA - Competition - Moyu,"=""535209545252680""",SP-KT - Comp - Moyu - Generic - Mid & Low Volume - Exact & Phrase,"=""342757652627825""",Moyu - Generic - Mid & Low Volume,B0C6T2C9WH,Cubelelo MoYu Super RS3M 3x3 Standard (Magnetic) | Highspeed Smooth Lightweight Speed Cube for Children Kids Adults Boys Girls,B0C6TKLM22,cubelelo,0300 Games & Puzzles,0307 Non-wooden Puzzles,Toy,1030490,AMAZON_IN,35,0,0.0000%,0.00,0,0.00,0,,0.0000%,,0,0.00,0,,0.0000%,,0,0.00,0,,,,,,,,,
INR,"May 09, 2026 - May 31, 2026","=""amzn1.ads-account.g.a5og6bnunpn8m911rke7gdql""",Cubelelo,153505421940411,BA - Competition - Moyu,"=""508041836775444""",SP-KT - Comp - Moyu - Generic - High Volume - Exact,"=""314697139428353""",Moyu - Generic - High Volume,B0C6T2C9WH,Cubelelo MoYu Super RS3M 3x3 Standard (Magnetic) | Highspeed Smooth Lightweight Speed Cube for Children Kids Adults Boys Girls,B0C6TKLM22,cubelelo,0300 Games & Puzzles,0307 Non-wooden Puzzles,Toy,1030490,AMAZON_IN,363,8,2.2039%,37.96,0,0.00,0,,0.0000%,0.00000,0,0.00,0,,0.0000%,0.00000,0,0.00,0,,,,,,,,,
INR,"May 03, 2026 - May 31, 2026","=""amzn1.ads-account.g.a5og6bnunpn8m911rke7gdql""",Cubelelo,153505421940411,BA - Competition - Moyu,"=""535209545252680""",SP-KT - Comp - Moyu - Generic - Mid & Low Volume - Exact & Phrase,"=""544609417584184""",Phrase - Moyu - Generic - Mid & Low Volume,B0C6T2C9WH,Cubelelo MoYu Super RS3M 3x3 Standard (Magnetic) | Highspeed Smooth Lightweight Speed Cube for Children Kids Adults Boys Girls,B0C6TKLM22,cubelelo,0300 Games & Puzzles,0307 Non-wooden Puzzles,Toy,1030490,AMAZON_IN,230,13,5.6522%,34.77,1,1332.38,1,34.77000,0.4348%,38.31982,1,1332.38,1,34.77000,0.4348%,38.31982,0,0.00,0,,,,,,,,,
INR,"May 01, 2026 - May 31, 2026","=""amzn1.ads-account.g.a5og6bnunpn8m911rke7gdql""",Cubelelo,279942205262904,BA - Generic - Mid & Low Volume,"=""498287583816355""","SP-KT - Generic - 5x5, 6x6, 7x7, Keychain - Mid & Low Volume - Exact & Phrase","=""295921960947507""",Generic - 6x6 - Mid & Low Volume,B09HH5R69B,Cubelelo Drift 6x6 Stickerless Speed Cube Magic Puzzle for Kids & Adults | Advanced Level Speedcube | Speedy Stress Buster Brainstorming Cube,B0CWH6ML97,cubelelo,0300 Games & Puzzles,0307 Non-wooden Puzzles,Toy,1060100,AMAZON_IN,22854,371,1.6233%,3645.76,50,38793.83,51,72.91520,0.2188%,10.64081,41,34090.01,42,88.92098,0.1794%,9.35059,9,4703.82,9,,,,,,,,,
INR,"May 01, 2026 - May 31, 2026","=""amzn1.ads-account.g.a5og6bnunpn8m911rke7gdql""",Cubelelo,279942205262904,BA - Generic - Mid & Low Volume,"=""498287583816355""","SP-KT - Generic - 5x5, 6x6, 7x7, Keychain - Mid & Low Volume - Exact & Phrase","=""536652533995914""",Phrase - Generic - 6x6 - Mid & Low Volume,B09HH5R69B,Cubelelo Drift 6x6 Stickerless Speed Cube Magic Puzzle for Kids & Adults | Advanced Level Speedcube | Speedy Stress Buster Brainstorming Cube,B0CWH6ML97,cubelelo,0300 Games & Puzzles,0307 Non-wooden Puzzles,Toy,1060100,AMAZON_IN,11567,179,1.5475%,1675.34,28,24668.59,35,59.83357,0.2421%,14.72453,19,18497.16,20,88.17579,0.1643%,11.04084,9,6171.43,15,,,,,,,,,
INR,"May 26, 2026 - May 31, 2026","=""amzn1.ads-account.g.a5og6bnunpn8m911rke7gdql""",Cubelelo,14896671318530,BA - Tinker Box,"=""178894007177834""",BA - SP - Auto - Tinker Box - 0-2 Years - DO,"=""524300284583215""",Tinker Box,B0FRFKDWL1,TinkerBox Cylinder Puzzle | 12+ Months | Montessori Wooden Sorting & Matching Toy for Toddlers & Kids | STEM Puzzle for Cognitive Skills & Fine Motor Development | Safe & Durable Educational Toy,B0GPQFDGPB,Tinker Box,0600 Infants/Preschool,0627 All Other Infant Toys,Toy,TB06003,AMAZON_IN,459,9,1.9608%,49.11,1,427.62,1,49.11000,0.2179%,8.70739,1,427.62,1,49.11000,0.2179%,8.70739,0,0.00,0,,,,,,,,,
INR,"May 01, 2026 - May 28, 2026","=""amzn1.ads-account.g.a5og6bnunpn8m911rke7gdql""",Cubelelo,279942205262904,BA - Generic - Mid & Low Volume,"=""405383753413943""","SP-KT - Lube Combo, Magic, Pyraminx, Skewb, Stand, Timer, Gear - Open - Mid & Low Volume - Exact & Phrase","=""350064977792250""",Timer - Mid & Low Volume - Exact & Phrase,B0BZKZMPXS,"Cubelelo Drift Solving Kit | 3X3 Stickerless Cube, Hurricane Lube, Timer, Pouch & Guide | Perfect Practice Kit For Beginners | Ages 3 And Above",-1,cubelelo,0300 Games & Puzzles,0307 Non-wooden Puzzles,Toy,CLB0131_EAN,AMAZON_IN,8,0,0.0000%,0.00,0,0.00,0,,0.0000%,,0,0.00,0,,0.0000%,,0,0.00,0,,,,,,,,,
INR,"May 01, 2026 - May 31, 2026","=""amzn1.ads-account.g.a5og6bnunpn8m911rke7gdql""",Cubelelo,108066094626813,BA - Generic - Extremely High Volume,"=""345506724788622""","SP-KT - Mirror, Infinity & Combo - Open - High Volume - Exact","=""341121035831717""",Infinity - High Volume SKAG,B0CNXPFMRV,"Cubelelo Drift Rainbow Ball Puzzle | Compact, Multicolor Sphere (Fidget Toy) | Portable Brain Teaser for Kids & Adults | Stress Relief & Fun On-The-Go Puzzle",-1,cubelelo,0300 Games & Puzzles,0307 Non-wooden Puzzles,Toy,1630207,AMAZON_IN,56,2,3.5714%,2.36,0,0.00,0,,0.0000%,0.00000,0,0.00,0,,0.0000%,0.00000,0,0.00,0,,,,,,,,,
INR,"May 08, 2026 - May 08, 2026","=""amzn1.ads-account.g.a5og6bnunpn8m911rke7gdql""",Cubelelo,162147707583156,BA - Branded - Cubelelo,"=""329970929951347""",SP-KT - Branded - Cubelelo - Mid & Low Volume - Exact & Phrase - UND,"=""463035025528262""",Timer,B0BZL1B44T,Cubelelo Drift Timer & Discovery Mat Combo For Speedcubing | Competition Timer With Super Sensitive Touch Pad Anti-Slippery Cubing Mat | Sturdy & Cube Accessories For Cubers,B0CXY8QKHN,cubelelo,,,Home,CLB0127_EAN,AMAZON_IN,1,0,0.0000%,0.00,0,0.00,0,,0.0000%,,0,0.00,0,,0.0000%,,0,0.00,0,,,,,,,,,
INR,"May 01, 2026 - May 31, 2026","=""amzn1.ads-account.g.a5og6bnunpn8m911rke7gdql""",Cubelelo,162147707583156,BA - Branded - Cubelelo,"=""343328245514155""",BA - SP PT - Cube Timer - Brand - ST,"=""544745524853066""",Cube timer_ST,B0BZL1B44T,Cubelelo Drift Timer & Discovery Mat Combo For Speedcubing | Competition Timer With Super Sensitive Touch Pad Anti-Slippery Cubing Mat | Sturdy & Cube Accessories For Cubers,B0CXY8QKHN,cubelelo,,,Home,CLB0127_EAN,AMAZON_IN,3799,123,3.2377%,847.86,13,12338.09,13,65.22000,0.3422%,14.55204,6,8375.24,6,141.31000,0.1579%,9.87809,7,3962.85,7,,,,,,,,,
INR,"May 01, 2026 - May 31, 2026","=""amzn1.ads-account.g.a5og6bnunpn8m911rke7gdql""",Cubelelo,279942205262904,BA - Generic - Mid & Low Volume,"=""405383753413943""","SP-KT - Lube Combo, Magic, Pyraminx, Skewb, Stand, Timer, Gear - Open - Mid & Low Volume - Exact & Phrase","=""350064977792250""",Timer - Mid & Low Volume - Exact & Phrase,B0BZL1B44T,Cubelelo Drift Timer & Discovery Mat Combo For Speedcubing | Competition Timer With Super Sensitive Touch Pad Anti-Slippery Cubing Mat | Sturdy & Cube Accessories For Cubers,B0CXY8QKHN,cubelelo,,,Home,CLB0127_EAN,AMAZON_IN,7282,108,1.4831%,545.71,12,12680.96,12,45.47583,0.1648%,23.23754,7,10326.68,7,77.95857,0.0961%,18.92338,5,2354.28,5,,,,,,,,,
INR,"May 15, 2026 - May 31, 2026","=""amzn1.ads-account.g.a5og6bnunpn8m911rke7gdql""",Cubelelo,108066094626813,BA - Generic - Extremely High Volume,"=""530532259196935""","SP-KT - Megaminx, Pyramid, Timer & Gear - Open - High Volume - Exact","=""515308926056437""",Timer - High Volume SKAG,B0BZL1B44T,Cubelelo Drift Timer & Discovery Mat Combo For Speedcubing | Competition Timer With Super Sensitive Touch Pad Anti-Slippery Cubing Mat | Sturdy & Cube Accessories For Cubers,B0CXY8QKHN,cubelelo,,,Home,CLB0127_EAN,AMAZON_IN,4,0,0.0000%,0.00,0,0.00,0,,0.0000%,,0,0.00,0,,0.0000%,,0,0.00,0,,,,,,,,,
INR,"May 01, 2026 - May 02, 2026","=""amzn1.ads-account.g.a5og6bnunpn8m911rke7gdql""",Cubelelo,279942205262904,BA - Generic - Mid & Low Volume,"=""405383753413943""","SP-KT - Lube Combo, Magic, Pyraminx, Skewb, Stand, Timer, Gear - Open - Mid & Low Volume - Exact & Phrase","=""336660360115507""",Gear - Mid & Low Volume - Exact & Phrase,B08169YZPG,Cubelelo Drift Gear 3x3 Stickerless Cube Speed Cube | Toy for Kids & Adults | Magic Speedy Stress Buster Brainstorming Puzzle 3x3x3 (Multicolor),B0CP2C3BXN,cubelelo,0300 Games & Puzzles,0307 Non-wooden Puzzles,Toy,1140022,AMAZON_IN,13,1,7.6923%,10.00,2,721.90,2,5.00000,15.3846%,72.19000,2,721.90,2,5.00000,15.3846%,72.19000,0,0.00,0,,,,,,,,,
INR,"May 01, 2026 - May 31, 2026","=""amzn1.ads-account.g.a5og6bnunpn8m911rke7gdql""",Cubelelo,108066094626813,BA - Generic - Extremely High Volume,"=""530532259196935""","SP-KT - Megaminx, Pyramid, Timer & Gear - Open - High Volume - Exact","=""402396258219983""",Gear - High Volume SKAG,B08169YZPG,Cubelelo Drift Gear 3x3 Stickerless Cube Speed Cube | Toy for Kids & Adults | Magic Speedy Stress Buster Brainstorming Puzzle 3x3x3 (Multicolor),B0CP2C3BXN,cubelelo,0300 Games & Puzzles,0307 Non-wooden Puzzles,Toy,1140022,AMAZON_IN,4905,189,3.8532%,680.90,36,14290.47,36,18.91389,0.7339%,20.98762,30,12649.52,30,22.69667,0.6116%,18.57765,6,1640.95,6,,,,,,,,,
INR,"May 01, 2026 - May 17, 2026","=""amzn1.ads-account.g.a5og6bnunpn8m911rke7gdql""",Cubelelo,279942205262904,BA - Generic - Mid & Low Volume,"=""405383753413943""","SP-KT - Lube Combo, Magic, Pyraminx, Skewb, Stand, Timer, Gear - Open - Mid & Low Volume - Exact & Phrase","=""529078608813302""",Stand - Mid & Low Volume - Exact & Phrase,B0CD7J832N,Cubelelo Kid Cube Stand (Pack Of 5 - Multicolor),B0CG663H21,cubelelo,0300 Games & Puzzles,0307 Non-wooden Puzzles,Toy,CLB0204,AMAZON_IN,196,9,4.5918%,18.47,3,1168.57,3,6.15667,1.5306%,63.26854,2,693.33,2,9.23500,1.0204%,37.53817,1,475.24,1,,,,,,,,,
INR,"May 26, 2026 - May 31, 2026","=""amzn1.ads-account.g.a5og6bnunpn8m911rke7gdql""",Cubelelo,14896671318530,BA - Tinker Box,"=""178894007177834""",BA - SP - Auto - Tinker Box - 0-2 Years - DO,"=""524300284583215""",Tinker Box,B0FQPFZN8L,"TinkerBox Wooden Rattle (Set of 3) | 0+ Months | Montessori Wooden Rattles for Newborns & Babies | Sensory Development Toys for Sound, Grip & Early Motor Skills | Safe & Durable Baby Toys",-1,Tinker Box,,,Baby product,TBB0001,AMAZON_IN,6650,17,0.2556%,104.38,1,522.86,1,104.38000,0.0150%,5.00920,1,522.86,1,104.38000,0.0150%,5.00920,0,0.00,0,,,,,,,,,
INR,"May 21, 2026 - May 21, 2026","=""amzn1.ads-account.g.a5og6bnunpn8m911rke7gdql""",Cubelelo,159890394934310,Old - Core Generic Cube Campaigns All,"=""461439945733289""",BA_SP_KT_5x5 Cube_Generic_Phrase_09/23,"=""521470917336542""",5x5 Cube,B07FJW8LSG,Cubelelo QiYi QiZheng S 5x5 Stickerless Speedcube Puzzle for Kids & Adults Magic Speedy Anti Stress Brainstorming Puzzle Cube (Multicolor),B0CWDC1YJL,cubelelo,0300 Games & Puzzles,0307 Non-wooden Puzzles,Toy,B07FJW8LSG,AMAZON_IN,1,0,0.0000%,0.00,0,0.00,0,,0.0000%,,0,0.00,0,,0.0000%,,0,0.00,0,,,,,,,,,
INR,"May 26, 2026 - May 31, 2026","=""amzn1.ads-account.g.a5og6bnunpn8m911rke7gdql""",Cubelelo,14896671318530,BA - Tinker Box,"=""178894007177834""",BA - SP - Auto - Tinker Box - 0-2 Years - DO,"=""524300284583215""",Tinker Box,B0FQP762MD,"TinkerBox Ring Stacker | 9+ Months | Montessori Wooden Stacking Toy for Toddlers & Kids | STEM Learning Puzzle for Shape, Size & Color Recognition | Safe & Durable Wooden Toy",B0GPQFDGPB,Tinker Box,0600 Infants/Preschool,0627 All Other Infant Toys,Toy,TB04002,AMAZON_IN,15342,37,0.2412%,224.55,3,1140.00,3,74.85000,0.0196%,5.07682,3,1140.00,3,74.85000,0.0196%,5.07682,0,0.00,0,,,,,,,,,
INR,"May 26, 2026 - May 31, 2026","=""amzn1.ads-account.g.a5og6bnunpn8m911rke7gdql""",Cubelelo,14896671318530,BA - Tinker Box,"=""178894007177834""",BA - SP - Auto - Tinker Box - 0-2 Years - DO,"=""524300284583215""",Tinker Box,B0FQVFPKFD,TinkerBox Object Permanence Box with Drawer | 9+ Months | Montessori Wooden Toy for Babies & Toddlers | Early Learning Puzzle for Hand-Eye Coordination & Cause-and-Effect | Safe & Durable Baby Toy,B0GPKMTZ4X,Tinker Box,1800 Learning & Exploration,1817 Educational Toys,Toy,TB04001,AMAZON_IN,1188,17,1.4310%,96.98,1,313.33,1,96.98000,0.0842%,3.23087,1,313.33,1,96.98000,0.0842%,3.23087,0,0.00,0,,,,,,,,,
INR,"May 06, 2026 - May 31, 2026","=""amzn1.ads-account.g.a5og6bnunpn8m911rke7gdql""",Cubelelo,153505421940411,BA - Competition - Moyu,"=""535209545252680""",SP-KT - Comp - Moyu - Generic - Mid & Low Volume - Exact & Phrase,"=""342757652627825""",Moyu - Generic - Mid & Low Volume,B0CNXSVR8C,Cubelelo Drift 3M Plus v2 3x3 (Magnetic) Speed Cube | Based on MoYu RS3M v5 | Dual-Adjustment System | Speedcube for Kids & Adults | Magic Speedy Stress Buster Brainstorming Puzzle,-1,cubelelo,0300 Games & Puzzles,0307 Non-wooden Puzzles,Toy,1030651gp,AMAZON_IN,296,4,1.3514%,10.38,0,0.00,0,,0.0000%,0.00000,0,0.00,0,,0.0000%,0.00000,0,0.00,0,,,,,,,,,
INR,"May 06, 2026 - May 31, 2026","=""amzn1.ads-account.g.a5og6bnunpn8m911rke7gdql""",Cubelelo,153505421940411,BA - Competition - Moyu,"=""535209545252680""",SP-KT - Comp - Moyu - Generic - Mid & Low Volume - Exact & Phrase,"=""544609417584184""",Phrase - Moyu - Generic - Mid & Low Volume,B0CNXSVR8C,Cubelelo Drift 3M Plus v2 3x3 (Magnetic) Speed Cube | Based on MoYu RS3M v5 | Dual-Adjustment System | Speedcube for Kids & Adults | Magic Speedy Stress Buster Brainstorming Puzzle,-1,cubelelo,0300 Games & Puzzles,0307 Non-wooden Puzzles,Toy,1030651gp,AMAZON_IN,5196,41,0.7891%,135.41,1,665.71,1,135.41000,0.0192%,4.91625,1,665.71,1,135.41000,0.0192%,4.91625,0,0.00,0,,,,,,,,,
INR,"May 01, 2026 - May 31, 2026","=""amzn1.ads-account.g.a5og6bnunpn8m911rke7gdql""",Cubelelo,279942205262904,BA - Generic - Mid & Low Volume,"=""332675778194131""",SP-KT - Generic - 4x4 - Mid & Low Volume - Exact & Phrase - DO,"=""302493695958815""",Generic - 4x4 - Mid & Low Volume,B09HH8XQ14,Cubelelo Drift 4x4 (Black) Speedcube | Challenging Brain Teaser Puzzle Toy for Kids 7-14 Years Old Boys Girls & Adults All Ages | Fast Speed Cube for Intermediate and Advanced Cubers,B0CBBV1B5T,cubelelo,0300 Games & Puzzles,0307 Non-wooden Puzzles,Toy,1040300,AMAZON_IN,145928,1481,1.0149%,13402.54,236,75520.84,245,56.79042,0.1617%,5.63482,188,61985.58,189,71.29011,0.1288%,4.62491,48,13535.26,56,,,,,,,,,
INR,"May 01, 2026 - May 31, 2026","=""amzn1.ads-account.g.a5og6bnunpn8m911rke7gdql""",Cubelelo,279942205262904,BA - Generic - Mid & Low Volume,"=""332675778194131""",SP-KT - Generic - 4x4 - Mid & Low Volume - Exact & Phrase - DO,"=""318693646880033""",Phrase - Generic - 4x4 - Mid & Low Volume,B09HH8XQ14,Cubelelo Drift 4x4 (Black) Speedcube | Challenging Brain Teaser Puzzle Toy for Kids 7-14 Years Old Boys Girls & Adults All Ages | Fast Speed Cube for Intermediate and Advanced Cubers,B0CBBV1B5T,cubelelo,0300 Games & Puzzles,0307 Non-wooden Puzzles,Toy,1040300,AMAZON_IN,37857,585,1.5453%,4731.76,69,22116.15,69,68.57623,0.1823%,4.67398,54,17758.05,54,87.62519,0.1426%,3.75295,15,4358.10,15,,,,,,,,,
INR,"May 06, 2026 - May 31, 2026","=""amzn1.ads-account.g.a5og6bnunpn8m911rke7gdql""",Cubelelo,153505421940411,BA - Competition - Moyu,"=""508041836775444""",SP-KT - Comp - Moyu - Generic - High Volume - Exact,"=""314697139428353""",Moyu - Generic - High Volume,B0CNXSVR8C,Cubelelo Drift 3M Plus v2 3x3 (Magnetic) Speed Cube | Based on MoYu RS3M v5 | Dual-Adjustment System | Speedcube for Kids & Adults | Magic Speedy Stress Buster Brainstorming Puzzle,-1,cubelelo,0300 Games & Puzzles,0307 Non-wooden Puzzles,Toy,1030651gp,AMAZON_IN,4651,23,0.4945%,111.15,0,0.00,0,,0.0000%,0.00000,0,0.00,0,,0.0000%,0.00000,0,0.00,0,,,,,,,,,
INR,"May 01, 2026 - May 29, 2026","=""amzn1.ads-account.g.a5og6bnunpn8m911rke7gdql""",Cubelelo,279942205262904,BA - Generic - Mid & Low Volume,"=""498287583816355""","SP-KT - Generic - 5x5, 6x6, 7x7, Keychain - Mid & Low Volume - Exact & Phrase","=""536652533995914""",Phrase - Generic - 6x6 - Mid & Low Volume,B0CVLBBQ2Q,"Cubelelo Drift 6x6 Speed Cube & Lube Combo | Smooth & Fast 6x6 Cube with Precision Lubrication | Ideal for Speedcubers & Puzzle Enthusiasts | for Kids, Adults, Speed cubers | Smooth Durable",B0CWH6ML97,cubelelo,,,Toy,1460538,AMAZON_IN,13,0,0.0000%,0.00,0,0.00,0,,0.0000%,,0,0.00,0,,0.0000%,,0,0.00,0,,,,,,,,,
INR,"May 26, 2026 - May 31, 2026","=""amzn1.ads-account.g.a5og6bnunpn8m911rke7gdql""",Cubelelo,279942205262904,BA - Generic - Mid & Low Volume,"=""498287583816355""","SP-KT - Generic - 5x5, 6x6, 7x7, Keychain - Mid & Low Volume - Exact & Phrase","=""295921960947507""",Generic - 6x6 - Mid & Low Volume,B0CVLBBQ2Q,"Cubelelo Drift 6x6 Speed Cube & Lube Combo | Smooth & Fast 6x6 Cube with Precision Lubrication | Ideal for Speedcubers & Puzzle Enthusiasts | for Kids, Adults, Speed cubers | Smooth Durable",B0CWH6ML97,cubelelo,,,Toy,1460538,AMAZON_IN,5,0,0.0000%,0.00,0,0.00,0,,0.0000%,,0,0.00,0,,0.0000%,,0,0.00,0,,,,,,,,,
INR,"May 26, 2026 - May 31, 2026","=""amzn1.ads-account.g.a5og6bnunpn8m911rke7gdql""",Cubelelo,14896671318530,BA - Tinker Box,"=""178894007177834""",BA - SP - Auto - Tinker Box - 0-2 Years - DO,"=""524300284583215""",Tinker Box,B0FQWQB78R,Tinker Box Ring Slide Game | 12+ Months | Montessori Wooden Puzzle Toy for Toddlers & Kids | Fun Learning Game for Hand-Eye Coordination & Logical Thinking | Safe & Durable,B0GPKMTZ4X,Tinker Box,2000 Building Sets,2001 Building Sets (3 years old and more),Toy,TB06002,AMAZON_IN,1220,9,0.7377%,41.48,0,0.00,0,,0.0000%,0.00000,0,0.00,0,,0.0000%,0.00000,0,0.00,0,,,,,,,,,
INR,"May 26, 2026 - May 31, 2026","=""amzn1.ads-account.g.a5og6bnunpn8m911rke7gdql""",Cubelelo,14896671318530,BA - Tinker Box,"=""178894007177834""",BA - SP - Auto - Tinker Box - 0-2 Years - DO,"=""524300284583215""",Tinker Box,B0FRFMGJJP,"Tinker Box Peg Maze | Montessori Wooden Puzzle Game for Kids | 15+ Months | Engaging Brain Development Toy for Logic, Focus & Problem Solving | Safe & Durable Educational Toy",-1,Tinker Box,0300 Games & Puzzles,0330 Brainteasers,Toy,TB07003,AMAZON_IN,1645,13,0.7903%,66.96,1,380.00,1,66.96000,0.0608%,5.67503,1,380.00,1,66.96000,0.0608%,5.67503,0,0.00,0,,,,,,,,,
INR,"May 14, 2026 - May 30, 2026","=""amzn1.ads-account.g.a5og6bnunpn8m911rke7gdql""",Cubelelo,108066094626813,BA - Generic - Extremely High Volume,"=""530532259196935""","SP-KT - Megaminx, Pyramid, Timer & Gear - Open - High Volume - Exact","=""402396258219983""",Gear - High Volume SKAG,B0CGNWCKFX,Cubelelo Kid Drift 3X3 Stickerless Speed Cube & Drift Gear Gift Box | Premium Cubing Combo For Ultimate Speedcubing Experience | Includes High-Performance Cubes For All Skill Levels,-1,cubelelo,0300 Games & Puzzles,0307 Non-wooden Puzzles,Toy,1460522,AMAZON_IN,2,0,0.0000%,0.00,0,0.00,0,,0.0000%,,0,0.00,0,,0.0000%,,0,0.00,0,,,,,,,,,
INR,"May 13, 2026 - May 13, 2026","=""amzn1.ads-account.g.a5og6bnunpn8m911rke7gdql""",Cubelelo,162147707583156,BA - Branded - Cubelelo,"=""329970929951347""",SP-KT - Branded - Cubelelo - Mid & Low Volume - Exact & Phrase - UND,"=""535729251693727""",Branded - Phrase,B0DJPDHNDD,Cubelelo Drift 3M v2 3x3 Magnetic Speedcube | New & Improved Version with 48 Strong Magnets for Upgraded Stability | Better in-Hand Feel with Enhanced Performance | Perfect for Kids & Adults,B0DP31B4Y4,cubelelo,0300 Games & Puzzles,0315 Electronic HandHeld Games,Toy,1030602,AMAZON_IN,6,0,0.0000%,0.00,0,0.00,0,,0.0000%,,0,0.00,0,,0.0000%,,0,0.00,0,,,,,,,,,
INR,"May 05, 2026 - May 31, 2026","=""amzn1.ads-account.g.a5og6bnunpn8m911rke7gdql""",Cubelelo,279942205262904,BA - Generic - Mid & Low Volume,"=""369883644681767""","SP-KT - Magnetic - Open, 2x2, 4x4, 5x5 - High Volume - Exact & Phrase","=""398733777024064""",Phrase - Magnetic - 4x4 - Mid & Low Volume,B09MZ7WP73,"Cubelelo Drift 4M 4x4 (Magnetic) Speed Cube | AKA Revenge Cube | Combines Smoothness, Stability and Durability | Toys for Kids Ages 7-14 Boys Girls and Adults All Ages | 4x4x4 Puzzle Speedcube Toy",B0CBBV1B5T,cubelelo,0300 Games & Puzzles,0307 Non-wooden Puzzles,Toy,1040600,AMAZON_IN,9,3,33.3333%,8.01,0,0.00,0,,0.0000%,0.00000,0,0.00,0,,0.0000%,0.00000,0,0.00,0,,,,,,,,,
INR,"May 01, 2026 - May 31, 2026","=""amzn1.ads-account.g.a5og6bnunpn8m911rke7gdql""",Cubelelo,279942205262904,BA - Generic - Mid & Low Volume,"=""498287583816355""","SP-KT - Generic - 5x5, 6x6, 7x7, Keychain - Mid & Low Volume - Exact & Phrase","=""490322774447990""",Generic - 5x5 - Mid & Low Volume,B0BZL11XWC,"Cubelelo Drift 4x4, 5x5 Premium Gift Box | 2-in-1 Puzzle Game Set | Challenge, Thrice The Fun | Ultimate Value Saver Combo | Brainstoming Toy for Children Kids & Adults",-1,cubelelo,0300 Games & Puzzles,0307 Non-wooden Puzzles,Toy,1460510,AMAZON_IN,15660,88,0.5619%,1458.94,9,5465.70,9,162.10444,0.0575%,3.74635,8,5133.32,8,182.36750,0.0511%,3.51853,1,332.38,1,,,,,,,,,
INR,"May 01, 2026 - May 31, 2026","=""amzn1.ads-account.g.a5og6bnunpn8m911rke7gdql""",Cubelelo,279942205262904,BA - Generic - Mid & Low Volume,"=""332675778194131""",SP-KT - Generic - 4x4 - Mid & Low Volume - Exact & Phrase - DO,"=""302493695958815""",Generic - 4x4 - Mid & Low Volume,B0BZL11XWC,"Cubelelo Drift 4x4, 5x5 Premium Gift Box | 2-in-1 Puzzle Game Set | Challenge, Thrice The Fun | Ultimate Value Saver Combo | Brainstoming Toy for Children Kids & Adults",-1,cubelelo,0300 Games & Puzzles,0307 Non-wooden Puzzles,Toy,1460510,AMAZON_IN,81769,217,0.2654%,2120.81,34,19536.14,35,62.37676,0.0416%,9.21164,25,16044.72,25,84.83240,0.0306%,7.56537,9,3491.42,10,,,,,,,,,
INR,"May 01, 2026 - May 31, 2026","=""amzn1.ads-account.g.a5og6bnunpn8m911rke7gdql""",Cubelelo,279942205262904,BA - Generic - Mid & Low Volume,"=""332675778194131""",SP-KT - Generic - 4x4 - Mid & Low Volume - Exact & Phrase - DO,"=""318693646880033""",Phrase - Generic - 4x4 - Mid & Low Volume,B09MZ7WP73,"Cubelelo Drift 4M 4x4 (Magnetic) Speed Cube | AKA Revenge Cube | Combines Smoothness, Stability and Durability | Toys for Kids Ages 7-14 Boys Girls and Adults All Ages | 4x4x4 Puzzle Speedcube Toy",B0CBBV1B5T,cubelelo,0300 Games & Puzzles,0307 Non-wooden Puzzles,Toy,1040600,AMAZON_IN,11489,228,1.9845%,1907.41,23,17048.57,24,82.93087,0.2002%,8.93807,17,14120.95,18,112.20059,0.1480%,7.40321,6,2927.62,6,,,,,,,,,
INR,"May 01, 2026 - May 31, 2026","=""amzn1.ads-account.g.a5og6bnunpn8m911rke7gdql""",Cubelelo,279942205262904,BA - Generic - Mid & Low Volume,"=""369883644681767""","SP-KT - Magnetic - Open, 2x2, 4x4, 5x5 - High Volume - Exact & Phrase","=""425372408989294""",Magnetic - 4x4 - Mid & Low Volume,B0BZL11XWC,"Cubelelo Drift 4x4, 5x5 Premium Gift Box | 2-in-1 Puzzle Game Set | Challenge, Thrice The Fun | Ultimate Value Saver Combo | Brainstoming Toy for Children Kids & Adults",-1,cubelelo,0300 Games & Puzzles,0307 Non-wooden Puzzles,Toy,1460510,AMAZON_IN,104,6,5.7692%,39.39,0,0.00,0,,0.0000%,0.00000,0,0.00,0,,0.0000%,0.00000,0,0.00,0,,,,,,,,,
INR,"May 01, 2026 - May 31, 2026","=""amzn1.ads-account.g.a5og6bnunpn8m911rke7gdql""",Cubelelo,279942205262904,BA - Generic - Mid & Low Volume,"=""560766968003680""","SP-KT - Mirror, Infinity & Combo - Open - Mid & Low Volume - Exact & Phrase - UND","=""531829023860059""",Phrase - Combo - Mid & Low Volume,B0BZL11XWC,"Cubelelo Drift 4x4, 5x5 Premium Gift Box | 2-in-1 Puzzle Game Set | Challenge, Thrice The Fun | Ultimate Value Saver Combo | Brainstoming Toy for Children Kids & Adults",-1,cubelelo,0300 Games & Puzzles,0307 Non-wooden Puzzles,Toy,1460510,AMAZON_IN,13673,78,0.5705%,711.54,11,6927.61,12,64.68545,0.0805%,9.73608,11,6927.61,12,64.68545,0.0805%,9.73608,0,0.00,0,,,,,,,,,
INR,"May 01, 2026 - May 31, 2026","=""amzn1.ads-account.g.a5og6bnunpn8m911rke7gdql""",Cubelelo,279942205262904,BA - Generic - Mid & Low Volume,"=""327104446426115""","SP-KT - Axis - Windmill - Fisher, Cylinder, Kids, Mini, Smart, Pyramid - Open - Mid & Low Volume - Exact & Phrase","=""528810430432085""",Mini - Mid & Low Volume - Exact & Phrase,B09B75WYR2,Cubelelo Drift Mini 3x3 Keychain | Magic Speed Cube Toy | Puzzle for Kids and Adults | Compact and Handy Multi Purpose Brain Teaser Game for Fun and Joy | for Ages 3 Years and Above,-1,cubelelo,0300 Games & Puzzles,0307 Non-wooden Puzzles,Toy,1960100,AMAZON_IN,9727,191,1.9636%,610.29,18,5533.36,19,33.90500,0.1851%,9.06677,15,4602.89,16,40.68600,0.1542%,7.54214,3,930.47,3,,,,,,,,,
INR,"May 04, 2026 - May 31, 2026","=""amzn1.ads-account.g.a5og6bnunpn8m911rke7gdql""",Cubelelo,279942205262904,BA - Generic - Mid & Low Volume,"=""369883644681767""","SP-KT - Magnetic - Open, 2x2, 4x4, 5x5 - High Volume - Exact & Phrase","=""425372408989294""",Magnetic - 4x4 - Mid & Low Volume,B09MZ7WP73,"Cubelelo Drift 4M 4x4 (Magnetic) Speed Cube | AKA Revenge Cube | Combines Smoothness, Stability and Durability | Toys for Kids Ages 7-14 Boys Girls and Adults All Ages | 4x4x4 Puzzle Speedcube Toy",B0CBBV1B5T,cubelelo,0300 Games & Puzzles,0307 Non-wooden Puzzles,Toy,1040600,AMAZON_IN,97,14,14.4330%,61.35,0,0.00,0,,0.0000%,0.00000,0,0.00,0,,0.0000%,0.00000,0,0.00,0,,,,,,,,,
INR,"May 01, 2026 - May 31, 2026","=""amzn1.ads-account.g.a5og6bnunpn8m911rke7gdql""",Cubelelo,279942205262904,BA - Generic - Mid & Low Volume,"=""498287583816355""","SP-KT - Generic - 5x5, 6x6, 7x7, Keychain - Mid & Low Volume - Exact & Phrase","=""384271447348191""",Phrase - Generic - 5x5 - Mid & Low Volume,B0BZL11XWC,"Cubelelo Drift 4x4, 5x5 Premium Gift Box | 2-in-1 Puzzle Game Set | Challenge, Thrice The Fun | Ultimate Value Saver Combo | Brainstoming Toy for Children Kids & Adults",-1,cubelelo,0300 Games & Puzzles,0307 Non-wooden Puzzles,Toy,1460510,AMAZON_IN,19739,214,1.0841%,3013.47,17,11464.73,17,177.26294,0.0861%,3.80449,15,10839.97,15,200.89800,0.0760%,3.59717,2,624.76,2,,,,,,,,,
INR,"May 13, 2026 - May 13, 2026","=""amzn1.ads-account.g.a5og6bnunpn8m911rke7gdql""",Cubelelo,279942205262904,BA - Generic - Mid & Low Volume,"=""369883644681767""","SP-KT - Magnetic - Open, 2x2, 4x4, 5x5 - High Volume - Exact & Phrase","=""549377709953283""",Phrase - Magnetic - 5x5 - Mid & Low Volume,B0BZL11XWC,"Cubelelo Drift 4x4, 5x5 Premium Gift Box | 2-in-1 Puzzle Game Set | Challenge, Thrice The Fun | Ultimate Value Saver Combo | Brainstoming Toy for Children Kids & Adults",-1,cubelelo,0300 Games & Puzzles,0307 Non-wooden Puzzles,Toy,1460510,AMAZON_IN,1,0,0.0000%,0.00,0,0.00,0,,0.0000%,,0,0.00,0,,0.0000%,,0,0.00,0,,,,,,,,,
INR,"May 16, 2026 - May 19, 2026","=""amzn1.ads-account.g.a5og6bnunpn8m911rke7gdql""",Cubelelo,279942205262904,BA - Generic - Mid & Low Volume,"=""369883644681767""","SP-KT - Magnetic - Open, 2x2, 4x4, 5x5 - High Volume - Exact & Phrase","=""398733777024064""",Phrase - Magnetic - 4x4 - Mid & Low Volume,B0BZL11XWC,"Cubelelo Drift 4x4, 5x5 Premium Gift Box | 2-in-1 Puzzle Game Set | Challenge, Thrice The Fun | Ultimate Value Saver Combo | Brainstoming Toy for Children Kids & Adults",-1,cubelelo,0300 Games & Puzzles,0307 Non-wooden Puzzles,Toy,1460510,AMAZON_IN,4,0,0.0000%,0.00,0,0.00,0,,0.0000%,,0,0.00,0,,0.0000%,,0,0.00,0,,,,,,,,,
INR,"May 01, 2026 - May 31, 2026","=""amzn1.ads-account.g.a5og6bnunpn8m911rke7gdql""",Cubelelo,279942205262904,BA - Generic - Mid & Low Volume,"=""332675778194131""",SP-KT - Generic - 4x4 - Mid & Low Volume - Exact & Phrase - DO,"=""318693646880033""",Phrase - Generic - 4x4 - Mid & Low Volume,B0BZL11XWC,"Cubelelo Drift 4x4, 5x5 Premium Gift Box | 2-in-1 Puzzle Game Set | Challenge, Thrice The Fun | Ultimate Value Saver Combo | Brainstoming Toy for Children Kids & Adults",-1,cubelelo,0300 Games & Puzzles,0307 Non-wooden Puzzles,Toy,1460510,AMAZON_IN,34067,279,0.8190%,3358.22,42,23958.01,56,79.95762,0.1233%,7.13414,36,20147.57,36,93.28389,0.1057%,5.99948,6,3810.44,20,,,,,,,,,
INR,"May 01, 2026 - May 31, 2026","=""amzn1.ads-account.g.a5og6bnunpn8m911rke7gdql""",Cubelelo,162147707583156,BA - Branded - Cubelelo,"=""329970929951347""",SP-KT - Branded - Cubelelo - Mid & Low Volume - Exact & Phrase - UND,"=""560146263793792""",Combo,B0BZL11XWC,"Cubelelo Drift 4x4, 5x5 Premium Gift Box | 2-in-1 Puzzle Game Set | Challenge, Thrice The Fun | Ultimate Value Saver Combo | Brainstoming Toy for Children Kids & Adults",-1,cubelelo,0300 Games & Puzzles,0307 Non-wooden Puzzles,Toy,1460510,AMAZON_IN,4070,25,0.6143%,201.50,7,2812.38,7,28.78571,0.1720%,13.95722,5,2071.43,5,40.30000,0.1229%,10.28005,2,740.95,2,,,,,,,,,
INR,"May 26, 2026 - May 26, 2026","=""amzn1.ads-account.g.a5og6bnunpn8m911rke7gdql""",Cubelelo,279942205262904,BA - Generic - Mid & Low Volume,"=""369883644681767""","SP-KT - Magnetic - Open, 2x2, 4x4, 5x5 - High Volume - Exact & Phrase","=""311152673530412""",Magnetic - 5x5 - Mid & Low Volume,B0BZL11XWC,"Cubelelo Drift 4x4, 5x5 Premium Gift Box | 2-in-1 Puzzle Game Set | Challenge, Thrice The Fun | Ultimate Value Saver Combo | Brainstoming Toy for Children Kids & Adults",-1,cubelelo,0300 Games & Puzzles,0307 Non-wooden Puzzles,Toy,1460510,AMAZON_IN,1,0,0.0000%,0.00,0,0.00,0,,0.0000%,,0,0.00,0,,0.0000%,,0,0.00,0,,,,,,,,,
INR,"May 01, 2026 - May 31, 2026","=""amzn1.ads-account.g.a5og6bnunpn8m911rke7gdql""",Cubelelo,162147707583156,BA - Branded - Cubelelo,"=""329970929951347""",SP-KT - Branded - Cubelelo - Mid & Low Volume - Exact & Phrase - UND,"=""302346821210022""",Branded - 4x4,B09MZ7WP73,"Cubelelo Drift 4M 4x4 (Magnetic) Speed Cube | AKA Revenge Cube | Combines Smoothness, Stability and Durability | Toys for Kids Ages 7-14 Boys Girls and Adults All Ages | 4x4x4 Puzzle Speedcube Toy",B0CBBV1B5T,cubelelo,0300 Games & Puzzles,0307 Non-wooden Puzzles,Toy,1040600,AMAZON_IN,72,6,8.3333%,36.78,2,805.72,2,18.39000,2.7778%,21.90647,1,426.67,1,36.78000,1.3889%,11.60060,1,379.05,1,,,,,,,,,
INR,"May 01, 2026 - May 31, 2026","=""amzn1.ads-account.g.a5og6bnunpn8m911rke7gdql""",Cubelelo,279942205262904,BA - Generic - Mid & Low Volume,"=""498287583816355""","SP-KT - Generic - 5x5, 6x6, 7x7, Keychain - Mid & Low Volume - Exact & Phrase","=""488567764457494""",Generic - Keychain - Low Volume,B09B75WYR2,Cubelelo Drift Mini 3x3 Keychain | Magic Speed Cube Toy | Puzzle for Kids and Adults | Compact and Handy Multi Purpose Brain Teaser Game for Fun and Joy | for Ages 3 Years and Above,-1,cubelelo,0300 Games & Puzzles,0307 Non-wooden Puzzles,Toy,1960100,AMAZON_IN,2287,64,2.7984%,172.45,9,4000.95,9,19.16111,0.3935%,23.20064,8,3725.71,8,21.55625,0.3498%,21.60458,1,275.24,1,,,,,,,,,
INR,"May 16, 2026 - May 31, 2026","=""amzn1.ads-account.g.a5og6bnunpn8m911rke7gdql""",Cubelelo,108066094626813,BA - Generic - Extremely High Volume,"=""345506724788622""","SP-KT - Mirror, Infinity & Combo - Open - High Volume - Exact","=""399619745424045""",Combo - High Volume SKAG,B0BZL11XWC,"Cubelelo Drift 4x4, 5x5 Premium Gift Box | 2-in-1 Puzzle Game Set | Challenge, Thrice The Fun | Ultimate Value Saver Combo | Brainstoming Toy for Children Kids & Adults",-1,cubelelo,0300 Games & Puzzles,0307 Non-wooden Puzzles,Toy,1460510,AMAZON_IN,2,0,0.0000%,0.00,0,0.00,0,,0.0000%,,0,0.00,0,,0.0000%,,0,0.00,0,,,,,,,,,
INR,"May 01, 2026 - May 31, 2026","=""amzn1.ads-account.g.a5og6bnunpn8m911rke7gdql""",Cubelelo,242135938115990,BA - Competition - Cubes,"=""398099328860046""",SP-PT - Cubes - Toys Best Seller - Above 200,"=""389104660034552""",SP-SP - Cubes - Toys Best Seller - Above 200,B0DRVQVFJB,Cubelelo Drift 3M v3 3x3 Magnetic Speedcube (Standard) | Latest Version with New & Improved Internal Structure for Smooth Turns & Stability | Cube Toy for 6-10 Years Old Boys Girls Adults,B0F18TBS19,cubelelo,0300 Games & Puzzles,0330 Brainteasers,Toy,1030604,AMAZON_IN,46945,92,0.1960%,568.77,3,443.81,3,189.59000,0.0064%,0.78030,3,443.81,3,189.59000,0.0064%,0.78030,0,0.00,0,,,,,,,,,
INR,"May 01, 2026 - May 31, 2026","=""amzn1.ads-account.g.a5og6bnunpn8m911rke7gdql""",Cubelelo,279942205262904,BA - Generic - Mid & Low Volume,"=""285784532724588""",SP-KT - Generic - Open - Cube - Mid & Low Volume - Exact & Phrase,"=""503467855821823""",Generic - Open Searches - Mid & Low Volume,B0DRVQVFJB,Cubelelo Drift 3M v3 3x3 Magnetic Speedcube (Standard) | Latest Version with New & Improved Internal Structure for Smooth Turns & Stability | Cube Toy for 6-10 Years Old Boys Girls Adults,B0F18TBS19,cubelelo,0300 Games & Puzzles,0330 Brainteasers,Toy,1030604,AMAZON_IN,18644,401,2.1508%,2622.48,43,20159.10,43,60.98791,0.2306%,7.68704,36,16910.53,36,72.84667,0.1931%,6.44830,7,3248.57,7,,,,,,,,,
INR,"May 01, 2026 - May 31, 2026","=""amzn1.ads-account.g.a5og6bnunpn8m911rke7gdql""",Cubelelo,162147707583156,BA - Branded - Cubelelo,"=""396531688533510""",BA - SP PT - Magnetic Cube - Brand - ST,"=""393022607656219""",Magnetic Cube_ST,B0DRVQVFJB,Cubelelo Drift 3M v3 3x3 Magnetic Speedcube (Standard) | Latest Version with New & Improved Internal Structure for Smooth Turns & Stability | Cube Toy for 6-10 Years Old Boys Girls Adults,B0F18TBS19,cubelelo,0300 Games & Puzzles,0330 Brainteasers,Toy,1030604,AMAZON_IN,1663,9,0.5412%,49.36,1,426.67,1,49.36000,0.0601%,8.64404,1,426.67,1,49.36000,0.0601%,8.64404,0,0.00,0,,,,,,,,,
INR,"May 01, 2026 - May 31, 2026","=""amzn1.ads-account.g.a5og6bnunpn8m911rke7gdql""",Cubelelo,279431566595154,Paused SB Campaigns - Old,"=""342892756369405""",BA_SBV_KT_3x3 Cube Generic _Magnetic_Phrase_4/24,"=""367878248809390""",Magnetic Cube 3x3,B0DRVQVFJB,Cubelelo Drift 3M v3 3x3 Magnetic Speedcube (Standard) | Latest Version with New & Improved Internal Structure for Smooth Turns & Stability | Cube Toy for 6-10 Years Old Boys Girls Adults,B0F18TBS19,cubelelo,0300 Games & Puzzles,0330 Brainteasers,Toy,,AMAZON_IN,5450,20,0.3670%,256.29,4,1128.58,4,64.07250,0.0734%,4.40353,1,475.24,1,256.29000,0.0183%,1.85431,3,653.34,3,4,1128.58,4,64.07250,0.0734%,4.40353,48,5.33938,0.8807%
INR,"May 01, 2026 - May 31, 2026","=""amzn1.ads-account.g.a5og6bnunpn8m911rke7gdql""",Cubelelo,108066094626813,BA - Generic - Extremely High Volume,"=""495997417400177""",SP-KT - Generic - Open - 'Rubix Cube' - SKAG - High Volume - Exact,"=""536771283942162""",Generic - Open Searches - High Volume SKAG,B0DRVQVFJB,Cubelelo Drift 3M v3 3x3 Magnetic Speedcube (Standard) | Latest Version with New & Improved Internal Structure for Smooth Turns & Stability | Cube Toy for 6-10 Years Old Boys Girls Adults,B0F18TBS19,cubelelo,0300 Games & Puzzles,0330 Brainteasers,Toy,1030604,AMAZON_IN,9598,378,3.9383%,3304.78,54,20982.92,56,61.19963,0.5626%,6.34926,40,18233.41,40,82.61950,0.4168%,5.51728,14,2749.51,16,,,,,,,,,
INR,"May 01, 2026 - May 31, 2026","=""amzn1.ads-account.g.a5og6bnunpn8m911rke7gdql""",Cubelelo,162147707583156,BA - Branded - Cubelelo,"=""329970929951347""",SP-KT - Branded - Cubelelo - Mid & Low Volume - Exact & Phrase - UND,"=""466745020882275""",Magnetic - 3x3,B0DRVQVFJB,Cubelelo Drift 3M v3 3x3 Magnetic Speedcube (Standard) | Latest Version with New & Improved Internal Structure for Smooth Turns & Stability | Cube Toy for 6-10 Years Old Boys Girls Adults,B0F18TBS19,cubelelo,0300 Games & Puzzles,0330 Brainteasers,Toy,1030604,AMAZON_IN,337,25,7.4184%,190.66,5,2993.34,6,38.13200,1.4837%,15.69989,5,2993.34,6,38.13200,1.4837%,15.69989,0,0.00,0,,,,,,,,,
INR,"May 01, 2026 - May 31, 2026","=""amzn1.ads-account.g.a5og6bnunpn8m911rke7gdql""",Cubelelo,279942205262904,BA - Generic - Mid & Low Volume,"=""369883644681767""","SP-KT - Magnetic - Open, 2x2, 4x4, 5x5 - High Volume - Exact & Phrase","=""555858234006967""",Magnetic - Open - Mid & Low Volume,B0DRVQVFJB,Cubelelo Drift 3M v3 3x3 Magnetic Speedcube (Standard) | Latest Version with New & Improved Internal Structure for Smooth Turns & Stability | Cube Toy for 6-10 Years Old Boys Girls Adults,B0F18TBS19,cubelelo,0300 Games & Puzzles,0330 Brainteasers,Toy,1030604,AMAZON_IN,3334,298,8.9382%,1423.38,30,14979.09,31,47.44600,0.8998%,10.52361,28,14628.61,29,50.83500,0.8398%,10.27738,2,350.48,2,,,,,,,,,
INR,"May 01, 2026 - May 31, 2026","=""amzn1.ads-account.g.a5og6bnunpn8m911rke7gdql""",Cubelelo,279942205262904,BA - Generic - Mid & Low Volume,"=""512597066162542""",SP-KT - Magnetic - 3x3 - Mid & Low Volume - Exact & Phrase - DO,"=""405975184325655""",Phrase - Magnetic - 3x3 - Mid & Low Volume,B0DRVQVFJB,Cubelelo Drift 3M v3 3x3 Magnetic Speedcube (Standard) | Latest Version with New & Improved Internal Structure for Smooth Turns & Stability | Cube Toy for 6-10 Years Old Boys Girls Adults,B0F18TBS19,cubelelo,0300 Games & Puzzles,0330 Brainteasers,Toy,1030604,AMAZON_IN,20369,762,3.7410%,4171.45,71,29279.16,71,58.75282,0.3486%,7.01894,59,27050.61,59,70.70254,0.2897%,6.48470,12,2228.55,12,,,,,,,,,
INR,"May 01, 2026 - May 31, 2026","=""amzn1.ads-account.g.a5og6bnunpn8m911rke7gdql""",Cubelelo,108066094626813,BA - Generic - Extremely High Volume,"=""401436515512721""",SP-KT - Magnetic - 'Rubix Cube 3x3 Magnetic' - SKAG - High Volume - Exact,"=""342743977581960""",Generic - High Volume SKAG,B0DJQWJFSX,Cubelelo Drift 3M Plus v2 3x3 (Magnetic) (New Upgraded Version) | Based on MoYu RS3M v5 | Dual-Adjustment System | Speedcube for Kids & Adults | Magic Speedy Stress Buster Brainstorming Puzzle,B0DP31B4Y4,cubelelo,0300 Games & Puzzles,0307 Non-wooden Puzzles,Toy,1030651,AMAZON_IN,147324,659,0.4473%,7507.32,64,42549.43,70,117.30188,0.0434%,5.66773,49,33458.94,49,153.21061,0.0333%,4.45684,15,9090.49,21,,,,,,,,,
INR,"May 01, 2026 - May 31, 2026","=""amzn1.ads-account.g.a5og6bnunpn8m911rke7gdql""",Cubelelo,279942205262904,BA - Generic - Mid & Low Volume,"=""285784532724588""",SP-KT - Generic - Open - Cube - Mid & Low Volume - Exact & Phrase,"=""479419335051851""",Phrase - Generic - Open Searches - Mid & Low Volume,B0DRVQVFJB,Cubelelo Drift 3M v3 3x3 Magnetic Speedcube (Standard) | Latest Version with New & Improved Internal Structure for Smooth Turns & Stability | Cube Toy for 6-10 Years Old Boys Girls Adults,B0F18TBS19,cubelelo,0300 Games & Puzzles,0330 Brainteasers,Toy,1030604,AMAZON_IN,13831,445,3.2174%,3289.98,53,21658.17,53,62.07509,0.3832%,6.58307,41,18846.75,41,80.24341,0.2964%,5.72853,12,2811.42,12,,,,,,,,,
INR,"May 01, 2026 - May 31, 2026","=""amzn1.ads-account.g.a5og6bnunpn8m911rke7gdql""",Cubelelo,279942205262904,BA - Generic - Mid & Low Volume,"=""334559235709808""",SP-KT - Generic - 3x3 - Mid & Low Volume - Exact & Phrase - UND,"=""412851408598744""",Generic - 3x3 - Mid & Low Volume,B0DRVQVFJB,Cubelelo Drift 3M v3 3x3 Magnetic Speedcube (Standard) | Latest Version with New & Improved Internal Structure for Smooth Turns & Stability | Cube Toy for 6-10 Years Old Boys Girls Adults,B0F18TBS19,cubelelo,0300 Games & Puzzles,0330 Brainteasers,Toy,1030604,AMAZON_IN,72378,1769,2.4441%,13175.40,258,102628.92,259,51.06744,0.3565%,7.78944,167,72396.55,167,78.89461,0.2307%,5.49483,91,30232.37,92,,,,,,,,,
INR,"May 01, 2026 - May 31, 2026","=""amzn1.ads-account.g.a5og6bnunpn8m911rke7gdql""",Cubelelo,279942205262904,BA - Generic - Mid & Low Volume,"=""512597066162542""",SP-KT - Magnetic - 3x3 - Mid & Low Volume - Exact & Phrase - DO,"=""357712340082511""",Magnetic - 3x3 - Mid & Low Volume,B0DRVQVFJB,Cubelelo Drift 3M v3 3x3 Magnetic Speedcube (Standard) | Latest Version with New & Improved Internal Structure for Smooth Turns & Stability | Cube Toy for 6-10 Years Old Boys Girls Adults,B0F18TBS19,cubelelo,0300 Games & Puzzles,0330 Brainteasers,Toy,1030604,AMAZON_IN,49382,1058,2.1425%,5847.36,120,57016.39,123,48.72800,0.2430%,9.75079,107,51519.26,108,54.64822,0.2167%,8.81069,13,5497.13,15,,,,,,,,,
INR,"May 01, 2026 - May 31, 2026","=""amzn1.ads-account.g.a5og6bnunpn8m911rke7gdql""",Cubelelo,162147707583156,BA - Branded - Cubelelo,"=""329970929951347""",SP-KT - Branded - Cubelelo - Mid & Low Volume - Exact & Phrase - UND,"=""298700263606024""",Branded,B0DRVQVFJB,Cubelelo Drift 3M v3 3x3 Magnetic Speedcube (Standard) | Latest Version with New & Improved Internal Structure for Smooth Turns & Stability | Cube Toy for 6-10 Years Old Boys Girls Adults,B0F18TBS19,cubelelo,0300 Games & Puzzles,0330 Brainteasers,Toy,1030604,AMAZON_IN,6871,151,2.1976%,651.04,25,9371.48,25,26.04160,0.3638%,14.39463,17,7972.43,17,38.29647,0.2474%,12.24568,8,1399.05,8,,,,,,,,,
INR,"May 01, 2026 - May 31, 2026","=""amzn1.ads-account.g.a5og6bnunpn8m911rke7gdql""",Cubelelo,162147707583156,BA - Branded - Cubelelo,"=""329970929951347""",SP-KT - Branded - Cubelelo - Mid & Low Volume - Exact & Phrase - UND,"=""479460967599506""",Branded - 3x3,B0DRVQVFJB,Cubelelo Drift 3M v3 3x3 Magnetic Speedcube (Standard) | Latest Version with New & Improved Internal Structure for Smooth Turns & Stability | Cube Toy for 6-10 Years Old Boys Girls Adults,B0F18TBS19,cubelelo,0300 Games & Puzzles,0330 Brainteasers,Toy,1030604,AMAZON_IN,3468,108,3.1142%,379.54,15,6313.37,15,25.30267,0.4325%,16.63427,15,6313.37,15,25.30267,0.4325%,16.63427,0,0.00,0,,,,,,,,,
INR,"May 01, 2026 - May 31, 2026","=""amzn1.ads-account.g.a5og6bnunpn8m911rke7gdql""",Cubelelo,63272072822448,Old - Speed Cube Campaigns All,"=""495291247543690""",BA_SP_KT_Speed cube 3x3_Generic_Phrase_09/23,"=""533767985616784""",Speed cube 3x3,B0DRVQVFJB,Cubelelo Drift 3M v3 3x3 Magnetic Speedcube (Standard) | Latest Version with New & Improved Internal Structure for Smooth Turns & Stability | Cube Toy for 6-10 Years Old Boys Girls Adults,B0F18TBS19,cubelelo,0300 Games & Puzzles,0330 Brainteasers,Toy,1030604,AMAZON_IN,5208,331,6.3556%,2015.48,68,32622.96,69,29.63941,1.3057%,16.18620,59,27185.83,60,34.16068,1.1329%,13.48851,9,5437.13,9,,,,,,,,,
INR,"May 01, 2026 - May 31, 2026","=""amzn1.ads-account.g.a5og6bnunpn8m911rke7gdql""",Cubelelo,108066094626813,BA - Generic - Extremely High Volume,"=""484046863276712""",SP-KT - Generic - Open - 'Rubik's Cube' - SKAG - High Volume - Exact,"=""514344038519157""",Generic - Open Searches - High Volume SKAG,B0DRVQVFJB,Cubelelo Drift 3M v3 3x3 Magnetic Speedcube (Standard) | Latest Version with New & Improved Internal Structure for Smooth Turns & Stability | Cube Toy for 6-10 Years Old Boys Girls Adults,B0F18TBS19,cubelelo,0300 Games & Puzzles,0330 Brainteasers,Toy,1030604,AMAZON_IN,56957,1330,2.3351%,12611.51,178,64394.48,181,70.85118,0.3125%,5.10601,105,47995.47,105,120.10962,0.1843%,3.80569,73,16399.01,76,,,,,,,,,
INR,"May 01, 2026 - May 31, 2026","=""amzn1.ads-account.g.a5og6bnunpn8m911rke7gdql""",Cubelelo,153505421940411,BA - Competition - Moyu,"=""508041836775444""",SP-KT - Comp - Moyu - Generic - High Volume - Exact,"=""314697139428353""",Moyu - Generic - High Volume,B0DJQWJFSX,Cubelelo Drift 3M Plus v2 3x3 (Magnetic) (New Upgraded Version) | Based on MoYu RS3M v5 | Dual-Adjustment System | Speedcube for Kids & Adults | Magic Speedy Stress Buster Brainstorming Puzzle,B0DP31B4Y4,cubelelo,0300 Games & Puzzles,0307 Non-wooden Puzzles,Toy,1030651,AMAZON_IN,6667,64,0.9600%,332.51,7,3991.41,7,47.50143,0.1050%,12.00388,7,3991.41,7,47.50143,0.1050%,12.00388,0,0.00,0,,,,,,,,,
INR,"May 03, 2026 - May 29, 2026","=""amzn1.ads-account.g.a5og6bnunpn8m911rke7gdql""",Cubelelo,279942205262904,BA - Generic - Mid & Low Volume,"=""405383753413943""","SP-KT - Lube Combo, Magic, Pyraminx, Skewb, Stand, Timer, Gear - Open - Mid & Low Volume - Exact & Phrase","=""515672683970502""",Magic - Mid & Low Volume - Exact & Phrase,B0DRVQVFJB,Cubelelo Drift 3M v3 3x3 Magnetic Speedcube (Standard) | Latest Version with New & Improved Internal Structure for Smooth Turns & Stability | Cube Toy for 6-10 Years Old Boys Girls Adults,B0F18TBS19,cubelelo,0300 Games & Puzzles,0330 Brainteasers,Toy,1030604,AMAZON_IN,15,0,0.0000%,0.00,0,0.00,0,,0.0000%,,0,0.00,0,,0.0000%,,0,0.00,0,,,,,,,,,
INR,"May 01, 2026 - May 31, 2026","=""amzn1.ads-account.g.a5og6bnunpn8m911rke7gdql""",Cubelelo,108066094626813,BA - Generic - Extremely High Volume,"=""353368777045800""",SP-KT - Generic - 3x3 - 'Rubik's Cube 3x3 Speed Cube' - SKAG - High Volume - Exact - UND,"=""333014230375447""",Generic - 3x3 - High Volume SKAG,B0DRVQVFJB,Cubelelo Drift 3M v3 3x3 Magnetic Speedcube (Standard) | Latest Version with New & Improved Internal Structure for Smooth Turns & Stability | Cube Toy for 6-10 Years Old Boys Girls Adults,B0F18TBS19,cubelelo,0300 Games & Puzzles,0330 Brainteasers,Toy,1030604,AMAZON_IN,123090,1670,1.3567%,12365.54,219,84608.89,221,56.46365,0.1779%,6.84231,148,68299.35,149,83.55095,0.1202%,5.52336,71,16309.54,72,,,,,,,,,
INR,"May 01, 2026 - May 31, 2026","=""amzn1.ads-account.g.a5og6bnunpn8m911rke7gdql""",Cubelelo,279942205262904,BA - Generic - Mid & Low Volume,"=""334559235709808""",SP-KT - Generic - 3x3 - Mid & Low Volume - Exact & Phrase - UND,"=""363319492631962""",Phrase - Generic - 3x3 - Mid & Low Volume,B0DRVQVFJB,Cubelelo Drift 3M v3 3x3 Magnetic Speedcube (Standard) | Latest Version with New & Improved Internal Structure for Smooth Turns & Stability | Cube Toy for 6-10 Years Old Boys Girls Adults,B0F18TBS19,cubelelo,0300 Games & Puzzles,0330 Brainteasers,Toy,1030604,AMAZON_IN,39166,943,2.4077%,6861.00,126,56345.87,130,54.45238,0.3217%,8.21249,102,44611.61,102,67.26471,0.2604%,6.50220,24,11734.26,28,,,,,,,,,
INR,"May 01, 2026 - May 31, 2026","=""amzn1.ads-account.g.a5og6bnunpn8m911rke7gdql""",Cubelelo,108066094626813,BA - Generic - Extremely High Volume,"=""401436515512721""",SP-KT - Magnetic - 'Rubix Cube 3x3 Magnetic' - SKAG - High Volume - Exact,"=""342743977581960""",Generic - High Volume SKAG,B0DRVQVFJB,Cubelelo Drift 3M v3 3x3 Magnetic Speedcube (Standard) | Latest Version with New & Improved Internal Structure for Smooth Turns & Stability | Cube Toy for 6-10 Years Old Boys Girls Adults,B0F18TBS19,cubelelo,0300 Games & Puzzles,0330 Brainteasers,Toy,1030604,AMAZON_IN,62148,868,1.3967%,6090.31,120,50161.16,130,50.75258,0.1931%,8.23622,83,39970.65,85,73.37723,0.1336%,6.56299,37,10190.51,45,,,,,,,,,
INR,"May 01, 2026 - May 31, 2026","=""amzn1.ads-account.g.a5og6bnunpn8m911rke7gdql""",Cubelelo,152274827442004,BA - Competition - D Eternal,"=""327219448958152""",SP-PT - Comp - Hawkister - High Volume - Exact,"=""521889920077913""",PT - Hawkister No.5,B0DRVQVFJB,Cubelelo Drift 3M v3 3x3 Magnetic Speedcube (Standard) | Latest Version with New & Improved Internal Structure for Smooth Turns & Stability | Cube Toy for 6-10 Years Old Boys Girls Adults,B0F18TBS19,cubelelo,0300 Games & Puzzles,0330 Brainteasers,Toy,1030604,AMAZON_IN,21990,1938,8.8131%,12907.27,209,95344.20,213,61.75727,0.9504%,7.38686,169,79325.13,173,76.37438,0.7685%,6.14577,40,16019.07,40,,,,,,,,,
INR,"May 01, 2026 - May 31, 2026","=""amzn1.ads-account.g.a5og6bnunpn8m911rke7gdql""",Cubelelo,162147707583156,BA - Branded - Cubelelo,"=""329970929951347""",SP-KT - Branded - Cubelelo - Mid & Low Volume - Exact & Phrase - UND,"=""526301691836211""",Branded - 3x3 - Phrase,B0DRVQVFJB,Cubelelo Drift 3M v3 3x3 Magnetic Speedcube (Standard) | Latest Version with New & Improved Internal Structure for Smooth Turns & Stability | Cube Toy for 6-10 Years Old Boys Girls Adults,B0F18TBS19,cubelelo,0300 Games & Puzzles,0330 Brainteasers,Toy,1030604,AMAZON_IN,20153,579,2.8730%,1830.26,110,51162.06,111,16.63873,0.5458%,27.95344,92,43220.18,93,19.89413,0.4565%,23.61423,18,7941.88,18,,,,,,,,,
INR,"May 01, 2026 - May 31, 2026","=""amzn1.ads-account.g.a5og6bnunpn8m911rke7gdql""",Cubelelo,279942205262904,BA - Generic - Mid & Low Volume,"=""369883644681767""","SP-KT - Magnetic - Open, 2x2, 4x4, 5x5 - High Volume - Exact & Phrase","=""475526629790872""",Phrase - Magnetic - Open - Mid & Low Volume,B0DRVQVFJB,Cubelelo Drift 3M v3 3x3 Magnetic Speedcube (Standard) | Latest Version with New & Improved Internal Structure for Smooth Turns & Stability | Cube Toy for 6-10 Years Old Boys Girls Adults,B0F18TBS19,cubelelo,0300 Games & Puzzles,0330 Brainteasers,Toy,1030604,AMAZON_IN,39999,912,2.2801%,6155.35,90,42070.64,92,68.39278,0.2250%,6.83481,85,38462.06,87,72.41588,0.2125%,6.24856,5,3608.58,5,,,,,,,,,
INR,"May 01, 2026 - May 31, 2026","=""amzn1.ads-account.g.a5og6bnunpn8m911rke7gdql""",Cubelelo,207487404658099,BA - Competition - Qiyi,"=""302880384926419""",SP-KT - Comp - Qiyi - Generic - Mid & Low Volume - Exact & Phrase,"=""346372267338017""",Qiyi - Tornado - Mid & Low Volume,B0DJQWJFSX,Cubelelo Drift 3M Plus v2 3x3 (Magnetic) (New Upgraded Version) | Based on MoYu RS3M v5 | Dual-Adjustment System | Speedcube for Kids & Adults | Magic Speedy Stress Buster Brainstorming Puzzle,B0DP31B4Y4,cubelelo,0300 Games & Puzzles,0307 Non-wooden Puzzles,Toy,1030651,AMAZON_IN,64,0,0.0000%,0.00,0,0.00,0,,0.0000%,,0,0.00,0,,0.0000%,,0,0.00,0,,,,,,,,,
INR,"May 01, 2026 - May 31, 2026","=""amzn1.ads-account.g.a5og6bnunpn8m911rke7gdql""",Cubelelo,162147707583156,BA - Branded - Cubelelo,"=""408832603271930""",BA_SP_KT_Brand Drift (3x3)_Phrase_09/23,"=""462288077097605""",Brand Drift (3x3),B0DRVQVFJB,Cubelelo Drift 3M v3 3x3 Magnetic Speedcube (Standard) | Latest Version with New & Improved Internal Structure for Smooth Turns & Stability | Cube Toy for 6-10 Years Old Boys Girls Adults,B0F18TBS19,cubelelo,0300 Games & Puzzles,0330 Brainteasers,Toy,1030604,AMAZON_IN,1157,85,7.3466%,318.83,16,8501.93,16,19.92688,1.3829%,26.66603,13,6696.22,13,24.52538,1.1236%,21.00248,3,1805.71,3,,,,,,,,,
INR,"May 01, 2026 - May 31, 2026","=""amzn1.ads-account.g.a5og6bnunpn8m911rke7gdql""",Cubelelo,108066094626813,BA - Generic - Extremely High Volume,"=""440555788438461""",SP-KT - Generic - Drift 3M v3 3X3 - High Vol - Exact,"=""506251473997246""",Drift 3M v3 3X3,B0DRVQVFJB,Cubelelo Drift 3M v3 3x3 Magnetic Speedcube (Standard) | Latest Version with New & Improved Internal Structure for Smooth Turns & Stability | Cube Toy for 6-10 Years Old Boys Girls Adults,B0F18TBS19,cubelelo,0300 Games & Puzzles,0330 Brainteasers,Toy,1030604,AMAZON_IN,11301,481,4.2563%,2528.38,44,20699.15,44,57.46318,0.3893%,8.18672,41,17941.06,41,61.66780,0.3628%,7.09587,3,2758.09,3,,,,,,,,,
INR,"May 01, 2026 - May 31, 2026","=""amzn1.ads-account.g.a5og6bnunpn8m911rke7gdql""",Cubelelo,162147707583156,BA - Branded - Cubelelo,"=""433317578586761""",SP-KT - Branded - Cubelelo - High Volume - Exact,"=""332121459254132""",Branded - SKAG,B0DRVQVFJB,Cubelelo Drift 3M v3 3x3 Magnetic Speedcube (Standard) | Latest Version with New & Improved Internal Structure for Smooth Turns & Stability | Cube Toy for 6-10 Years Old Boys Girls Adults,B0F18TBS19,cubelelo,0300 Games & Puzzles,0330 Brainteasers,Toy,1030604,AMAZON_IN,7554,215,2.8462%,1624.45,35,14710.50,35,46.41286,0.4633%,9.05568,25,11915.28,25,64.97800,0.3310%,7.33496,10,2795.22,10,,,,,,,,,
INR,"May 01, 2026 - May 31, 2026","=""amzn1.ads-account.g.a5og6bnunpn8m911rke7gdql""",Cubelelo,108066094626813,BA - Generic - Extremely High Volume,"=""442384136510181""","SP-KT - Generic - 3x3 - 'Cube, Cube Puzzle, Cube 33, Rubik's Cube 3x3',rubik's cube 3x3 speed cube - High Volume - Exact","=""368381636014986""",Generic - 3x3 - High Volume SKAG,B0DRVQVFJB,Cubelelo Drift 3M v3 3x3 Magnetic Speedcube (Standard) | Latest Version with New & Improved Internal Structure for Smooth Turns & Stability | Cube Toy for 6-10 Years Old Boys Girls Adults,B0F18TBS19,cubelelo,0300 Games & Puzzles,0330 Brainteasers,Toy,1030604,AMAZON_IN,3439,55,1.5993%,484.77,4,1233.33,4,121.19250,0.1163%,2.54416,2,950.48,2,242.38500,0.0582%,1.96068,2,282.85,2,,,,,,,,,
INR,"May 01, 2026 - May 31, 2026","=""amzn1.ads-account.g.a5og6bnunpn8m911rke7gdql""",Cubelelo,279942205262904,BA - Generic - Mid & Low Volume,"=""490754366018145""",SP-KT - Gen Copy - 3M (V3) - Exact,"=""305829632229148""",3M (V3),B0DRVQVFJB,Cubelelo Drift 3M v3 3x3 Magnetic Speedcube (Standard) | Latest Version with New & Improved Internal Structure for Smooth Turns & Stability | Cube Toy for 6-10 Years Old Boys Girls Adults,B0F18TBS19,cubelelo,0300 Games & Puzzles,0330 Brainteasers,Toy,1030604,AMAZON_IN,23219,955,4.1130%,7508.41,107,38361.04,110,70.17206,0.4608%,5.10908,55,24204.90,56,136.51655,0.2369%,3.22371,52,14156.14,54,,,,,,,,,
INR,"May 01, 2026 - May 31, 2026","=""amzn1.ads-account.g.a5og6bnunpn8m911rke7gdql""",Cubelelo,44034571834589,BA - SD Campaigns,"=""403022595429362""",BA_SD_Category Targeting_VR_All Products_5/24,"=""483093739067840""",VR,B0DRVQVFJB,Cubelelo Drift 3M v3 3x3 Magnetic Speedcube (Standard) | Latest Version with New & Improved Internal Structure for Smooth Turns & Stability | Cube Toy for 6-10 Years Old Boys Girls Adults,B0F18TBS19,cubelelo,0300 Games & Puzzles,0330 Brainteasers,Toy,1030604,AMAZON_IN,617208,1872,0.3033%,13013.49,76,32435.16,80,171.23013,0.0123%,2.49243,40,17610.58,41,325.33725,0.0065%,1.35326,36,14824.58,39,42,17989.40,43,309.84500,0.0068%,1.38237,3929,3.31216,0.6366%
INR,"May 01, 2026 - May 31, 2026","=""amzn1.ads-account.g.a5og6bnunpn8m911rke7gdql""",Cubelelo,279942205262904,BA - Generic - Mid & Low Volume,"=""560766968003680""","SP-KT - Mirror, Infinity & Combo - Open - Mid & Low Volume - Exact & Phrase - UND","=""432237711542454""",Phrase - Infinity - Mid & Low Volume,B0CW1R5ZBW,Cubelelo Drift Infinity Cube Combo (Pack of 2 - Blue & Green) | Stress Relief Fidget Toy for Focus & Anxiety Reduction | Portable Pocket-Sized Desk Gadget for All Age,B0CWH1ZVTQ,cubelelo,0300 Games & Puzzles,0307 Non-wooden Puzzles,Toy,CLB0214,AMAZON_IN,4763,23,0.4829%,161.20,1,283.81,1,161.20000,0.0210%,1.76061,1,283.81,1,161.20000,0.0210%,1.76061,0,0.00,0,,,,,,,,,
INR,"May 30, 2026 - May 31, 2026","=""amzn1.ads-account.g.a5og6bnunpn8m911rke7gdql""",Cubelelo,162147707583156,BA - Branded - Cubelelo,"=""343328245514155""",BA - SP PT - Cube Timer - Brand - ST,"=""544745524853066""",Cube timer_ST,B0CNKHXNX4,Cubelelo QiYi Smart Timer (Bluetooth) | Easy Quick to Set-up English User Manual Included,-1,cubelelo,"0200 Arts, Crafts & School Supplies",0223 Stationery,Toy,1380042,AMAZON_IN,2,0,0.0000%,0.00,0,0.00,0,,0.0000%,,0,0.00,0,,0.0000%,,0,0.00,0,,,,,,,,,
INR,"May 26, 2026 - May 31, 2026","=""amzn1.ads-account.g.a5og6bnunpn8m911rke7gdql""",Cubelelo,14896671318530,BA - Tinker Box,"=""178894007177834""",BA - SP - Auto - Tinker Box - 0-2 Years - DO,"=""524300284583215""",Tinker Box,B0FQWC765C,TinkerBox Fabric Winder | 18+ Months | Montessori Wooden Fine Motor Toy for Toddlers & Kids | Interactive Play Toy for Hand-Eye Coordination & Focus | Safe & Durable Learning Toy,-1,Tinker Box,0600 Infants/Preschool,0627 All Other Infant Toys,Toy,TB08002,AMAZON_IN,731,5,0.6840%,21.83,2,1283.81,2,10.91500,0.2736%,58.80944,2,1283.81,2,10.91500,0.2736%,58.80944,0,0.00,0,,,,,,,,,
INR,"May 06, 2026 - May 09, 2026","=""amzn1.ads-account.g.a5og6bnunpn8m911rke7gdql""",Cubelelo,279942205262904,BA - Generic - Mid & Low Volume,"=""315451570129574""","SP-KT - Maglev, Mastermorphix, Puppet, Snake, Square1, Megaminx - Open - Mid & Low Volume - Exact & Phrase - UND","=""391120880267490""",Unique - Mid & Low Volume - Exact & Phrase,B0C55KWQPH,Cubelelo Twist Pyraminx M (Magnetic) | Stickerless Pyramid Triangle High Speed Puzzle for Kids and Adults | Magic Speedy Brainstorming Stressbuster Multicolor Cube,B0CFFC4DMP,cubelelo,0300 Games & Puzzles,0307 Non-wooden Puzzles,Toy,B0C55KWQPH,AMAZON_IN,2,0,0.0000%,0.00,0,0.00,0,,0.0000%,,0,0.00,0,,0.0000%,,0,0.00,0,,,,,,,,,
INR,"May 01, 2026 - May 30, 2026","=""amzn1.ads-account.g.a5og6bnunpn8m911rke7gdql""",Cubelelo,279942205262904,BA - Generic - Mid & Low Volume,"=""405383753413943""","SP-KT - Lube Combo, Magic, Pyraminx, Skewb, Stand, Timer, Gear - Open - Mid & Low Volume - Exact & Phrase","=""291482927814540""",Pyraminx - Mid & Low Volume - Exact & Phrase,B0C55KWQPH,Cubelelo Twist Pyraminx M (Magnetic) | Stickerless Pyramid Triangle High Speed Puzzle for Kids and Adults | Magic Speedy Brainstorming Stressbuster Multicolor Cube,B0CFFC4DMP,cubelelo,0300 Games & Puzzles,0307 Non-wooden Puzzles,Toy,B0C55KWQPH,AMAZON_IN,10,0,0.0000%,0.00,0,0.00,0,,0.0000%,,0,0.00,0,,0.0000%,,0,0.00,0,,,,,,,,,
INR,"May 18, 2026 - May 23, 2026","=""amzn1.ads-account.g.a5og6bnunpn8m911rke7gdql""",Cubelelo,108066094626813,BA - Generic - Extremely High Volume,"=""530532259196935""","SP-KT - Megaminx, Pyramid, Timer & Gear - Open - High Volume - Exact","=""321431385380150""",Pyramid - High Volume,B0C55KWQPH,Cubelelo Twist Pyraminx M (Magnetic) | Stickerless Pyramid Triangle High Speed Puzzle for Kids and Adults | Magic Speedy Brainstorming Stressbuster Multicolor Cube,B0CFFC4DMP,cubelelo,0300 Games & Puzzles,0307 Non-wooden Puzzles,Toy,B0C55KWQPH,AMAZON_IN,3,0,0.0000%,0.00,0,0.00,0,,0.0000%,,0,0.00,0,,0.0000%,,0,0.00,0,,,,,,,,,
INR,"May 01, 2026 - May 31, 2026","=""amzn1.ads-account.g.a5og6bnunpn8m911rke7gdql""",Cubelelo,182829498693993,BA - Competition - GAN,"=""548052105782309""",SP-KT - Comp - GAN - 3x3 - High Volume - Exact,"=""489910891681991""",Gan - 3x3 - High Volume,B0DRSL7NTJ,"Cubelelo GAN Monster Go (v3) Magnetic 3x3 Speedcube | Honeycomb Design for Buttery Smooth & Stable Turning, Adjustable Tension, Corner Cutting | Ideal Puzzle Toy for Beginners, Boys & Girls Ages 6+",B0DX26WL82,cubelelo,0300 Games & Puzzles,0307 Non-wooden Puzzles,Toy,1030545,AMAZON_IN,7206,77,1.0686%,306.92,1,951.43,1,306.92000,0.0139%,3.09993,1,951.43,1,306.92000,0.0139%,3.09993,0,0.00,0,,,,,,,,,
INR,"May 01, 2026 - May 31, 2026","=""amzn1.ads-account.g.a5og6bnunpn8m911rke7gdql""",Cubelelo,182829498693993,BA - Competition - GAN,"=""303138629347007""",SP-KT - Comp - GAN - Generic - Mid & Low Volume - Exact & Phrase,"=""432248665340700""",Phrase - Gan - Generic - Mid & Low Volume,B0DRSL7NTJ,"Cubelelo GAN Monster Go (v3) Magnetic 3x3 Speedcube | Honeycomb Design for Buttery Smooth & Stable Turning, Adjustable Tension, Corner Cutting | Ideal Puzzle Toy for Beginners, Boys & Girls Ages 6+",B0DX26WL82,cubelelo,0300 Games & Puzzles,0307 Non-wooden Puzzles,Toy,1030545,AMAZON_IN,31007,670,2.1608%,4363.08,36,31684.78,36,121.19667,0.1161%,7.26202,21,24740.02,21,207.76571,0.0677%,5.67031,15,6944.76,15,,,,,,,,,
INR,"May 01, 2026 - May 31, 2026","=""amzn1.ads-account.g.a5og6bnunpn8m911rke7gdql""",Cubelelo,182829498693993,BA - Competition - GAN,"=""287167733706633""",SP-KT - Comp - GAN - Generic - High Volume - Exact,"=""497061644898658""",Gan - Generic - High Volume,B0DRSL7NTJ,"Cubelelo GAN Monster Go (v3) Magnetic 3x3 Speedcube | Honeycomb Design for Buttery Smooth & Stable Turning, Adjustable Tension, Corner Cutting | Ideal Puzzle Toy for Beginners, Boys & Girls Ages 6+",B0DX26WL82,cubelelo,0300 Games & Puzzles,0307 Non-wooden Puzzles,Toy,1030545,AMAZON_IN,1873,9,0.4805%,31.22,0,0.00,0,,0.0000%,0.00000,0,0.00,0,,0.0000%,0.00000,0,0.00,0,,,,,,,,,
INR,"May 01, 2026 - May 31, 2026","=""amzn1.ads-account.g.a5og6bnunpn8m911rke7gdql""",Cubelelo,182829498693993,BA - Competition - GAN,"=""303138629347007""",SP-KT - Comp - GAN - Generic - Mid & Low Volume - Exact & Phrase,"=""439855833331529""",Gan - Generic - Mid & Low Volume,B0DRSL7NTJ,"Cubelelo GAN Monster Go (v3) Magnetic 3x3 Speedcube | Honeycomb Design for Buttery Smooth & Stable Turning, Adjustable Tension, Corner Cutting | Ideal Puzzle Toy for Beginners, Boys & Girls Ages 6+",B0DX26WL82,cubelelo,0300 Games & Puzzles,0307 Non-wooden Puzzles,Toy,1030545,AMAZON_IN,1850,47,2.5405%,258.41,0,0.00,0,,0.0000%,0.00000,0,0.00,0,,0.0000%,0.00000,0,0.00,0,,,,,,,,,
INR,"May 01, 2026 - May 31, 2026","=""amzn1.ads-account.g.a5og6bnunpn8m911rke7gdql""",Cubelelo,182829498693993,BA - Competition - GAN,"=""491880598355368""",SP-KT - Comp - GAN - 3x3 - Mid & Low Volume - Exact & Phrase,"=""404568450484859""",Gan - 3x3 - Mid & Low Volume,B0DRSL7NTJ,"Cubelelo GAN Monster Go (v3) Magnetic 3x3 Speedcube | Honeycomb Design for Buttery Smooth & Stable Turning, Adjustable Tension, Corner Cutting | Ideal Puzzle Toy for Beginners, Boys & Girls Ages 6+",B0DX26WL82,cubelelo,0300 Games & Puzzles,0307 Non-wooden Puzzles,Toy,1030545,AMAZON_IN,396,17,4.2929%,63.56,2,1321.85,2,31.78000,0.5051%,20.79689,1,846.61,1,63.56000,0.2525%,13.31986,1,475.24,1,,,,,,,,,
INR,"May 01, 2026 - May 29, 2026","=""amzn1.ads-account.g.a5og6bnunpn8m911rke7gdql""",Cubelelo,153616914906061,Old - GAN Cube Campaigns All,"=""489604592702272""",BA_SP_KT_Gan 3x3_Generic_Phrase_09/23,"=""301678064380383""",Gan 3x3,B0DRSL7NTJ,"Cubelelo GAN Monster Go (v3) Magnetic 3x3 Speedcube | Honeycomb Design for Buttery Smooth & Stable Turning, Adjustable Tension, Corner Cutting | Ideal Puzzle Toy for Beginners, Boys & Girls Ages 6+",B0DX26WL82,cubelelo,0300 Games & Puzzles,0307 Non-wooden Puzzles,Toy,1030545,AMAZON_IN,32,1,3.1250%,2.57,0,0.00,0,,0.0000%,0.00000,0,0.00,0,,0.0000%,0.00000,0,0.00,0,,,,,,,,,
INR,"May 01, 2026 - May 31, 2026","=""amzn1.ads-account.g.a5og6bnunpn8m911rke7gdql""",Cubelelo,106276615587889,BA - Wooden Toys,"=""514205760335996""",SP-KT - Montessori Slide Four Colour Puzzle - Mid & Low Volume - Exact,"=""297202938929171""",KT - Colour stack,B0C17348FD,Cubelelo Drift Montessori Slide Four Colour Puzzle Game | Educational Wooden Toy for Kids | Color & Shape Matching Brain Teaser for Ages 3-7 | Preschool Learning Toy for Boys & Girls,-1,cubelelo,1800 Learning & Exploration,1817 Educational Toys,Toy,4001050,AMAZON_IN,2540,9,0.3543%,123.04,0,0.00,0,,0.0000%,0.00000,0,0.00,0,,0.0000%,0.00000,0,0.00,0,,,,,,,,,
INR,"May 14, 2026 - May 25, 2026","=""amzn1.ads-account.g.a5og6bnunpn8m911rke7gdql""",Cubelelo,215664054810032,BA - Number Sliding Puzzle,"=""487445557152955""",SP - PT - 4x4 Number Sliding Puzzle - Competition,"=""311373567312843""",SP PT,B0C17348FD,Cubelelo Drift Montessori Slide Four Colour Puzzle Game | Educational Wooden Toy for Kids | Color & Shape Matching Brain Teaser for Ages 3-7 | Preschool Learning Toy for Boys & Girls,-1,cubelelo,1800 Learning & Exploration,1817 Educational Toys,Toy,4001050,AMAZON_IN,7,1,14.2857%,14.03,0,0.00,0,,0.0000%,0.00000,0,0.00,0,,0.0000%,0.00000,0,0.00,0,,,,,,,,,
INR,"May 01, 2026 - May 31, 2026","=""amzn1.ads-account.g.a5og6bnunpn8m911rke7gdql""",Cubelelo,279942205262904,BA - Generic - Mid & Low Volume,"=""498287583816355""","SP-KT - Generic - 5x5, 6x6, 7x7, Keychain - Mid & Low Volume - Exact & Phrase","=""488567764457494""",Generic - Keychain - Low Volume,B0D9SHQ58C,Cubelelo Drift Keychain 3x3 (Stickered) Cube Pack of 5 | Mini Speed Cube | Portable & Fun | Suitable for All Ages | Great Gift Idea,B0D9VS131F,cubelelo,7500 Car & Truck Parts,7599 Uncategorized,Automotive,CLB0240,AMAZON_IN,2125,25,1.1765%,81.11,1,284.76,1,81.11000,0.0471%,3.51079,0,0.00,0,,0.0000%,0.00000,1,284.76,1,,,,,,,,,
INR,"May 01, 2026 - May 31, 2026","=""amzn1.ads-account.g.a5og6bnunpn8m911rke7gdql""",Cubelelo,279942205262904,BA - Generic - Mid & Low Volume,"=""327104446426115""","SP-KT - Axis - Windmill - Fisher, Cylinder, Kids, Mini, Smart, Pyramid - Open - Mid & Low Volume - Exact & Phrase","=""528810430432085""",Mini - Mid & Low Volume - Exact & Phrase,B0D9SHQ58C,Cubelelo Drift Keychain 3x3 (Stickered) Cube Pack of 5 | Mini Speed Cube | Portable & Fun | Suitable for All Ages | Great Gift Idea,B0D9VS131F,cubelelo,7500 Car & Truck Parts,7599 Uncategorized,Automotive,CLB0240,AMAZON_IN,4768,56,1.1745%,193.93,5,1580.96,5,38.78600,0.1049%,8.15222,2,555.24,2,96.96500,0.0419%,2.86310,3,1025.72,3,,,,,,,,,
INR,"May 01, 2026 - May 31, 2026","=""amzn1.ads-account.g.a5og6bnunpn8m911rke7gdql""",Cubelelo,215664054810032,BA - Number Sliding Puzzle,"=""439881614291142""",SP - KT - 4x4 Number Sliding Puzzle - Mid & Low Volume - Phrase and BMM,"=""477869615967999""",Generic Number Puzzle,B0C17348FD,Cubelelo Drift Montessori Slide Four Colour Puzzle Game | Educational Wooden Toy for Kids | Color & Shape Matching Brain Teaser for Ages 3-7 | Preschool Learning Toy for Boys & Girls,-1,cubelelo,1800 Learning & Exploration,1817 Educational Toys,Toy,4001050,AMAZON_IN,6999,41,0.5858%,481.20,4,1653.33,4,120.30000,0.0572%,3.43585,3,1178.09,3,160.40000,0.0429%,2.44823,1,475.24,1,,,,,,,,,
INR,"May 01, 2026 - May 31, 2026","=""amzn1.ads-account.g.a5og6bnunpn8m911rke7gdql""",Cubelelo,279942205262904,BA - Generic - Mid & Low Volume,"=""327104446426115""","SP-KT - Axis - Windmill - Fisher, Cylinder, Kids, Mini, Smart, Pyramid - Open - Mid & Low Volume - Exact & Phrase","=""423861844641216""",Axis - Windmill - Fisher - Mid & Low Volume - Exact & Phrase,B0CZ9JH3F5,"Cubelelo Drift Axis (Tiled) 3x3 Magic Cube Puzzle | Unique Shape Mod with Premium Design, Smooth Finish Toy for Intermediate & Advanced Solvers | Toys for Adults & Kids Girls Boys Ages 7-14 Years Old",B0F1YY4MBJ,cubelelo,0300 Games & Puzzles,0307 Non-wooden Puzzles,Toy,1180200,AMAZON_IN,3805,137,3.6005%,566.70,31,11636.16,32,18.28065,0.8147%,20.53319,28,10848.54,29,20.23929,0.7359%,19.14336,3,787.62,3,,,,,,,,,
INR,"May 01, 2026 - May 31, 2026","=""amzn1.ads-account.g.a5og6bnunpn8m911rke7gdql""",Cubelelo,279942205262904,BA - Generic - Mid & Low Volume,"=""327104446426115""","SP-KT - Axis - Windmill - Fisher, Cylinder, Kids, Mini, Smart, Pyramid - Open - Mid & Low Volume - Exact & Phrase","=""338572243352605""","PT - Axis, Windmill, Fisher",B0CZ9JH3F5,"Cubelelo Drift Axis (Tiled) 3x3 Magic Cube Puzzle | Unique Shape Mod with Premium Design, Smooth Finish Toy for Intermediate & Advanced Solvers | Toys for Adults & Kids Girls Boys Ages 7-14 Years Old",B0F1YY4MBJ,cubelelo,0300 Games & Puzzles,0307 Non-wooden Puzzles,Toy,1180200,AMAZON_IN,1990,73,3.6683%,614.73,12,4151.43,12,51.22750,0.6030%,6.75326,8,2900.95,8,76.84125,0.4020%,4.71906,4,1250.48,4,,,,,,,,,
INR,"May 01, 2026 - May 31, 2026","=""amzn1.ads-account.g.a5og6bnunpn8m911rke7gdql""",Cubelelo,279942205262904,BA - Generic - Mid & Low Volume,"=""315451570129574""","SP-KT - Maglev, Mastermorphix, Puppet, Snake, Square1, Megaminx - Open - Mid & Low Volume - Exact & Phrase - UND","=""391120880267490""",Unique - Mid & Low Volume - Exact & Phrase,B0CZ9JH3F5,"Cubelelo Drift Axis (Tiled) 3x3 Magic Cube Puzzle | Unique Shape Mod with Premium Design, Smooth Finish Toy for Intermediate & Advanced Solvers | Toys for Adults & Kids Girls Boys Ages 7-14 Years Old",B0F1YY4MBJ,cubelelo,0300 Games & Puzzles,0307 Non-wooden Puzzles,Toy,1180200,AMAZON_IN,5392,40,0.7418%,201.00,10,5263.80,10,20.10000,0.1855%,26.18806,8,4523.80,8,25.12500,0.1484%,22.50647,2,740.00,2,,,,,,,,,
INR,"May 01, 2026 - May 31, 2026","=""amzn1.ads-account.g.a5og6bnunpn8m911rke7gdql""",Cubelelo,279942205262904,BA - Generic - Mid & Low Volume,"=""315451570129574""","SP-KT - Maglev, Mastermorphix, Puppet, Snake, Square1, Megaminx - Open - Mid & Low Volume - Exact & Phrase - UND","=""332386096408615""",Puppet - Mid & Low Volume - Exact & Phrase,B0CJFVM7VR,Cubelelo Drift Puppet I 3x3 Speed Cube | Brain Teaser Puzzle Toys | Limited Rotation | Creative New Cube for Kids and Adults,B0CJHXZZY3,cubelelo,0300 Games & Puzzles,0307 Non-wooden Puzzles,Toy,1260100,AMAZON_IN,2874,118,4.1058%,464.25,10,4378.11,10,46.42500,0.3479%,9.43050,8,3191.44,8,58.03125,0.2784%,6.87440,2,1186.67,2,,,,,,,,,
INR,"May 01, 2026 - May 31, 2026","=""amzn1.ads-account.g.a5og6bnunpn8m911rke7gdql""",Cubelelo,279942205262904,BA - Generic - Mid & Low Volume,"=""315451570129574""","SP-KT - Maglev, Mastermorphix, Puppet, Snake, Square1, Megaminx - Open - Mid & Low Volume - Exact & Phrase - UND","=""355780307112522""",Snake - Mid & Low Volume - Exact & Phrase,B0CS6HR1L1,Cubelelo Magic Snake Rainbow Puzzle Cube (36 Wedges) | Twist and Turn Shape Creation Fun Game for Kids Boys Girls and Adults | Multicolor Brain Teaser Stress Buster Toy | for Ages 3 Years and Above,B0CT8VHGGD,cubelelo,0300 Games & Puzzles,0307 Non-wooden Puzzles,Toy,1310037,AMAZON_IN,5867,34,0.5795%,277.88,10,4007.63,11,27.78800,0.1704%,14.42216,8,3068.58,8,34.73500,0.1364%,11.04282,2,939.05,3,,,,,,,,,
INR,"May 25, 2026 - May 26, 2026","=""amzn1.ads-account.g.a5og6bnunpn8m911rke7gdql""",Cubelelo,207487404658099,BA - Competition - Qiyi,"=""302880384926419""",SP-KT - Comp - Qiyi - Generic - Mid & Low Volume - Exact & Phrase,"=""346372267338017""",Qiyi - Tornado - Mid & Low Volume,B0DQPZ8DWX,"Cubelelo QiYi M Pro v2 3x3 Pioneer UV Magnetic Speedcube, Ultra-Smooth Turns, UV Coating",B0DX27PQWH,cubelelo,"0200 Arts, Crafts & School Supplies",0223 Stationery,Toy,1030537,AMAZON_IN,1,0,0.0000%,0.00,0,0.00,0,,0.0000%,,0,0.00,0,,0.0000%,,0,0.00,0,,,,,,,,,
INR,"May 01, 2026 - May 31, 2026","=""amzn1.ads-account.g.a5og6bnunpn8m911rke7gdql""",Cubelelo,279942205262904,BA - Generic - Mid & Low Volume,"=""405383753413943""","SP-KT - Lube Combo, Magic, Pyraminx, Skewb, Stand, Timer, Gear - Open - Mid & Low Volume - Exact & Phrase","=""291482927814540""",Pyraminx - Mid & Low Volume - Exact & Phrase,B0BSFD6XY8,Cubelelo Drift Pyraminx M (Magnetic) Puzzle | Toys for Kids 4 5 6 7 8 to 14 Years Old & Above Boys Girls All Ages | Stickerless Pyramid Triangle High Speed Gift Cube Toy | Travel Friendly,B0CFFC4DMP,cubelelo,0300 Games & Puzzles,0307 Non-wooden Puzzles,Toy,1280600_EAN,AMAZON_IN,10527,282,2.6788%,2516.80,36,16762.89,36,69.91111,0.3420%,6.66040,19,10690.51,19,132.46316,0.1805%,4.24766,17,6072.38,17,,,,,,,,,
INR,"May 01, 2026 - May 31, 2026","=""amzn1.ads-account.g.a5og6bnunpn8m911rke7gdql""",Cubelelo,162147707583156,BA - Branded - Cubelelo,"=""329970929951347""",SP-KT - Branded - Cubelelo - Mid & Low Volume - Exact & Phrase - UND,"=""428906316207860""",Pyraminx,B0BSFD6XY8,Cubelelo Drift Pyraminx M (Magnetic) Puzzle | Toys for Kids 4 5 6 7 8 to 14 Years Old & Above Boys Girls All Ages | Stickerless Pyramid Triangle High Speed Gift Cube Toy | Travel Friendly,B0CFFC4DMP,cubelelo,0300 Games & Puzzles,0307 Non-wooden Puzzles,Toy,1280600_EAN,AMAZON_IN,47,5,10.6383%,26.82,3,1261.91,3,8.94000,6.3830%,47.05108,2,1044.77,2,13.41000,4.2553%,38.95488,1,217.14,1,,,,,,,,,
INR,"May 01, 2026 - May 31, 2026","=""amzn1.ads-account.g.a5og6bnunpn8m911rke7gdql""",Cubelelo,279942205262904,BA - Generic - Mid & Low Volume,"=""315451570129574""","SP-KT - Maglev, Mastermorphix, Puppet, Snake, Square1, Megaminx - Open - Mid & Low Volume - Exact & Phrase - UND","=""391120880267490""",Unique - Mid & Low Volume - Exact & Phrase,B0BSFD6XY8,Cubelelo Drift Pyraminx M (Magnetic) Puzzle | Toys for Kids 4 5 6 7 8 to 14 Years Old & Above Boys Girls All Ages | Stickerless Pyramid Triangle High Speed Gift Cube Toy | Travel Friendly,B0CFFC4DMP,cubelelo,0300 Games & Puzzles,0307 Non-wooden Puzzles,Toy,1280600_EAN,AMAZON_IN,1465,11,0.7509%,88.73,1,664.76,1,88.73000,0.0683%,7.49194,0,0.00,0,,0.0000%,0.00000,1,664.76,1,,,,,,,,,
INR,"May 01, 2026 - May 31, 2026","=""amzn1.ads-account.g.a5og6bnunpn8m911rke7gdql""",Cubelelo,108066094626813,BA - Generic - Extremely High Volume,"=""530532259196935""","SP-KT - Megaminx, Pyramid, Timer & Gear - Open - High Volume - Exact","=""321431385380150""",Pyramid - High Volume,B0BSFD6XY8,Cubelelo Drift Pyraminx M (Magnetic) Puzzle | Toys for Kids 4 5 6 7 8 to 14 Years Old & Above Boys Girls All Ages | Stickerless Pyramid Triangle High Speed Gift Cube Toy | Travel Friendly,B0CFFC4DMP,cubelelo,0300 Games & Puzzles,0307 Non-wooden Puzzles,Toy,1280600_EAN,AMAZON_IN,10515,114,1.0842%,1071.78,16,6990.50,16,66.98625,0.1522%,6.52233,10,5276.22,10,107.17800,0.0951%,4.92286,6,1714.28,6,,,,,,,,,
INR,"May 01, 2026 - May 31, 2026","=""amzn1.ads-account.g.a5og6bnunpn8m911rke7gdql""",Cubelelo,279942205262904,BA - Generic - Mid & Low Volume,"=""327104446426115""","SP-KT - Axis - Windmill - Fisher, Cylinder, Kids, Mini, Smart, Pyramid - Open - Mid & Low Volume - Exact & Phrase","=""310438687496531""",Pyramid - Mid & Low Volume - Exact & Phrase,B0BSFD6XY8,Cubelelo Drift Pyraminx M (Magnetic) Puzzle | Toys for Kids 4 5 6 7 8 to 14 Years Old & Above Boys Girls All Ages | Stickerless Pyramid Triangle High Speed Gift Cube Toy | Travel Friendly,B0CFFC4DMP,cubelelo,0300 Games & Puzzles,0307 Non-wooden Puzzles,Toy,1280600_EAN,AMAZON_IN,22768,252,1.1068%,2924.57,51,24349.59,53,57.34451,0.2240%,8.32587,42,19148.63,44,69.63262,0.1845%,6.54750,9,5200.96,9,,,,,,,,,
INR,"May 01, 2026 - May 31, 2026","=""amzn1.ads-account.g.a5og6bnunpn8m911rke7gdql""",Cubelelo,14896671318530,BA - Tinker Box,"=""536231617514469""",SP-PT - Comp - Tinker Box - Stack & Balance Human Tower - Exact,"=""526327283724547""",Tinker Box - Stack & Balance Human Tower,B0FF9R4GS4,TinkerBox Stack & Balance Human Tower | Wooden Interlocking Toy Set | Promotes Critical Thinking & Creativity | Early Learning Educational Game for Kids Children Boys Girls,B0GPQFDGPB,Tinker Box,0600 Infants/Preschool,0627 All Other Infant Toys,Toy,TB00004,AMAZON_IN,1499,26,1.7345%,103.87,3,1853.34,3,34.62333,0.2001%,17.84288,3,1853.34,3,34.62333,0.2001%,17.84288,0,0.00,0,,,,,,,,,
INR,"May 01, 2026 - May 24, 2026","=""amzn1.ads-account.g.a5og6bnunpn8m911rke7gdql""",Cubelelo,14896671318530,BA - Tinker Box,"=""421844276231154""",SP-KT - Generic - Tinker Box - Stack & Balance Human Tower - Exact - High Vol,"=""426197050001471""",SP-KT - Generic - Wooden Toy Balance Human Tower - Exact,B0FF9R4GS4,TinkerBox Stack & Balance Human Tower | Wooden Interlocking Toy Set | Promotes Critical Thinking & Creativity | Early Learning Educational Game for Kids Children Boys Girls,B0GPQFDGPB,Tinker Box,0600 Infants/Preschool,0627 All Other Infant Toys,Toy,TB00004,AMAZON_IN,108,0,0.0000%,0.00,0,0.00,0,,0.0000%,,0,0.00,0,,0.0000%,,0,0.00,0,,,,,,,,,
INR,"May 01, 2026 - May 26, 2026","=""amzn1.ads-account.g.a5og6bnunpn8m911rke7gdql""",Cubelelo,14896671318530,BA - Tinker Box,"=""535672870117740""",SP-KT - Tinker Box - Stack & Balance Human Tower - Generic - Mid & Low Vol - Exact,"=""551947611458633""",Tinker Box - Stack & Balance Human Tower,B0FF9R4GS4,TinkerBox Stack & Balance Human Tower | Wooden Interlocking Toy Set | Promotes Critical Thinking & Creativity | Early Learning Educational Game for Kids Children Boys Girls,B0GPQFDGPB,Tinker Box,0600 Infants/Preschool,0627 All Other Infant Toys,Toy,TB00004,AMAZON_IN,990,9,0.9091%,35.59,0,0.00,0,,0.0000%,0.00000,0,0.00,0,,0.0000%,0.00000,0,0.00,0,,,,,,,,,
INR,"May 26, 2026 - May 29, 2026","=""amzn1.ads-account.g.a5og6bnunpn8m911rke7gdql""",Cubelelo,14896671318530,BA - Tinker Box,"=""178894007177834""",BA - SP - Auto - Tinker Box - 0-2 Years - DO,"=""524300284583215""",Tinker Box,B0FF9R4GS4,TinkerBox Stack & Balance Human Tower | Wooden Interlocking Toy Set | Promotes Critical Thinking & Creativity | Early Learning Educational Game for Kids Children Boys Girls,B0GPQFDGPB,Tinker Box,0600 Infants/Preschool,0627 All Other Infant Toys,Toy,TB00004,AMAZON_IN,4327,29,0.6702%,172.97,1,618.10,1,172.97000,0.0231%,3.57345,1,618.10,1,172.97000,0.0231%,3.57345,0,0.00,0,,,,,,,,,
INR,"May 01, 2026 - May 31, 2026","=""amzn1.ads-account.g.a5og6bnunpn8m911rke7gdql""",Cubelelo,162147707583156,BA - Branded - Cubelelo,"=""329970929951347""",SP-KT - Branded - Cubelelo - Mid & Low Volume - Exact & Phrase - UND,"=""386093481557611""",Branded - 2x2,B08XK25RRF,"Cubelelo Drift 2x2 & 3x3 Cube Gift Box Combo | 2-in-1 Puzzle Toy Game Set for Children Kids & Adults Ages 4 5 6 & Above | Double the Challenge, Twice the Fun | Ultimate Value Saver Combo",-1,cubelelo,0300 Games & Puzzles,0307 Non-wooden Puzzles,Toy,1460501,AMAZON_IN,383,9,2.3499%,91.67,3,851.43,3,30.55667,0.7833%,9.28799,3,851.43,3,30.55667,0.7833%,9.28799,0,0.00,0,,,,,,,,,
INR,"May 01, 2026 - May 30, 2026","=""amzn1.ads-account.g.a5og6bnunpn8m911rke7gdql""",Cubelelo,279942205262904,BA - Generic - Mid & Low Volume,"=""405383753413943""","SP-KT - Lube Combo, Magic, Pyraminx, Skewb, Stand, Timer, Gear - Open - Mid & Low Volume - Exact & Phrase","=""515672683970502""",Magic - Mid & Low Volume - Exact & Phrase,B08XK25RRF,"Cubelelo Drift 2x2 & 3x3 Cube Gift Box Combo | 2-in-1 Puzzle Toy Game Set for Children Kids & Adults Ages 4 5 6 & Above | Double the Challenge, Twice the Fun | Ultimate Value Saver Combo",-1,cubelelo,0300 Games & Puzzles,0307 Non-wooden Puzzles,Toy,1460501,AMAZON_IN,72,0,0.0000%,0.00,0,0.00,0,,0.0000%,,0,0.00,0,,0.0000%,,0,0.00,0,,,,,,,,,
INR,"May 01, 2026 - May 31, 2026","=""amzn1.ads-account.g.a5og6bnunpn8m911rke7gdql""",Cubelelo,279942205262904,BA - Generic - Mid & Low Volume,"=""560766968003680""","SP-KT - Mirror, Infinity & Combo - Open - Mid & Low Volume - Exact & Phrase - UND","=""398270911795195""",Combo - Mid & Low Volume,B08XK25RRF,"Cubelelo Drift 2x2 & 3x3 Cube Gift Box Combo | 2-in-1 Puzzle Toy Game Set for Children Kids & Adults Ages 4 5 6 & Above | Double the Challenge, Twice the Fun | Ultimate Value Saver Combo",-1,cubelelo,0300 Games & Puzzles,0307 Non-wooden Puzzles,Toy,1460501,AMAZON_IN,3432,21,0.6119%,198.22,2,626.66,2,99.11000,0.0583%,3.16144,2,626.66,2,99.11000,0.0583%,3.16144,0,0.00,0,,,,,,,,,
INR,"May 01, 2026 - May 31, 2026","=""amzn1.ads-account.g.a5og6bnunpn8m911rke7gdql""",Cubelelo,279942205262904,BA - Generic - Mid & Low Volume,"=""285784532724588""",SP-KT - Generic - Open - Cube - Mid & Low Volume - Exact & Phrase,"=""503467855821823""",Generic - Open Searches - Mid & Low Volume,B08XK25RRF,"Cubelelo Drift 2x2 & 3x3 Cube Gift Box Combo | 2-in-1 Puzzle Toy Game Set for Children Kids & Adults Ages 4 5 6 & Above | Double the Challenge, Twice the Fun | Ultimate Value Saver Combo",-1,cubelelo,0300 Games & Puzzles,0307 Non-wooden Puzzles,Toy,1460501,AMAZON_IN,50853,111,0.2183%,996.30,10,2432.37,11,99.63000,0.0197%,2.44140,5,1669.52,5,199.26000,0.0098%,1.67572,5,762.85,6,,,,,,,,,
INR,"May 01, 2026 - May 31, 2026","=""amzn1.ads-account.g.a5og6bnunpn8m911rke7gdql""",Cubelelo,279942205262904,BA - Generic - Mid & Low Volume,"=""285784532724588""",SP-KT - Generic - Open - Cube - Mid & Low Volume - Exact & Phrase,"=""479419335051851""",Phrase - Generic - Open Searches - Mid & Low Volume,B08XK25RRF,"Cubelelo Drift 2x2 & 3x3 Cube Gift Box Combo | 2-in-1 Puzzle Toy Game Set for Children Kids & Adults Ages 4 5 6 & Above | Double the Challenge, Twice the Fun | Ultimate Value Saver Combo",-1,cubelelo,0300 Games & Puzzles,0307 Non-wooden Puzzles,Toy,1460501,AMAZON_IN,48791,176,0.3607%,1488.42,25,7365.70,25,59.53680,0.0512%,4.94867,21,6619.04,21,70.87714,0.0430%,4.44702,4,746.66,4,,,,,,,,,
INR,"May 01, 2026 - May 31, 2026","=""amzn1.ads-account.g.a5og6bnunpn8m911rke7gdql""",Cubelelo,162147707583156,BA - Branded - Cubelelo,"=""329970929951347""",SP-KT - Branded - Cubelelo - Mid & Low Volume - Exact & Phrase - UND,"=""560146263793792""",Combo,B08XK25RRF,"Cubelelo Drift 2x2 & 3x3 Cube Gift Box Combo | 2-in-1 Puzzle Toy Game Set for Children Kids & Adults Ages 4 5 6 & Above | Double the Challenge, Twice the Fun | Ultimate Value Saver Combo",-1,cubelelo,0300 Games & Puzzles,0307 Non-wooden Puzzles,Toy,1460501,AMAZON_IN,2279,10,0.4388%,69.37,10,4580.00,10,6.93700,0.4388%,66.02278,7,2963.81,7,9.91000,0.3072%,42.72467,3,1616.19,3,,,,,,,,,
INR,"May 01, 2026 - May 31, 2026","=""amzn1.ads-account.g.a5og6bnunpn8m911rke7gdql""",Cubelelo,279942205262904,BA - Generic - Mid & Low Volume,"=""316273786051120""",SD-CT - 3D Puzzle & Brain Teasers - Comp - Open - Broad - Old,"=""302660200409918""",Category Targeting,B08XK25RRF,"Cubelelo Drift 2x2 & 3x3 Cube Gift Box Combo | 2-in-1 Puzzle Toy Game Set for Children Kids & Adults Ages 4 5 6 & Above | Double the Challenge, Twice the Fun | Ultimate Value Saver Combo",-1,cubelelo,0300 Games & Puzzles,0307 Non-wooden Puzzles,Toy,1460501,AMAZON_IN,447,0,0.0000%,0.00,0,0.00,0,,0.0000%,,0,0.00,0,,0.0000%,,0,0.00,0,0,0.00,0,,0.0000%,,0,,0.0000%
INR,"May 01, 2026 - May 31, 2026","=""amzn1.ads-account.g.a5og6bnunpn8m911rke7gdql""",Cubelelo,242135938115990,BA - Competition - Cubes,"=""398099328860046""",SP-PT - Cubes - Toys Best Seller - Above 200,"=""389104660034552""",SP-SP - Cubes - Toys Best Seller - Above 200,B08XK25RRF,"Cubelelo Drift 2x2 & 3x3 Cube Gift Box Combo | 2-in-1 Puzzle Toy Game Set for Children Kids & Adults Ages 4 5 6 & Above | Double the Challenge, Twice the Fun | Ultimate Value Saver Combo",-1,cubelelo,0300 Games & Puzzles,0307 Non-wooden Puzzles,Toy,1460501,AMAZON_IN,28641,42,0.1466%,268.88,3,739.04,3,89.62667,0.0105%,2.74859,3,739.04,3,89.62667,0.0105%,2.74859,0,0.00,0,,,,,,,,,
INR,"May 01, 2026 - May 31, 2026","=""amzn1.ads-account.g.a5og6bnunpn8m911rke7gdql""",Cubelelo,162147707583156,BA - Branded - Cubelelo,"=""433317578586761""",SP-KT - Branded - Cubelelo - High Volume - Exact,"=""374742854439176""",Branded 3x3 - SKAG,B08XK25RRF,"Cubelelo Drift 2x2 & 3x3 Cube Gift Box Combo | 2-in-1 Puzzle Toy Game Set for Children Kids & Adults Ages 4 5 6 & Above | Double the Challenge, Twice the Fun | Ultimate Value Saver Combo",-1,cubelelo,0300 Games & Puzzles,0307 Non-wooden Puzzles,Toy,1460501,AMAZON_IN,10349,32,0.3092%,209.99,6,1791.42,6,34.99833,0.0580%,8.53098,6,1791.42,6,34.99833,0.0580%,8.53098,0,0.00,0,,,,,,,,,
INR,"May 01, 2026 - May 31, 2026","=""amzn1.ads-account.g.a5og6bnunpn8m911rke7gdql""",Cubelelo,162147707583156,BA - Branded - Cubelelo,"=""329970929951347""",SP-KT - Branded - Cubelelo - Mid & Low Volume - Exact & Phrase - UND,"=""479460967599506""",Branded - 3x3,B08XK25RRF,"Cubelelo Drift 2x2 & 3x3 Cube Gift Box Combo | 2-in-1 Puzzle Toy Game Set for Children Kids & Adults Ages 4 5 6 & Above | Double the Challenge, Twice the Fun | Ultimate Value Saver Combo",-1,cubelelo,0300 Games & Puzzles,0307 Non-wooden Puzzles,Toy,1460501,AMAZON_IN,16110,57,0.3538%,442.37,12,3212.37,12,36.86417,0.0745%,7.26173,9,2647.61,9,49.15222,0.0559%,5.98506,3,564.76,3,,,,,,,,,
INR,"May 01, 2026 - May 31, 2026","=""amzn1.ads-account.g.a5og6bnunpn8m911rke7gdql""",Cubelelo,162147707583156,BA - Branded - Cubelelo,"=""329970929951347""",SP-KT - Branded - Cubelelo - Mid & Low Volume - Exact & Phrase - UND,"=""535729251693727""",Branded - Phrase,B08XK25RRF,"Cubelelo Drift 2x2 & 3x3 Cube Gift Box Combo | 2-in-1 Puzzle Toy Game Set for Children Kids & Adults Ages 4 5 6 & Above | Double the Challenge, Twice the Fun | Ultimate Value Saver Combo",-1,cubelelo,0300 Games & Puzzles,0307 Non-wooden Puzzles,Toy,1460501,AMAZON_IN,499,4,0.8016%,17.73,1,664.76,1,17.73000,0.2004%,37.49351,1,664.76,1,17.73000,0.2004%,37.49351,0,0.00,0,,,,,,,,,
INR,"May 01, 2026 - May 31, 2026","=""amzn1.ads-account.g.a5og6bnunpn8m911rke7gdql""",Cubelelo,279942205262904,BA - Generic - Mid & Low Volume,"=""327104446426115""","SP-KT - Axis - Windmill - Fisher, Cylinder, Kids, Mini, Smart, Pyramid - Open - Mid & Low Volume - Exact & Phrase","=""354824992183354""",Kids - Mid & Low Volume - Exact & Phrase,B08XK25RRF,"Cubelelo Drift 2x2 & 3x3 Cube Gift Box Combo | 2-in-1 Puzzle Toy Game Set for Children Kids & Adults Ages 4 5 6 & Above | Double the Challenge, Twice the Fun | Ultimate Value Saver Combo",-1,cubelelo,0300 Games & Puzzles,0307 Non-wooden Puzzles,Toy,1460501,AMAZON_IN,1098,13,1.1840%,150.40,4,1061.90,4,37.60000,0.3643%,7.06051,3,910.47,3,50.13333,0.2732%,6.05366,1,151.43,1,,,,,,,,,
INR,"May 01, 2026 - May 31, 2026","=""amzn1.ads-account.g.a5og6bnunpn8m911rke7gdql""",Cubelelo,108066094626813,BA - Generic - Extremely High Volume,"=""495997417400177""",SP-KT - Generic - Open - 'Rubix Cube' - SKAG - High Volume - Exact,"=""536771283942162""",Generic - Open Searches - High Volume SKAG,B08XK25RRF,"Cubelelo Drift 2x2 & 3x3 Cube Gift Box Combo | 2-in-1 Puzzle Toy Game Set for Children Kids & Adults Ages 4 5 6 & Above | Double the Challenge, Twice the Fun | Ultimate Value Saver Combo",-1,cubelelo,0300 Games & Puzzles,0307 Non-wooden Puzzles,Toy,1460501,AMAZON_IN,35274,134,0.3799%,1716.69,22,6087.60,23,78.03136,0.0624%,3.54613,19,5569.51,20,90.35211,0.0539%,3.24433,3,518.09,3,,,,,,,,,
INR,"May 01, 2026 - May 31, 2026","=""amzn1.ads-account.g.a5og6bnunpn8m911rke7gdql""",Cubelelo,162147707583156,BA - Branded - Cubelelo,"=""433317578586761""",SP-KT - Branded - Cubelelo - High Volume - Exact,"=""332121459254132""",Branded - SKAG,B08XK25RRF,"Cubelelo Drift 2x2 & 3x3 Cube Gift Box Combo | 2-in-1 Puzzle Toy Game Set for Children Kids & Adults Ages 4 5 6 & Above | Double the Challenge, Twice the Fun | Ultimate Value Saver Combo",-1,cubelelo,0300 Games & Puzzles,0307 Non-wooden Puzzles,Toy,1460501,AMAZON_IN,42234,145,0.3433%,1258.68,23,6750.45,24,54.72522,0.0545%,5.36312,16,5508.56,17,78.66750,0.0379%,4.37646,7,1241.89,7,,,,,,,,,
INR,"May 01, 2026 - May 31, 2026","=""amzn1.ads-account.g.a5og6bnunpn8m911rke7gdql""",Cubelelo,108066094626813,BA - Generic - Extremely High Volume,"=""484046863276712""",SP-KT - Generic - Open - 'Rubik's Cube' - SKAG - High Volume - Exact,"=""514344038519157""",Generic - Open Searches - High Volume SKAG,B08XK25RRF,"Cubelelo Drift 2x2 & 3x3 Cube Gift Box Combo | 2-in-1 Puzzle Toy Game Set for Children Kids & Adults Ages 4 5 6 & Above | Double the Challenge, Twice the Fun | Ultimate Value Saver Combo",-1,cubelelo,0300 Games & Puzzles,0307 Non-wooden Puzzles,Toy,1460501,AMAZON_IN,138804,559,0.4027%,6649.08,98,26235.20,100,67.84776,0.0706%,3.94569,65,18311.42,65,102.29354,0.0468%,2.75398,33,7923.78,35,,,,,,,,,
INR,"May 01, 2026 - May 31, 2026","=""amzn1.ads-account.g.a5og6bnunpn8m911rke7gdql""",Cubelelo,279942205262904,BA - Generic - Mid & Low Volume,"=""369883644681767""","SP-KT - Magnetic - Open, 2x2, 4x4, 5x5 - High Volume - Exact & Phrase","=""458736197006168""",Phrase - Magnetic - 2x2 - Mid & Low Volume,B08XK25RRF,"Cubelelo Drift 2x2 & 3x3 Cube Gift Box Combo | 2-in-1 Puzzle Toy Game Set for Children Kids & Adults Ages 4 5 6 & Above | Double the Challenge, Twice the Fun | Ultimate Value Saver Combo",-1,cubelelo,0300 Games & Puzzles,0307 Non-wooden Puzzles,Toy,1460501,AMAZON_IN,147,1,0.6803%,5.39,0,0.00,0,,0.0000%,0.00000,0,0.00,0,,0.0000%,0.00000,0,0.00,0,,,,,,,,,
INR,"May 02, 2026 - May 24, 2026","=""amzn1.ads-account.g.a5og6bnunpn8m911rke7gdql""",Cubelelo,153505421940411,BA - Competition - Moyu,"=""535209545252680""",SP-KT - Comp - Moyu - Generic - Mid & Low Volume - Exact & Phrase,"=""354103828771122""",Moyu - 3x3 - Low Volume,B08XK25RRF,"Cubelelo Drift 2x2 & 3x3 Cube Gift Box Combo | 2-in-1 Puzzle Toy Game Set for Children Kids & Adults Ages 4 5 6 & Above | Double the Challenge, Twice the Fun | Ultimate Value Saver Combo",-1,cubelelo,0300 Games & Puzzles,0307 Non-wooden Puzzles,Toy,1460501,AMAZON_IN,140,0,0.0000%,0.00,0,0.00,0,,0.0000%,,0,0.00,0,,0.0000%,,0,0.00,0,,,,,,,,,
INR,"May 01, 2026 - May 31, 2026","=""amzn1.ads-account.g.a5og6bnunpn8m911rke7gdql""",Cubelelo,279942205262904,BA - Generic - Mid & Low Volume,"=""560766968003680""","SP-KT - Mirror, Infinity & Combo - Open - Mid & Low Volume - Exact & Phrase - UND","=""531829023860059""",Phrase - Combo - Mid & Low Volume,B08XK25RRF,"Cubelelo Drift 2x2 & 3x3 Cube Gift Box Combo | 2-in-1 Puzzle Toy Game Set for Children Kids & Adults Ages 4 5 6 & Above | Double the Challenge, Twice the Fun | Ultimate Value Saver Combo",-1,cubelelo,0300 Games & Puzzles,0307 Non-wooden Puzzles,Toy,1460501,AMAZON_IN,26060,140,0.5372%,1091.14,22,6486.64,22,49.59727,0.0844%,5.94483,22,6486.64,22,49.59727,0.0844%,5.94483,0,0.00,0,,,,,,,,,
INR,"May 01, 2026 - May 31, 2026","=""amzn1.ads-account.g.a5og6bnunpn8m911rke7gdql""",Cubelelo,279942205262904,BA - Generic - Mid & Low Volume,"=""466977135029356""",SP-KT - Generic - 2x2 - Mid & Low Volume - Exact & Phrase,"=""398214295345341""",Generic - 2x2 - Mid & Low Volume,B08XK25RRF,"Cubelelo Drift 2x2 & 3x3 Cube Gift Box Combo | 2-in-1 Puzzle Toy Game Set for Children Kids & Adults Ages 4 5 6 & Above | Double the Challenge, Twice the Fun | Ultimate Value Saver Combo",-1,cubelelo,0300 Games & Puzzles,0307 Non-wooden Puzzles,Toy,1460501,AMAZON_IN,30300,362,1.1947%,3751.60,88,26588.51,91,42.63182,0.2904%,7.08725,82,25158.04,85,45.75122,0.2706%,6.70595,6,1430.47,6,,,,,,,,,
INR,"May 01, 2026 - May 31, 2026","=""amzn1.ads-account.g.a5og6bnunpn8m911rke7gdql""",Cubelelo,162147707583156,BA - Branded - Cubelelo,"=""329970929951347""",SP-KT - Branded - Cubelelo - Mid & Low Volume - Exact & Phrase - UND,"=""298700263606024""",Branded,B08XK25RRF,"Cubelelo Drift 2x2 & 3x3 Cube Gift Box Combo | 2-in-1 Puzzle Toy Game Set for Children Kids & Adults Ages 4 5 6 & Above | Double the Challenge, Twice the Fun | Ultimate Value Saver Combo",-1,cubelelo,0300 Games & Puzzles,0307 Non-wooden Puzzles,Toy,1460501,AMAZON_IN,16347,71,0.4343%,583.31,9,2474.28,9,64.81222,0.0551%,4.24179,8,2332.38,8,72.91375,0.0489%,3.99853,1,141.90,1,,,,,,,,,
INR,"May 01, 2026 - May 31, 2026","=""amzn1.ads-account.g.a5og6bnunpn8m911rke7gdql""",Cubelelo,279942205262904,BA - Generic - Mid & Low Volume,"=""369883644681767""","SP-KT - Magnetic - Open, 2x2, 4x4, 5x5 - High Volume - Exact & Phrase","=""371587655476259""",Magnetic - 2x2 - Mid & Low Volume,B08XK25RRF,"Cubelelo Drift 2x2 & 3x3 Cube Gift Box Combo | 2-in-1 Puzzle Toy Game Set for Children Kids & Adults Ages 4 5 6 & Above | Double the Challenge, Twice the Fun | Ultimate Value Saver Combo",-1,cubelelo,0300 Games & Puzzles,0307 Non-wooden Puzzles,Toy,1460501,AMAZON_IN,344,4,1.1628%,13.85,1,283.81,1,13.85000,0.2907%,20.49170,1,283.81,1,13.85000,0.2907%,20.49170,0,0.00,0,,,,,,,,,
INR,"May 03, 2026 - May 29, 2026","=""amzn1.ads-account.g.a5og6bnunpn8m911rke7gdql""",Cubelelo,279942205262904,BA - Generic - Mid & Low Volume,"=""498287583816355""","SP-KT - Generic - 5x5, 6x6, 7x7, Keychain - Mid & Low Volume - Exact & Phrase","=""536652533995914""",Phrase - Generic - 6x6 - Mid & Low Volume,B0CNKLXVWC,"Cubelelo Drift 6M 6x6 Magnetic Speed Cube with Premium Lubricant Combo Advanced Magnetic Stability, Precision Engineering, and Speed Enhancement for Expert Solvers for Adult,Kid",B0CWH6ML97,cubelelo,0300 Games & Puzzles,0307 Non-wooden Puzzles,Toy,1460539,AMAZON_IN,7,0,0.0000%,0.00,0,0.00,0,,0.0000%,,0,0.00,0,,0.0000%,,0,0.00,0,,,,,,,,,
INR,"May 05, 2026 - May 29, 2026","=""amzn1.ads-account.g.a5og6bnunpn8m911rke7gdql""",Cubelelo,279942205262904,BA - Generic - Mid & Low Volume,"=""498287583816355""","SP-KT - Generic - 5x5, 6x6, 7x7, Keychain - Mid & Low Volume - Exact & Phrase","=""295921960947507""",Generic - 6x6 - Mid & Low Volume,B0CNKLXVWC,"Cubelelo Drift 6M 6x6 Magnetic Speed Cube with Premium Lubricant Combo Advanced Magnetic Stability, Precision Engineering, and Speed Enhancement for Expert Solvers for Adult,Kid",B0CWH6ML97,cubelelo,0300 Games & Puzzles,0307 Non-wooden Puzzles,Toy,1460539,AMAZON_IN,18,0,0.0000%,0.00,0,0.00,0,,0.0000%,,0,0.00,0,,0.0000%,,0,0.00,0,,,,,,,,,
INR,"May 01, 2026 - May 31, 2026","=""amzn1.ads-account.g.a5og6bnunpn8m911rke7gdql""",Cubelelo,279942205262904,BA - Generic - Mid & Low Volume,"=""315451570129574""","SP-KT - Maglev, Mastermorphix, Puppet, Snake, Square1, Megaminx - Open - Mid & Low Volume - Exact & Phrase - UND","=""455806518818545""",Metallic - Mid & Low Volume - Exact & Phrase,B0DRVRHR6G,"Cubelelo Drift 3x3 Mirror Blue (Magnetic) (Tiled) Speedcube | Premium New Version Shape-Shifting Puzzle with Stunning Looks, Buttery Smooth Turns & Durability | Ideal for Kids Boys Girls Ages 6 & up",B0DWMW5ZNX,cubelelo,0300 Games & Puzzles,0301 Family Board / Action,Toy,1120600,AMAZON_IN,329,2,0.6079%,11.51,0,0.00,0,,0.0000%,0.00000,0,0.00,0,,0.0000%,0.00000,0,0.00,0,,,,,,,,,
INR,"May 24, 2026 - May 24, 2026","=""amzn1.ads-account.g.a5og6bnunpn8m911rke7gdql""",Cubelelo,162147707583156,BA - Branded - Cubelelo,"=""329970929951347""",SP-KT - Branded - Cubelelo - Mid & Low Volume - Exact & Phrase - UND,"=""466745020882275""",Magnetic - 3x3,B0BQ73MK6H,Cubelelo Drift 3M 3x3 (Magnetic) Stickerless Speed Cube | Enhances Auto-Alignment & Fast Turning with 48 NDM Magnets | Brainteaser Stress Buster Brainstorming Puzzle for Kids & Adults,-1,cubelelo,0300 Games & Puzzles,0307 Non-wooden Puzzles,Toy,CUB-NLT-1030600,AMAZON_IN,1,0,0.0000%,0.00,0,0.00,0,,0.0000%,,0,0.00,0,,0.0000%,,0,0.00,0,,,,,,,,,
INR,"May 01, 2026 - May 31, 2026","=""amzn1.ads-account.g.a5og6bnunpn8m911rke7gdql""",Cubelelo,279942205262904,BA - Generic - Mid & Low Volume,"=""315451570129574""","SP-KT - Maglev, Mastermorphix, Puppet, Snake, Square1, Megaminx - Open - Mid & Low Volume - Exact & Phrase - UND","=""391120880267490""",Unique - Mid & Low Volume - Exact & Phrase,B09BZMB4RT,Cubelelo Drift Square-1 Stickerless Cube Puzzle for Kids & Adults Speedy Stress Buster Brainstorming Cube,B0CXPWRSTW,cubelelo,0300 Games & Puzzles,0307 Non-wooden Puzzles,Toy,1150100,AMAZON_IN,8505,67,0.7878%,397.79,0,0.00,0,,0.0000%,0.00000,0,0.00,0,,0.0000%,0.00000,0,0.00,0,,,,,,,,,
INR,"May 01, 2026 - May 29, 2026","=""amzn1.ads-account.g.a5og6bnunpn8m911rke7gdql""",Cubelelo,279942205262904,BA - Generic - Mid & Low Volume,"=""315451570129574""","SP-KT - Maglev, Mastermorphix, Puppet, Snake, Square1, Megaminx - Open - Mid & Low Volume - Exact & Phrase - UND","=""303147424457131""",Square1 - Mid & Low Volume - Exact & Phrase,B09BZMB4RT,Cubelelo Drift Square-1 Stickerless Cube Puzzle for Kids & Adults Speedy Stress Buster Brainstorming Cube,B0CXPWRSTW,cubelelo,0300 Games & Puzzles,0307 Non-wooden Puzzles,Toy,1150100,AMAZON_IN,5328,103,1.9332%,542.07,14,6398.08,14,38.71929,0.2628%,11.80305,10,5137.13,10,54.20700,0.1877%,9.47688,4,1260.95,4,,,,,,,,,
INR,"May 01, 2026 - May 31, 2026","=""amzn1.ads-account.g.a5og6bnunpn8m911rke7gdql""",Cubelelo,143920007876206,BA - Megaminx Gan,"=""159344480735091""",SP-KT - Megaminx - Generic - High Volume - Exact - UND,"=""162364644286195""",Megaminx - High Volume - Exact,B0DB6311DK,Cubelelo Drift Megaminx v2 Cube (New Improved Version) | 12-Sided Fun and Challenging Puzzle with Ridge Design | Smooth Turning Dodecahedron | Perfect for Speed-Cubing | Ideal for Kids & Adults,B0DFGXG393,cubelelo,0300 Games & Puzzles,0307 Non-wooden Puzzles,Toy,1290300,AMAZON_IN,56703,801,1.4126%,6373.47,108,57448.12,109,59.01361,0.1905%,9.01363,75,42650.97,76,84.97960,0.1323%,6.69195,33,14797.15,33,,,,,,,,,
INR,"May 01, 2026 - May 28, 2026","=""amzn1.ads-account.g.a5og6bnunpn8m911rke7gdql""",Cubelelo,108066094626813,BA - Generic - Extremely High Volume,"=""530532259196935""","SP-KT - Megaminx, Pyramid, Timer & Gear - Open - High Volume - Exact","=""360566109921119""",Megaminx - High Volume SKAG,B0DB6311DK,Cubelelo Drift Megaminx v2 Cube (New Improved Version) | 12-Sided Fun and Challenging Puzzle with Ridge Design | Smooth Turning Dodecahedron | Perfect for Speed-Cubing | Ideal for Kids & Adults,B0DFGXG393,cubelelo,0300 Games & Puzzles,0307 Non-wooden Puzzles,Toy,1290300,AMAZON_IN,25,0,0.0000%,0.00,0,0.00,0,,0.0000%,,0,0.00,0,,0.0000%,,0,0.00,0,,,,,,,,,
INR,"May 01, 2026 - May 31, 2026","=""amzn1.ads-account.g.a5og6bnunpn8m911rke7gdql""",Cubelelo,279942205262904,BA - Generic - Mid & Low Volume,"=""315451570129574""","SP-KT - Maglev, Mastermorphix, Puppet, Snake, Square1, Megaminx - Open - Mid & Low Volume - Exact & Phrase - UND","=""391120880267490""",Unique - Mid & Low Volume - Exact & Phrase,B0DB6311DK,Cubelelo Drift Megaminx v2 Cube (New Improved Version) | 12-Sided Fun and Challenging Puzzle with Ridge Design | Smooth Turning Dodecahedron | Perfect for Speed-Cubing | Ideal for Kids & Adults,B0DFGXG393,cubelelo,0300 Games & Puzzles,0307 Non-wooden Puzzles,Toy,1290300,AMAZON_IN,6208,51,0.8215%,268.17,5,2591.42,5,53.63400,0.0805%,9.66335,5,2591.42,5,53.63400,0.0805%,9.66335,0,0.00,0,,,,,,,,,
INR,"May 01, 2026 - May 31, 2026","=""amzn1.ads-account.g.a5og6bnunpn8m911rke7gdql""",Cubelelo,279942205262904,BA - Generic - Mid & Low Volume,"=""315451570129574""","SP-KT - Maglev, Mastermorphix, Puppet, Snake, Square1, Megaminx - Open - Mid & Low Volume - Exact & Phrase - UND","=""429913349679527""",Megaminx - Mid & Low Volume - Exact & Phrase,B0DB6311DK,Cubelelo Drift Megaminx v2 Cube (New Improved Version) | 12-Sided Fun and Challenging Puzzle with Ridge Design | Smooth Turning Dodecahedron | Perfect for Speed-Cubing | Ideal for Kids & Adults,B0DFGXG393,cubelelo,0300 Games & Puzzles,0307 Non-wooden Puzzles,Toy,1290300,AMAZON_IN,26468,796,3.0074%,4338.33,187,106542.82,188,23.19963,0.7065%,24.55849,156,91647.23,156,27.80981,0.5894%,21.12500,31,14895.59,32,,,,,,,,,
INR,"May 01, 2026 - May 31, 2026","=""amzn1.ads-account.g.a5og6bnunpn8m911rke7gdql""",Cubelelo,143920007876206,BA - Megaminx Gan,"=""186877229473885""",SP-KT - Megaminx - Generic - Mid & Low Volume - Exact & Phrase - UND,"=""215173494982662""",Megaminx - Mid & Low Volume,B0DB6311DK,Cubelelo Drift Megaminx v2 Cube (New Improved Version) | 12-Sided Fun and Challenging Puzzle with Ridge Design | Smooth Turning Dodecahedron | Perfect for Speed-Cubing | Ideal for Kids & Adults,B0DFGXG393,cubelelo,0300 Games & Puzzles,0307 Non-wooden Puzzles,Toy,1290300,AMAZON_IN,5047,85,1.6842%,522.25,11,5091.44,11,47.47727,0.2180%,9.74905,6,3420.96,6,87.04167,0.1189%,6.55043,5,1670.48,5,,,,,,,,,
INR,"May 01, 2026 - May 31, 2026","=""amzn1.ads-account.g.a5og6bnunpn8m911rke7gdql""",Cubelelo,143920007876206,BA - Megaminx Gan,"=""186877229473885""",SP-KT - Megaminx - Generic - Mid & Low Volume - Exact & Phrase - UND,"=""78909379343094""",Snake & Mastermorphix - Mid & Low Volume,B0DB6311DK,Cubelelo Drift Megaminx v2 Cube (New Improved Version) | 12-Sided Fun and Challenging Puzzle with Ridge Design | Smooth Turning Dodecahedron | Perfect for Speed-Cubing | Ideal for Kids & Adults,B0DFGXG393,cubelelo,0300 Games & Puzzles,0307 Non-wooden Puzzles,Toy,1290300,AMAZON_IN,28732,149,0.5186%,1672.32,6,2421.90,6,278.72000,0.0209%,1.44823,2,1140.00,2,836.16000,0.0070%,0.68169,4,1281.90,4,,,,,,,,,
INR,"May 01, 2026 - May 31, 2026","=""amzn1.ads-account.g.a5og6bnunpn8m911rke7gdql""",Cubelelo,143920007876206,BA - Megaminx Gan,"=""186877229473885""",SP-KT - Megaminx - Generic - Mid & Low Volume - Exact & Phrase - UND,"=""251209359031436""",Puppet & Unique - Mid & Low Volume,B0DB6311DK,Cubelelo Drift Megaminx v2 Cube (New Improved Version) | 12-Sided Fun and Challenging Puzzle with Ridge Design | Smooth Turning Dodecahedron | Perfect for Speed-Cubing | Ideal for Kids & Adults,B0DFGXG393,cubelelo,0300 Games & Puzzles,0307 Non-wooden Puzzles,Toy,1290300,AMAZON_IN,10084,45,0.4463%,465.22,2,1139.04,2,232.61000,0.0198%,2.44839,2,1139.04,2,232.61000,0.0198%,2.44839,0,0.00,0,,,,,,,,,
INR,"May 01, 2026 - May 31, 2026","=""amzn1.ads-account.g.a5og6bnunpn8m911rke7gdql""",Cubelelo,279942205262904,BA - Generic - Mid & Low Volume,"=""315451570129574""","SP-KT - Maglev, Mastermorphix, Puppet, Snake, Square1, Megaminx - Open - Mid & Low Volume - Exact & Phrase - UND","=""341230793876965""",Mastermorphix - Mid & Low Volume - Exact & Phrase,B0DB6311DK,Cubelelo Drift Megaminx v2 Cube (New Improved Version) | 12-Sided Fun and Challenging Puzzle with Ridge Design | Smooth Turning Dodecahedron | Perfect for Speed-Cubing | Ideal for Kids & Adults,B0DFGXG393,cubelelo,0300 Games & Puzzles,0307 Non-wooden Puzzles,Toy,1290300,AMAZON_IN,699,10,1.4306%,104.54,3,910.47,3,34.84667,0.4292%,8.70930,2,626.66,2,52.27000,0.2861%,5.99445,1,283.81,1,,,,,,,,,
INR,"May 01, 2026 - May 26, 2026","=""amzn1.ads-account.g.a5og6bnunpn8m911rke7gdql""",Cubelelo,14896671318530,BA - Tinker Box,"=""509123046817028""",SP-KT - Generic - Tinker Box - Tool Box - Mid & Low Vol - Exact,"=""377988893378649""",Tool Box - Tool kit,B0FF2FSJ7P,"TinkerBox Wooden My First Tool Kit with Storage Box | Toys for Kids 6-10 Year Old Boys and Girls | Premium 34-Piece Pretend Play Set | Realistic Tools for Learning, Education & Skill Develpoment",-1,Tinker Box,0600 Infants/Preschool,0625 Preschool Role Playing,Toy,TB00001,AMAZON_IN,4690,39,0.8316%,176.55,3,2853.34,3,58.85000,0.0640%,16.16165,3,2853.34,3,58.85000,0.0640%,16.16165,0,0.00,0,,,,,,,,,
INR,"May 01, 2026 - May 31, 2026","=""amzn1.ads-account.g.a5og6bnunpn8m911rke7gdql""",Cubelelo,14896671318530,BA - Tinker Box,"=""389668677012522""",SP-PT - Comp - Tinker Box - Tool kit - Best Selling - Exact,"=""409333676903167""",Tinker Box - Tool Kit,B0FF2FSJ7P,"TinkerBox Wooden My First Tool Kit with Storage Box | Toys for Kids 6-10 Year Old Boys and Girls | Premium 34-Piece Pretend Play Set | Realistic Tools for Learning, Education & Skill Develpoment",-1,Tinker Box,0600 Infants/Preschool,0625 Preschool Role Playing,Toy,TB00001,AMAZON_IN,15335,66,0.4304%,292.73,5,7138.10,5,58.54600,0.0326%,24.38459,5,7138.10,5,58.54600,0.0326%,24.38459,0,0.00,0,,,,,,,,,
INR,"May 01, 2026 - May 26, 2026","=""amzn1.ads-account.g.a5og6bnunpn8m911rke7gdql""",Cubelelo,14896671318530,BA - Tinker Box,"=""433539719600289""","SP-CT - Tinker Box - Tool Kit,Stack & Balance Human Tower & Toy Train Set","=""402888695883507""",Tool Kit,B0FF2FSJ7P,"TinkerBox Wooden My First Tool Kit with Storage Box | Toys for Kids 6-10 Year Old Boys and Girls | Premium 34-Piece Pretend Play Set | Realistic Tools for Learning, Education & Skill Develpoment",-1,Tinker Box,0600 Infants/Preschool,0625 Preschool Role Playing,Toy,TB00001,AMAZON_IN,4994,11,0.2203%,28.22,2,2855.24,2,14.11000,0.0400%,101.17789,2,2855.24,2,14.11000,0.0400%,101.17789,0,0.00,0,,,,,,,,,
INR,"May 02, 2026 - May 30, 2026","=""amzn1.ads-account.g.a5og6bnunpn8m911rke7gdql""",Cubelelo,153505421940411,BA - Competition - Moyu,"=""535209545252680""",SP-KT - Comp - Moyu - Generic - Mid & Low Volume - Exact & Phrase,"=""354103828771122""",Moyu - 3x3 - Low Volume,B0CL3HR7YS,"Cubelelo Drift Warrior 3x3 & Premium Cube Lubricant Combo | Speed Cube Set for Fast, Smooth, Professional Solving | Ultimate Kit for All Your Speedcubing Needs Multicolor for Kids, Adults All Ages",B0F18TBS19,cubelelo,0300 Games & Puzzles,0307 Non-wooden Puzzles,Toy,CLB0502,AMAZON_IN,26,0,0.0000%,0.00,0,0.00,0,,0.0000%,,0,0.00,0,,0.0000%,,0,0.00,0,,,,,,,,,
INR,"May 01, 2026 - May 31, 2026","=""amzn1.ads-account.g.a5og6bnunpn8m911rke7gdql""",Cubelelo,279942205262904,BA - Generic - Mid & Low Volume,"=""405383753413943""","SP-KT - Lube Combo, Magic, Pyraminx, Skewb, Stand, Timer, Gear - Open - Mid & Low Volume - Exact & Phrase","=""515672683970502""",Magic - Mid & Low Volume - Exact & Phrase,B0CL3HR7YS,"Cubelelo Drift Warrior 3x3 & Premium Cube Lubricant Combo | Speed Cube Set for Fast, Smooth, Professional Solving | Ultimate Kit for All Your Speedcubing Needs Multicolor for Kids, Adults All Ages",B0F18TBS19,cubelelo,0300 Games & Puzzles,0307 Non-wooden Puzzles,Toy,CLB0502,AMAZON_IN,137,0,0.0000%,0.00,0,0.00,0,,0.0000%,,0,0.00,0,,0.0000%,,0,0.00,0,,,,,,,,,
INR,"May 01, 2026 - May 31, 2026","=""amzn1.ads-account.g.a5og6bnunpn8m911rke7gdql""",Cubelelo,279942205262904,BA - Generic - Mid & Low Volume,"=""405383753413943""","SP-KT - Lube Combo, Magic, Pyraminx, Skewb, Stand, Timer, Gear - Open - Mid & Low Volume - Exact & Phrase","=""387936063231496""",Lube Combo - Mid & Low Volume - Exact & Phrase,B0CL3HR7YS,"Cubelelo Drift Warrior 3x3 & Premium Cube Lubricant Combo | Speed Cube Set for Fast, Smooth, Professional Solving | Ultimate Kit for All Your Speedcubing Needs Multicolor for Kids, Adults All Ages",B0F18TBS19,cubelelo,0300 Games & Puzzles,0307 Non-wooden Puzzles,Toy,CLB0502,AMAZON_IN,10617,149,1.4034%,815.76,30,7601.90,30,27.19200,0.2826%,9.31880,18,4605.72,18,45.32000,0.1695%,5.64593,12,2996.18,12,,,,,,,,,
INR,"May 01, 2026 - May 31, 2026","=""amzn1.ads-account.g.a5og6bnunpn8m911rke7gdql""",Cubelelo,162147707583156,BA - Branded - Cubelelo,"=""433317578586761""",SP-KT - Branded - Cubelelo - High Volume - Exact,"=""374742854439176""",Branded 3x3 - SKAG,B0CL3HR7YS,"Cubelelo Drift Warrior 3x3 & Premium Cube Lubricant Combo | Speed Cube Set for Fast, Smooth, Professional Solving | Ultimate Kit for All Your Speedcubing Needs Multicolor for Kids, Adults All Ages",B0F18TBS19,cubelelo,0300 Games & Puzzles,0307 Non-wooden Puzzles,Toy,CLB0502,AMAZON_IN,3361,43,1.2794%,168.15,5,954.29,5,33.63000,0.1488%,5.67523,0,0.00,0,,0.0000%,0.00000,5,954.29,5,,,,,,,,,
INR,"May 01, 2026 - May 31, 2026","=""amzn1.ads-account.g.a5og6bnunpn8m911rke7gdql""",Cubelelo,162147707583156,BA - Branded - Cubelelo,"=""329970929951347""",SP-KT - Branded - Cubelelo - Mid & Low Volume - Exact & Phrase - UND,"=""479460967599506""",Branded - 3x3,B0CL3HR7YS,"Cubelelo Drift Warrior 3x3 & Premium Cube Lubricant Combo | Speed Cube Set for Fast, Smooth, Professional Solving | Ultimate Kit for All Your Speedcubing Needs Multicolor for Kids, Adults All Ages",B0F18TBS19,cubelelo,0300 Games & Puzzles,0307 Non-wooden Puzzles,Toy,CLB0502,AMAZON_IN,13961,88,0.6303%,423.29,15,2971.43,15,28.21933,0.1074%,7.01985,3,987.62,3,141.09667,0.0215%,2.33320,12,1983.81,12,,,,,,,,,
INR,"May 01, 2026 - May 31, 2026","=""amzn1.ads-account.g.a5og6bnunpn8m911rke7gdql""",Cubelelo,266883110604369,Old - SP PT Campaigns,"=""471096929513381""",BA - SP PT - Pyramix - Competition - Exact,"=""299475517358539""",Pyraminx,B09QYW9DYC,Cubelelo Drift Pyraminx Puzzle Speedcube | Beginner Starter Cube for Kids 3+ Year Old & Above | Triangle Pyramid Shape Stickerless 3x3 Cubes Toy | Ideal for Boys Girls Children 4 5 6+ Years & Adults,B0CFFC4DMP,cubelelo,0300 Games & Puzzles,0307 Non-wooden Puzzles,Toy,1280100a,AMAZON_IN,5966,244,4.0898%,1526.34,64,20784.81,66,23.84906,1.0727%,13.61742,54,15214.32,56,28.26556,0.9051%,9.96785,10,5570.49,10,,,,,,,,,
INR,"May 01, 2026 - May 31, 2026","=""amzn1.ads-account.g.a5og6bnunpn8m911rke7gdql""",Cubelelo,279942205262904,BA - Generic - Mid & Low Volume,"=""327104446426115""","SP-KT - Axis - Windmill - Fisher, Cylinder, Kids, Mini, Smart, Pyramid - Open - Mid & Low Volume - Exact & Phrase","=""354824992183354""",Kids - Mid & Low Volume - Exact & Phrase,B09QYW9DYC,Cubelelo Drift Pyraminx Puzzle Speedcube | Beginner Starter Cube for Kids 3+ Year Old & Above | Triangle Pyramid Shape Stickerless 3x3 Cubes Toy | Ideal for Boys Girls Children 4 5 6+ Years & Adults,B0CFFC4DMP,cubelelo,0300 Games & Puzzles,0307 Non-wooden Puzzles,Toy,1280100a,AMAZON_IN,1422,8,0.5626%,116.03,2,405.71,2,58.01500,0.1406%,3.49660,1,264.76,1,116.03000,0.0703%,2.28182,1,140.95,1,,,,,,,,,
INR,"May 01, 2026 - May 31, 2026","=""amzn1.ads-account.g.a5og6bnunpn8m911rke7gdql""",Cubelelo,279942205262904,BA - Generic - Mid & Low Volume,"=""498287583816355""","SP-KT - Generic - 5x5, 6x6, 7x7, Keychain - Mid & Low Volume - Exact & Phrase","=""411040078648211""",Generic - 7x7 - Mid & Low Volume,B09WHYHTCR,Cubelelo Drift 7M 7x7 Magnetic Speedcube Magic Puzzle for Kids & Adults Speedy Stress Buster Brainstorming Cube,B0CXYBB1D2,cubelelo,0300 Games & Puzzles,0307 Non-wooden Puzzles,Toy,B09WHYHTCR,AMAZON_IN,1989,124,6.2343%,1549.20,8,11264.76,8,193.65000,0.4022%,7.27134,6,10658.09,6,258.20000,0.3017%,6.87974,2,606.67,2,,,,,,,,,
INR,"May 01, 2026 - May 31, 2026","=""amzn1.ads-account.g.a5og6bnunpn8m911rke7gdql""",Cubelelo,279942205262904,BA - Generic - Mid & Low Volume,"=""498287583816355""","SP-KT - Generic - 5x5, 6x6, 7x7, Keychain - Mid & Low Volume - Exact & Phrase","=""379248418920246""",Phrase - Generic - 7x7 - Mid & Low Volume,B09WHYHTCR,Cubelelo Drift 7M 7x7 Magnetic Speedcube Magic Puzzle for Kids & Adults Speedy Stress Buster Brainstorming Cube,B0CXYBB1D2,cubelelo,0300 Games & Puzzles,0307 Non-wooden Puzzles,Toy,B09WHYHTCR,AMAZON_IN,5769,130,2.2534%,1451.52,11,15896.22,11,131.95636,0.1907%,10.95143,8,14660.03,8,181.44000,0.1387%,10.09978,3,1236.19,3,,,,,,,,,
INR,"May 01, 2026 - May 16, 2026","=""amzn1.ads-account.g.a5og6bnunpn8m911rke7gdql""",Cubelelo,106276615587889,BA - Wooden Toys,"=""556800165272450""",SP-PT - Wooden - Comp - Puzzle Co - Calendar Puzzle - Exact,"=""334412694312199""",Calendar Puzzle,B0CVDDHZMR,"Cubelelo Drift Weekday Calendar Puzzle | Fun & Educational 7-Day Calendar Puzzle for All Ages | Enhance Cognitive Skills & Time Management Kids, Adults",-1,cubelelo,0300 Games & Puzzles,0307 Non-wooden Puzzles,Toy,4001044,AMAZON_IN,52,0,0.0000%,0.00,0,0.00,0,,0.0000%,,0,0.00,0,,0.0000%,,0,0.00,0,,,,,,,,,
INR,"May 01, 2026 - May 31, 2026","=""amzn1.ads-account.g.a5og6bnunpn8m911rke7gdql""",Cubelelo,279942205262904,BA - Generic - Mid & Low Volume,"=""332675778194131""",SP-KT - Generic - 4x4 - Mid & Low Volume - Exact & Phrase - DO,"=""318693646880033""",Phrase - Generic - 4x4 - Mid & Low Volume,B0FL7TDJLF,"Cubelelo Drift 4x4 Stickerless Cube Puzzle Toy | Combines Smoothness, Stability & Durability | 4x4x4 Speedcube for Beginners| Suitable for Kids Ages 6 to 14 Years Old, Boys, Girls & Adults",B0CBBV1B5T,cubelelo,0300 Games & Puzzles,0301 Family Board / Action,Toy,1040400,AMAZON_IN,43396,729,1.6799%,6517.26,126,48717.18,129,51.72429,0.2903%,7.47510,109,44146.71,112,59.79138,0.2512%,6.77381,17,4570.47,17,,,,,,,,,
INR,"May 01, 2026 - May 31, 2026","=""amzn1.ads-account.g.a5og6bnunpn8m911rke7gdql""",Cubelelo,279942205262904,BA - Generic - Mid & Low Volume,"=""332675778194131""",SP-KT - Generic - 4x4 - Mid & Low Volume - Exact & Phrase - DO,"=""302493695958815""",Generic - 4x4 - Mid & Low Volume,B0FL7TDJLF,"Cubelelo Drift 4x4 Stickerless Cube Puzzle Toy | Combines Smoothness, Stability & Durability | 4x4x4 Speedcube for Beginners| Suitable for Kids Ages 6 to 14 Years Old, Boys, Girls & Adults",B0CBBV1B5T,cubelelo,0300 Games & Puzzles,0301 Family Board / Action,Toy,1040400,AMAZON_IN,97625,927,0.9496%,8144.58,157,61778.15,162,51.87631,0.1608%,7.58519,128,50739.08,133,63.62953,0.1311%,6.22980,29,11039.07,29,,,,,,,,,
INR,"May 03, 2026 - May 31, 2026","=""amzn1.ads-account.g.a5og6bnunpn8m911rke7gdql""",Cubelelo,153505421940411,BA - Competition - Moyu,"=""508041836775444""",SP-KT - Comp - Moyu - Generic - High Volume - Exact,"=""314697139428353""",Moyu - Generic - High Volume,B0CQTHFSC2,Cubelelo MoYu MFJS RS3M v5 3x3 Speed Cube - Magnetic (Non-Adjustable) | Enhanced Stability with Magnets | Smooth & Fast Rotations | Speedcube for Kids & Adults | Brainstorming Puzzle,-1,cubelelo,0300 Games & Puzzles,0307 Non-wooden Puzzles,Toy,1030505,AMAZON_IN,23,0,0.0000%,0.00,0,0.00,0,,0.0000%,,0,0.00,0,,0.0000%,,0,0.00,0,,,,,,,,,
INR,"May 26, 2026 - May 31, 2026","=""amzn1.ads-account.g.a5og6bnunpn8m911rke7gdql""",Cubelelo,14896671318530,BA - Tinker Box,"=""178894007177834""",BA - SP - Auto - Tinker Box - 0-2 Years - DO,"=""524300284583215""",Tinker Box,B0FQPD4BGR,"TinkerBox Play Gym | 0+ Months | Wooden Baby Activity Gym for Tummy Time, Sensory Play & Early Development | Supports Motor Skills & Hand-Eye Coordination | Safe Infant Learning Toy",-1,Tinker Box,10000 Activity Entertainment,10010 Playmats,Baby product,TB00006,AMAZON_IN,1339,23,1.7177%,130.19,0,0.00,0,,0.0000%,0.00000,0,0.00,0,,0.0000%,0.00000,0,0.00,0,,,,,,,,,
INR,"May 01, 2026 - May 31, 2026","=""amzn1.ads-account.g.a5og6bnunpn8m911rke7gdql""",Cubelelo,279942205262904,BA - Generic - Mid & Low Volume,"=""498287583816355""","SP-KT - Generic - 5x5, 6x6, 7x7, Keychain - Mid & Low Volume - Exact & Phrase","=""384271447348191""",Phrase - Generic - 5x5 - Mid & Low Volume,B09K7QTCXP,Cubelelo Drift 5x5 Stickerless Speed Cube | AKA Professor's Cube Magic Puzzle for Kids & Adults | Smooth and Durable Speedy Brainstorming Puzzle| Ultimate Stress Buster and Mind Challenge,B0CWDC1YJL,cubelelo,0300 Games & Puzzles,0307 Non-wooden Puzzles,Toy,1050200,AMAZON_IN,41361,487,1.1774%,4146.81,66,27495.31,66,62.83045,0.1596%,6.63047,45,20845.78,45,92.15133,0.1088%,5.02694,21,6649.53,21,,,,,,,,,
INR,"May 01, 2026 - May 31, 2026","=""amzn1.ads-account.g.a5og6bnunpn8m911rke7gdql""",Cubelelo,159890394934310,Old - Core Generic Cube Campaigns All,"=""461439945733289""",BA_SP_KT_5x5 Cube_Generic_Phrase_09/23,"=""521470917336542""",5x5 Cube,B09K7QTCXP,Cubelelo Drift 5x5 Stickerless Speed Cube | AKA Professor's Cube Magic Puzzle for Kids & Adults | Smooth and Durable Speedy Brainstorming Puzzle| Ultimate Stress Buster and Mind Challenge,B0CWDC1YJL,cubelelo,0300 Games & Puzzles,0307 Non-wooden Puzzles,Toy,1050200,AMAZON_IN,11727,401,3.4195%,2434.85,90,38026.80,91,27.05389,0.7675%,15.61772,80,34422.04,81,30.43563,0.6822%,14.13723,10,3604.76,10,,,,,,,,,
INR,"May 01, 2026 - May 31, 2026","=""amzn1.ads-account.g.a5og6bnunpn8m911rke7gdql""",Cubelelo,279942205262904,BA - Generic - Mid & Low Volume,"=""498287583816355""","SP-KT - Generic - 5x5, 6x6, 7x7, Keychain - Mid & Low Volume - Exact & Phrase","=""490322774447990""",Generic - 5x5 - Mid & Low Volume,B09K7QTCXP,Cubelelo Drift 5x5 Stickerless Speed Cube | AKA Professor's Cube Magic Puzzle for Kids & Adults | Smooth and Durable Speedy Brainstorming Puzzle| Ultimate Stress Buster and Mind Challenge,B0CWDC1YJL,cubelelo,0300 Games & Puzzles,0307 Non-wooden Puzzles,Toy,1050200,AMAZON_IN,25993,428,1.6466%,2941.59,93,37919.15,93,31.63000,0.3578%,12.89070,73,31914.39,73,40.29575,0.2808%,10.84937,20,6004.76,20,,,,,,,,,
INR,"May 26, 2026 - May 31, 2026","=""amzn1.ads-account.g.a5og6bnunpn8m911rke7gdql""",Cubelelo,14896671318530,BA - Tinker Box,"=""178894007177834""",BA - SP - Auto - Tinker Box - 0-2 Years - DO,"=""524300284583215""",Tinker Box,B0FQVDNZ3K,TinkerBox Object Permanence Box | 6+ Months | Montessori Wooden Toy for Babies & Toddlers | Early Learning Puzzle for Hand-Eye Coordination & Cause-and-Effect | Safe & Durable Baby Toy,B0GPKMTZ4X,Tinker Box,1800 Learning & Exploration,1817 Educational Toys,Toy,TB03001,AMAZON_IN,4002,42,1.0495%,272.87,9,5972.35,9,30.31889,0.2249%,21.88716,9,5972.35,9,30.31889,0.2249%,21.88716,0,0.00,0,,,,,,,,,
INR,"May 01, 2026 - May 31, 2026","=""amzn1.ads-account.g.a5og6bnunpn8m911rke7gdql""",Cubelelo,279942205262904,BA - Generic - Mid & Low Volume,"=""315451570129574""","SP-KT - Maglev, Mastermorphix, Puppet, Snake, Square1, Megaminx - Open - Mid & Low Volume - Exact & Phrase - UND","=""355780307112522""",Snake - Mid & Low Volume - Exact & Phrase,B0CS6C29ZQ,Cubelelo Magic Snake Rainbow Puzzle Cube (60 Wedges) | Twist and Turn Shape Creation Fun Game for Kids Boys Girls and Adults | Multicolor Brain Teaser Stress Buster Toy | for Ages 3 Years and Above,B0CT8VHGGD,cubelelo,0300 Games & Puzzles,0307 Non-wooden Puzzles,Toy,1310039,AMAZON_IN,9345,98,1.0487%,540.97,14,6221.90,17,38.64071,0.1498%,11.50138,11,5262.85,14,49.17909,0.1177%,9.72854,3,959.05,3,,,,,,,,,
