Budget currency,Date range,Advertiser account ID,Advertiser account name,Portfolio ID,Portfolio name,Campaign ID,Campaign name,Ad group ID,Ad group name,Advertised product ID,Advertised product name,Advertised product parent ID,Advertised product brand,Advertised product category,Advertised product subcategory,Advertised product group,Advertised product SKU,Advertised product marketplace,Impressions,Clicks,CTR,Total cost,Purchases,Sales,Units sold,Cost per purchase,Purchase rate,ROAS,Purchases (promoted),Sales (promoted),Units sold (promoted),Cost per purchase (promoted),Purchase rate (promoted),ROAS (promoted),Purchases (halo),Sales (halo),Units sold (halo),Purchases (new to brand),Sales (new to brand),Units sold (new to brand),Cost per purchase (new to brand),Purchase rate (new to brand),ROAS (new to brand),Detail page views,Cost per detail page view,Detail page view rate
INR,"Jun 01, 2026 - Jun 30, 2026","=""amzn1.ads-account.g.a5og6bnunpn8m911rke7gdql""",Cubelelo,106276615587889,BA - Wooden Toys,"=""422466067749037""",SP-Auto - Wooden Products - Generic,"=""304050272629409""",Auto,B0CJBLTM11,"Cubelelo Drift Daily Calendar Puzzle | A-Puzzle-A-Day | Wooden Challenging Tangram Puzzle Toys for Adults and Kids | Compact, Travel Friendly Toy for Return & Birthday Gifts",-1,cubelelo,0300 Games & Puzzles,0306 Wooden Puzzles,Toy,4001001a,AMAZON_IN,90838,307,0.3380%,2563.06,54,15699.94,55,47.46407,0.0594%,6.12547,46,12707.55,47,55.71870,0.0506%,4.95796,8,2992.39,8,,,,,,,,,
INR,"Jun 01, 2026 - Jun 30, 2026","=""amzn1.ads-account.g.a5og6bnunpn8m911rke7gdql""",Cubelelo,106276615587889,BA - Wooden Toys,"=""434668412101024""",SP-PT - Wooden - Comp - Calendar Puzzle - Best selling - Brain Teaser Puzzles - Exact,"=""480131625002209""",Calendar Puzzle,B0CJBLTM11,"Cubelelo Drift Daily Calendar Puzzle | A-Puzzle-A-Day | Wooden Challenging Tangram Puzzle Toys for Adults and Kids | Compact, Travel Friendly Toy for Return & Birthday Gifts",-1,cubelelo,0300 Games & Puzzles,0306 Wooden Puzzles,Toy,4001001a,AMAZON_IN,6857,20,0.2917%,253.54,1,284.76,1,253.54000,0.0146%,1.12314,1,284.76,1,253.54000,0.0146%,1.12314,0,0.00,0,,,,,,,,,
INR,"Jun 01, 2026 - Jun 30, 2026","=""amzn1.ads-account.g.a5og6bnunpn8m911rke7gdql""",Cubelelo,106276615587889,BA - Wooden Toys,"=""556800165272450""",SP-PT - Wooden - Comp - Puzzle Co - Calendar Puzzle - Exact,"=""334412694312199""",Calendar Puzzle,B0CJBLTM11,"Cubelelo Drift Daily Calendar Puzzle | A-Puzzle-A-Day | Wooden Challenging Tangram Puzzle Toys for Adults and Kids | Compact, Travel Friendly Toy for Return & Birthday Gifts",-1,cubelelo,0300 Games & Puzzles,0306 Wooden Puzzles,Toy,4001001a,AMAZON_IN,284,2,0.7042%,18.09,0,0.00,0,,0.0000%,0.00000,0,0.00,0,,0.0000%,0.00000,0,0.00,0,,,,,,,,,
INR,"Jun 01, 2026 - Jun 30, 2026","=""amzn1.ads-account.g.a5og6bnunpn8m911rke7gdql""",Cubelelo,108066094626813,BA - Generic - Extremely High Volume,"=""345506724788622""","SP-KT - Mirror, Infinity & Combo - Open - High Volume - Exact","=""427492065631626""",Mirror - High Volume,B0DRVW5BNS,Cubelelo Drift 3x3 Mirror Blue (Tiled) Speed Cube | New Blue Version Looks Stunning with Buttery Smooth Turns | Ideal for Kids Above 5 6 Years Old Boys Girls | 3x3x3 Shape-Shifting Design Puzzle Toy,B0DWMW5ZNX,cubelelo,0300 Games & Puzzles,0301 Family Board / Action,Toy,1120039,AMAZON_IN,53455,530,0.9915%,3835.11,74,26111.37,74,51.82581,0.1384%,6.80851,56,19052.32,56,68.48411,0.1048%,4.96787,18,7059.05,18,,,,,,,,,
INR,"Jun 01, 2026 - Jun 30, 2026","=""amzn1.ads-account.g.a5og6bnunpn8m911rke7gdql""",Cubelelo,279942205262904,BA - Generic - Mid & Low Volume,"=""560766968003680""","SP-KT - Mirror, Infinity & Combo - Open - Mid & Low Volume - Exact & Phrase - UND","=""525770774800313""",Phrase - Mirror - Mid & Low Volume,B0DRVW5BNS,Cubelelo Drift 3x3 Mirror Blue (Tiled) Speed Cube | New Blue Version Looks Stunning with Buttery Smooth Turns | Ideal for Kids Above 5 6 Years Old Boys Girls | 3x3x3 Shape-Shifting Design Puzzle Toy,B0DWMW5ZNX,cubelelo,0300 Games & Puzzles,0301 Family Board / Action,Toy,1120039,AMAZON_IN,23593,254,1.0766%,2070.45,24,8483.79,24,86.26875,0.1017%,4.09756,22,7961.88,22,94.11136,0.0932%,3.84548,2,521.91,2,,,,,,,,,
INR,"Jun 01, 2026 - Jun 30, 2026","=""amzn1.ads-account.g.a5og6bnunpn8m911rke7gdql""",Cubelelo,162147707583156,BA - Branded - Cubelelo,"=""329970929951347""",SP-KT - Branded - Cubelelo - Mid & Low Volume - Exact & Phrase - UND,"=""360220929148821""",Mirror,B0DRVW5BNS,Cubelelo Drift 3x3 Mirror Blue (Tiled) Speed Cube | New Blue Version Looks Stunning with Buttery Smooth Turns | Ideal for Kids Above 5 6 Years Old Boys Girls | 3x3x3 Shape-Shifting Design Puzzle Toy,B0DWMW5ZNX,cubelelo,0300 Games & Puzzles,0301 Family Board / Action,Toy,1120039,AMAZON_IN,340,5,1.4706%,21.68,1,713.33,1,21.68000,0.2941%,32.90268,1,713.33,1,21.68000,0.2941%,32.90268,0,0.00,0,,,,,,,,,
INR,"Jun 01, 2026 - Jun 30, 2026","=""amzn1.ads-account.g.a5og6bnunpn8m911rke7gdql""",Cubelelo,279942205262904,BA - Generic - Mid & Low Volume,"=""560766968003680""","SP-KT - Mirror, Infinity & Combo - Open - Mid & Low Volume - Exact & Phrase - UND","=""389003175272486""",Mirror - Mid & Low Volume,B0DRVW5BNS,Cubelelo Drift 3x3 Mirror Blue (Tiled) Speed Cube | New Blue Version Looks Stunning with Buttery Smooth Turns | Ideal for Kids Above 5 6 Years Old Boys Girls | 3x3x3 Shape-Shifting Design Puzzle Toy,B0DWMW5ZNX,cubelelo,0300 Games & Puzzles,0301 Family Board / Action,Toy,1120039,AMAZON_IN,6540,75,1.1468%,605.47,16,5956.18,16,37.84188,0.2446%,9.83728,11,3341.90,11,55.04273,0.1682%,5.51951,5,2614.28,5,,,,,,,,,
INR,"Jun 01, 2026 - Jun 30, 2026","=""amzn1.ads-account.g.a5og6bnunpn8m911rke7gdql""",Cubelelo,162147707583156,BA - Branded - Cubelelo,"=""505382113206749""",SB-KT | All Products | Brand | Store | CPC | Phrase & Exact,"=""497483968325206""",Ad group - 3/9/2024 16:53:08.570,,,,,,,,,,179986,4279,2.3774%,18473.12,346,124603.20,352,53.39052,0.1922%,6.74511,333,117792.72,339,55.47483,0.1850%,6.37644,13,6810.48,13,265,95125.07,270,69.70989,0.1472%,5.14938,8254,2.23808,4.5859%
INR,"Jun 01, 2026 - Jun 30, 2026","=""amzn1.ads-account.g.a5og6bnunpn8m911rke7gdql""",Cubelelo,224382981785530,BA - SB New Restructure campaigns.,"=""334124855453438""","SBSL-KT - Generic - 2x2, 3x3, 4x4, 5x5, 6x6, 7x7 - Exact","=""429908011542855""",Generic - 3x3,,,,,,,,,,1114,37,3.3214%,151.06,6,2851.43,6,25.17667,0.5386%,18.87614,6,2851.43,6,25.17667,0.5386%,18.87614,0,0.00,0,5,2595.24,5,30.21200,0.4488%,17.18019,133,1.13579,11.9390%
INR,"Jun 01, 2026 - Jun 30, 2026","=""amzn1.ads-account.g.a5og6bnunpn8m911rke7gdql""",Cubelelo,215664054810032,BA - Number Sliding Puzzle,"=""285100935665485""",SBV-KT - Generic - Number Sliding Puzzle - More than 1L Searches - Exact,"=""366169976798877""",Video - Number Sliding Puzzle,,,,,,,,,,15286,101,0.6607%,875.24,3,768.57,3,291.74667,0.0196%,0.87813,3,768.57,3,291.74667,0.0196%,0.87813,0,0.00,0,3,768.57,3,291.74667,0.0196%,0.87813,132,6.63061,0.8635%
INR,"Jun 01, 2026 - Jun 30, 2026","=""amzn1.ads-account.g.a5og6bnunpn8m911rke7gdql""",Cubelelo,279431566595154,Paused SB Campaigns - Old,"=""342892756369405""",BA_SBV_KT_3x3 Cube Generic _Magnetic_Phrase_4/24,"=""367878248809390""",Magnetic Cube 3x3,,,,,,,,,,12423,105,0.8452%,807.14,4,2024.76,4,201.78500,0.0322%,2.50856,2,950.48,2,403.57000,0.0161%,1.17759,2,1074.28,2,3,1549.52,3,269.04667,0.0241%,1.91977,292,2.76418,2.3505%
INR,"Jun 01, 2026 - Jun 30, 2026","=""amzn1.ads-account.g.a5og6bnunpn8m911rke7gdql""",Cubelelo,224382981785530,BA - SB New Restructure campaigns.,"=""294777906047039""",SBSL-KT - Generic - Open - High & Mid Volume - Exact,"=""528089263509420""",High Volume -  Exact,,,,,,,,,,29056,682,2.3472%,5102.17,55,18601.98,58,92.76673,0.1893%,3.64590,54,18402.93,57,94.48463,0.1858%,3.60688,1,199.05,1,45,13555.30,46,113.38156,0.1549%,2.65677,1243,4.10472,4.2779%
INR,"Jun 01, 2026 - Jun 30, 2026","=""amzn1.ads-account.g.a5og6bnunpn8m911rke7gdql""",Cubelelo,224382981785530,BA - SB New Restructure campaigns.,"=""299103076353766""","SBSL-KT - Megaminx, Pyramid, Timer & Gear - Open - Exact","=""283434224733733""",Megaminx,,,,,,,,,,8494,246,2.8962%,797.43,10,4162.29,11,79.74300,0.1177%,5.21963,9,3496.58,10,88.60333,0.1060%,4.38481,1,665.71,1,5,2290.86,5,159.48600,0.0589%,2.87280,415,1.92152,4.8858%
INR,"Jun 01, 2026 - Jun 30, 2026","=""amzn1.ads-account.g.a5og6bnunpn8m911rke7gdql""",Cubelelo,224382981785530,BA - SB New Restructure campaigns.,"=""334124855453438""","SBSL-KT - Generic - 2x2, 3x3, 4x4, 5x5, 6x6, 7x7 - Exact","=""347081244847252""",Generic - 5x5,,,,,,,,,,81,0,0.0000%,0.00,0,0.00,0,,0.0000%,,0,0.00,0,,0.0000%,,0,0.00,0,0,0.00,0,,0.0000%,,0,,0.0000%
INR,"Jun 01, 2026 - Jun 30, 2026","=""amzn1.ads-account.g.a5og6bnunpn8m911rke7gdql""",Cubelelo,224382981785530,BA - SB New Restructure campaigns.,"=""334124855453438""","SBSL-KT - Generic - 2x2, 3x3, 4x4, 5x5, 6x6, 7x7 - Exact","=""369193468972636""",Generic - 6x6,,,,,,,,,,768,24,3.1250%,80.95,4,3034.29,4,20.23750,0.5208%,37.48351,3,2854.29,3,26.98333,0.3906%,35.25991,1,180.00,1,4,3034.29,4,20.23750,0.5208%,37.48351,17,4.76176,2.2135%
INR,"Jun 01, 2026 - Jun 30, 2026","=""amzn1.ads-account.g.a5og6bnunpn8m911rke7gdql""",Cubelelo,279431566595154,Paused SB Campaigns - Old,"=""302256792673586""",BA_SBV_KT_3x3 Cube Generic _Generic_Phrase_7/24,"=""495270982862202""",ROS,,,,,,,,,,226,2,0.8850%,5.07,0,0.00,0,,0.0000%,0.00000,0,0.00,0,,0.0000%,0.00000,0,0.00,0,0,0.00,0,,0.0000%,0.00000,3,1.69000,1.3274%
INR,"Jun 01, 2026 - Jun 30, 2026","=""amzn1.ads-account.g.a5og6bnunpn8m911rke7gdql""",Cubelelo,224382981785530,BA - SB New Restructure campaigns.,"=""415753023796479""","SBSL-KT - Mirror, Infinity & Combo - Open - Exact","=""431711332516830""",Mirror,,,,,,,,,,7998,109,1.3628%,316.69,10,3011.42,10,31.66900,0.1250%,9.50905,10,3011.42,10,31.66900,0.1250%,9.50905,0,0.00,0,4,1320.00,4,79.17250,0.0500%,4.16811,296,1.06990,3.7009%
INR,"Jun 01, 2026 - Jun 30, 2026","=""amzn1.ads-account.g.a5og6bnunpn8m911rke7gdql""",Cubelelo,162147707583156,BA - Branded - Cubelelo,"=""497445504821486""",BA_SBV_KT_3x3 Cube _Brand_Phrase,"=""314412296912727""",SBV - ROS - Phrase,,,,,,,,,,2721,91,3.3444%,1439.38,15,5319.06,15,95.95867,0.5513%,3.69538,14,4939.06,14,102.81286,0.5145%,3.43138,1,380.00,1,7,2317.15,7,205.62571,0.2573%,1.60983,370,3.89022,13.5979%
INR,"Jun 01, 2026 - Jun 30, 2026","=""amzn1.ads-account.g.a5og6bnunpn8m911rke7gdql""",Cubelelo,162147707583156,BA - Branded - Cubelelo,"=""497445504821486""",BA_SBV_KT_3x3 Cube _Brand_Phrase,"=""431745662903515""",SBV - TOS - PH,,,,,,,,,,3667,241,6.5721%,662.88,26,8907.62,27,25.49538,0.7090%,13.43776,22,6473.34,23,30.13091,0.5999%,9.76548,4,2434.28,4,22,6740.00,23,30.13091,0.5999%,10.16775,742,0.89337,20.2345%
INR,"Jun 01, 2026 - Jun 30, 2026","=""amzn1.ads-account.g.a5og6bnunpn8m911rke7gdql""",Cubelelo,224382981785530,BA - SB New Restructure campaigns.,"=""334124855453438""","SBSL-KT - Generic - 2x2, 3x3, 4x4, 5x5, 6x6, 7x7 - Exact","=""291290782526935""",Generic - 4x4,,,,,,,,,,8430,365,4.3298%,1221.42,38,17791.45,40,32.14263,0.4508%,14.56620,29,13761.92,31,42.11793,0.3440%,11.26715,9,4029.53,9,33,15339.07,34,37.01273,0.3915%,12.55839,583,2.09506,6.9158%
INR,"Jun 01, 2026 - Jun 30, 2026","=""amzn1.ads-account.g.a5og6bnunpn8m911rke7gdql""",Cubelelo,224382981785530,BA - SB New Restructure campaigns.,"=""415753023796479""","SBSL-KT - Mirror, Infinity & Combo - Open - Exact","=""302076672881646""",Combo,,,,,,,,,,3028,68,2.2457%,181.18,2,902.86,2,90.59000,0.0661%,4.98322,2,902.86,2,90.59000,0.0661%,4.98322,0,0.00,0,1,475.24,1,181.18000,0.0330%,2.62303,131,1.38305,4.3263%
INR,"Jun 01, 2026 - Jun 30, 2026","=""amzn1.ads-account.g.a5og6bnunpn8m911rke7gdql""",Cubelelo,224382981785530,BA - SB New Restructure campaigns.,"=""294777906047039""",SBSL-KT - Generic - Open - High & Mid Volume - Exact,"=""356079961127467""",Mid - Exact,,,,,,,,,,82767,1992,2.4068%,14400.99,191,69649.12,195,75.39785,0.2308%,4.83641,162,57151.57,165,88.89500,0.1957%,3.96859,29,12497.55,30,147,55362.05,150,97.96592,0.1776%,3.84432,3713,3.87853,4.4861%
INR,"Jun 01, 2026 - Jun 30, 2026","=""amzn1.ads-account.g.a5og6bnunpn8m911rke7gdql""",Cubelelo,44034571834589,BA - SD Campaigns,"=""403022595429362""",BA_SD_Category Targeting_VR_All Products_5/24,"=""483093739067840""",VR,B0DRVQVFJB,,,,,,,1030604,AMAZON_IN,0,0,,0.00,1,380.00,1,0.00000,,,0,0.00,0,,,,1,380.00,1,0,0.00,0,,,,44,0.00000,
INR,"Jun 01, 2026 - Jun 30, 2026","=""amzn1.ads-account.g.a5og6bnunpn8m911rke7gdql""",Cubelelo,224382981785530,BA - SB New Restructure campaigns.,"=""299103076353766""","SBSL-KT - Megaminx, Pyramid, Timer & Gear - Open - Exact","=""380303889693545""",Timer,,,,,,,,,,9530,442,4.6380%,916.08,29,18963.80,29,31.58897,0.3043%,20.70103,24,14511.42,24,38.17000,0.2518%,15.84078,5,4452.38,5,12,7436.19,12,76.34000,0.1259%,8.11740,720,1.27233,7.5551%
INR,"Jun 01, 2026 - Jun 30, 2026","=""amzn1.ads-account.g.a5og6bnunpn8m911rke7gdql""",Cubelelo,279431566595154,Paused SB Campaigns - Old,"=""549329631989436""",BA_SB - Generic_Magnetic Cube_Phrase_7/24,"=""506069636435611""",Generic Magnetic Cube,,,,,,,,,,843363,1420,0.1684%,11426.52,49,19112.41,49,233.19429,0.0058%,1.67264,47,18523.84,47,243.11745,0.0056%,1.62113,2,588.57,2,35,13166.68,35,326.47200,0.0042%,1.15229,2584,4.42203,0.3064%
INR,"Jun 05, 2026 - Jun 30, 2026","=""amzn1.ads-account.g.a5og6bnunpn8m911rke7gdql""",Cubelelo,215664054810032,BA - Number Sliding Puzzle,"=""368850028288804""",SBV-KT - Number Sliding Puzzle - Generic - BMM,"=""364214731614766""",SBV-KT - Number Sliding Puzzle - Generic - BMM,,,,,,,,,,9,0,0.0000%,0.00,0,0.00,0,,0.0000%,,0,0.00,0,,0.0000%,,0,0.00,0,0,0.00,0,,0.0000%,,0,,0.0000%
INR,"Jun 01, 2026 - Jun 30, 2026","=""amzn1.ads-account.g.a5og6bnunpn8m911rke7gdql""",Cubelelo,224382981785530,BA - SB New Restructure campaigns.,"=""299103076353766""","SBSL-KT - Megaminx, Pyramid, Timer & Gear - Open - Exact","=""368382737142762""",Gear,,,,,,,,,,4026,158,3.9245%,436.73,13,5472.37,13,33.59462,0.3229%,12.53033,12,5159.04,12,36.39417,0.2981%,11.81288,1,313.33,1,8,3715.23,8,54.59125,0.1987%,8.50693,351,1.24425,8.7183%
INR,"Jun 01, 2026 - Jun 30, 2026","=""amzn1.ads-account.g.a5og6bnunpn8m911rke7gdql""",Cubelelo,215664054810032,BA - Number Sliding Puzzle,"=""305807850584699""",SBV-KT - ROS - Number Sliding Puzzle - Generic - Exact,"=""369471270492532""",Number Sliding Puzzle,,,,,,,,,,5752,86,1.4951%,590.74,3,768.57,3,196.91333,0.0522%,1.30103,3,768.57,3,196.91333,0.0522%,1.30103,0,0.00,0,3,768.57,3,196.91333,0.0522%,1.30103,131,4.50947,2.2775%
INR,"Jun 01, 2026 - Jun 30, 2026","=""amzn1.ads-account.g.a5og6bnunpn8m911rke7gdql""",Cubelelo,224382981785530,BA - SB New Restructure campaigns.,"=""299103076353766""","SBSL-KT - Megaminx, Pyramid, Timer & Gear - Open - Exact","=""367392159603994""",Pyramid,,,,,,,,,,3303,111,3.3606%,659.06,10,2780.94,10,65.90600,0.3028%,4.21956,8,2154.28,8,82.38250,0.2422%,3.26872,2,626.66,2,6,1651.42,6,109.84333,0.1817%,2.50572,145,4.54524,4.3899%
INR,"Jun 01, 2026 - Jun 30, 2026","=""amzn1.ads-account.g.a5og6bnunpn8m911rke7gdql""",Cubelelo,224382981785530,BA - SB New Restructure campaigns.,"=""334124855453438""","SBSL-KT - Generic - 2x2, 3x3, 4x4, 5x5, 6x6, 7x7 - Exact","=""533267236004239""",Generic - 2x2,,,,,,,,,,477,13,2.7254%,53.52,1,475.24,1,53.52000,0.2096%,8.87967,1,475.24,1,53.52000,0.2096%,8.87967,0,0.00,0,1,475.24,1,53.52000,0.2096%,8.87967,21,2.54857,4.4025%
INR,"Jun 01, 2026 - Jun 30, 2026","=""amzn1.ads-account.g.a5og6bnunpn8m911rke7gdql""",Cubelelo,224382981785530,BA - SB New Restructure campaigns.,"=""415753023796479""","SBSL-KT - Mirror, Infinity & Combo - Open - Exact","=""515160219947373""",Infinity,,,,,,,,,,688,12,1.7442%,22.87,0,0.00,0,,0.0000%,0.00000,0,0.00,0,,0.0000%,0.00000,0,0.00,0,0,0.00,0,,0.0000%,0.00000,1,22.87000,0.1453%
INR,"Jun 01, 2026 - Jun 30, 2026","=""amzn1.ads-account.g.a5og6bnunpn8m911rke7gdql""",Cubelelo,279942205262904,BA - Generic - Mid & Low Volume,"=""327104446426115""","SP-KT - Axis - Windmill - Fisher, Cylinder, Kids, Mini, Smart, Pyramid - Open - Mid & Low Volume - Exact & Phrase","=""528810430432085""",Mini - Mid & Low Volume - Exact & Phrase,B09B7556K2,Cubelelo Drift Mini 3x3 Keychain Combo (Pack of 2) Magic Cube Puzzle | Portable Speedcube Set for Kids & Adults | Fun & Durable Keychain Cubes | Perfect On-the-Go Puzzle,-1,cubelelo,0300 Games & Puzzles,0307 Non-wooden Puzzles,Toy,CLB0096,AMAZON_IN,7758,58,0.7476%,198.74,6,3002.87,7,33.12333,0.0773%,15.10954,5,2851.44,6,39.74800,0.0644%,14.34759,1,151.43,1,,,,,,,,,
INR,"Jun 01, 2026 - Jun 30, 2026","=""amzn1.ads-account.g.a5og6bnunpn8m911rke7gdql""",Cubelelo,279942205262904,BA - Generic - Mid & Low Volume,"=""498287583816355""","SP-KT - Generic - 5x5, 6x6, 7x7, Keychain - Mid & Low Volume - Exact & Phrase","=""488567764457494""",Generic - Keychain - Low Volume,B09B7556K2,Cubelelo Drift Mini 3x3 Keychain Combo (Pack of 2) Magic Cube Puzzle | Portable Speedcube Set for Kids & Adults | Fun & Durable Keychain Cubes | Perfect On-the-Go Puzzle,-1,cubelelo,0300 Games & Puzzles,0307 Non-wooden Puzzles,Toy,CLB0096,AMAZON_IN,1556,14,0.8997%,51.81,2,760.00,2,25.90500,0.1285%,14.66898,2,760.00,2,25.90500,0.1285%,14.66898,0,0.00,0,,,,,,,,,
INR,"Jun 08, 2026 - Jun 08, 2026","=""amzn1.ads-account.g.a5og6bnunpn8m911rke7gdql""",Cubelelo,162147707583156,BA - Branded - Cubelelo,"=""396531688533510""",BA - SP PT - Magnetic Cube - Brand - ST,"=""393022607656219""",Magnetic Cube_ST,B0CJMDL3V8,"Cubelelo Drift 3M 3X3 Magnetic Speedcube & Premium Cube Lubricant Combo | Drift 3M Features 48 Precision Magnets| Ultra Smooth Buttery Turns | The Perfect Kit For Fast, Precise Solving!, Kids",B0DQPD175T,cubelelo,0300 Games & Puzzles,0307 Non-wooden Puzzles,Toy,CLB0501,AMAZON_IN,1,0,0.0000%,0.00,0,0.00,0,,0.0000%,,0,0.00,0,,0.0000%,,0,0.00,0,,,,,,,,,
INR,"Jun 08, 2026 - Jun 08, 2026","=""amzn1.ads-account.g.a5og6bnunpn8m911rke7gdql""",Cubelelo,162147707583156,BA - Branded - Cubelelo,"=""408832603271930""",BA_SP_KT_Brand Drift (3x3)_Phrase_09/23,"=""462288077097605""",Brand Drift (3x3),B0CJMDL3V8,"Cubelelo Drift 3M 3X3 Magnetic Speedcube & Premium Cube Lubricant Combo | Drift 3M Features 48 Precision Magnets| Ultra Smooth Buttery Turns | The Perfect Kit For Fast, Precise Solving!, Kids",B0DQPD175T,cubelelo,0300 Games & Puzzles,0307 Non-wooden Puzzles,Toy,CLB0501,AMAZON_IN,1,0,0.0000%,0.00,0,0.00,0,,0.0000%,,0,0.00,0,,0.0000%,,0,0.00,0,,,,,,,,,
INR,"Jun 04, 2026 - Jun 05, 2026","=""amzn1.ads-account.g.a5og6bnunpn8m911rke7gdql""",Cubelelo,279942205262904,BA - Generic - Mid & Low Volume,"=""405383753413943""","SP-KT - Lube Combo, Magic, Pyraminx, Skewb, Stand, Timer, Gear - Open - Mid & Low Volume - Exact & Phrase","=""387936063231496""",Lube Combo - Mid & Low Volume - Exact & Phrase,B0CJMDL3V8,"Cubelelo Drift 3M 3X3 Magnetic Speedcube & Premium Cube Lubricant Combo | Drift 3M Features 48 Precision Magnets| Ultra Smooth Buttery Turns | The Perfect Kit For Fast, Precise Solving!, Kids",B0DQPD175T,cubelelo,0300 Games & Puzzles,0307 Non-wooden Puzzles,Toy,CLB0501,AMAZON_IN,3,0,0.0000%,0.00,0,0.00,0,,0.0000%,,0,0.00,0,,0.0000%,,0,0.00,0,,,,,,,,,
INR,"Jun 01, 2026 - Jun 30, 2026","=""amzn1.ads-account.g.a5og6bnunpn8m911rke7gdql""",Cubelelo,14896671318530,BA - Tinker Box,"=""178894007177834""",BA - SP - Auto - Tinker Box - 0-2 Years - DO,"=""524300284583215""",Tinker Box,B0FQP635YZ,TinkerBox Mobile Hanging | 0+ Months | Montessori Wooden Crib Toy for Newborns & Babies | Early Visual Stimulation & Sensory Development | Safe & Durable Hanging Room Decoration Toy,-1,Tinker Box,1500 Bedding,1530 Baby Blankets,Baby product,TB01004,AMAZON_IN,131613,186,0.1413%,1028.18,3,2473.34,3,342.72667,0.0023%,2.40555,3,2473.34,3,342.72667,0.0023%,2.40555,0,0.00,0,,,,,,,,,
INR,"Jun 01, 2026 - Jun 30, 2026","=""amzn1.ads-account.g.a5og6bnunpn8m911rke7gdql""",Cubelelo,279942205262904,BA - Generic - Mid & Low Volume,"=""315451570129574""","SP-KT - Maglev, Mastermorphix, Puppet, Snake, Square1, Megaminx - Open - Mid & Low Volume - Exact & Phrase - UND","=""391120880267490""",Unique - Mid & Low Volume - Exact & Phrase,B09WHYXJRH,"Cubelelo Drift Megaminx M (Magnetic) Stickerless Puzzle - Precision Puzzle for Competitive Solvers, Kids & Adults | Smooth Turning, Durable Design, Ideal for Brain Teasers and Speedcubing Challenges",B0DFGXG393,cubelelo,0300 Games & Puzzles,0307 Non-wooden Puzzles,Toy,1290600,AMAZON_IN,2347,15,0.6391%,130.29,1,180.00,1,130.29000,0.0426%,1.38153,0,0.00,0,,0.0000%,0.00000,1,180.00,1,,,,,,,,,
INR,"Jun 01, 2026 - Jun 30, 2026","=""amzn1.ads-account.g.a5og6bnunpn8m911rke7gdql""",Cubelelo,279942205262904,BA - Generic - Mid & Low Volume,"=""315451570129574""","SP-KT - Maglev, Mastermorphix, Puppet, Snake, Square1, Megaminx - Open - Mid & Low Volume - Exact & Phrase - UND","=""429913349679527""",Megaminx - Mid & Low Volume - Exact & Phrase,B09WHYXJRH,"Cubelelo Drift Megaminx M (Magnetic) Stickerless Puzzle - Precision Puzzle for Competitive Solvers, Kids & Adults | Smooth Turning, Durable Design, Ideal for Brain Teasers and Speedcubing Challenges",B0DFGXG393,cubelelo,0300 Games & Puzzles,0307 Non-wooden Puzzles,Toy,1290600,AMAZON_IN,12571,162,1.2887%,1961.72,14,13414.29,14,140.12286,0.1114%,6.83803,11,11416.20,11,178.33818,0.0875%,5.81949,3,1998.09,3,,,,,,,,,
INR,"Jun 01, 2026 - Jun 30, 2026","=""amzn1.ads-account.g.a5og6bnunpn8m911rke7gdql""",Cubelelo,108066094626813,BA - Generic - Extremely High Volume,"=""530532259196935""","SP-KT - Megaminx, Pyramid, Timer & Gear - Open - High Volume - Exact","=""360566109921119""",Megaminx - High Volume SKAG,B09WHYXJRH,"Cubelelo Drift Megaminx M (Magnetic) Stickerless Puzzle - Precision Puzzle for Competitive Solvers, Kids & Adults | Smooth Turning, Durable Design, Ideal for Brain Teasers and Speedcubing Challenges",B0DFGXG393,cubelelo,0300 Games & Puzzles,0307 Non-wooden Puzzles,Toy,1290600,AMAZON_IN,2593,13,0.5013%,56.34,2,1902.86,2,28.17000,0.0771%,33.77458,2,1902.86,2,28.17000,0.0771%,33.77458,0,0.00,0,,,,,,,,,
INR,"Jun 02, 2026 - Jun 29, 2026","=""amzn1.ads-account.g.a5og6bnunpn8m911rke7gdql""",Cubelelo,279942205262904,BA - Generic - Mid & Low Volume,"=""369883644681767""","SP-KT - Magnetic - Open, 2x2, 4x4, 5x5 - High Volume - Exact & Phrase","=""398733777024064""",Phrase - Magnetic - 4x4 - Mid & Low Volume,B09MZ7WP73,"Cubelelo Drift 4M 4x4 (Magnetic) Speed Cube | AKA Revenge Cube | Combines Smoothness, Stability and Durability | Toys for Kids Ages 7-14 Boys Girls and Adults All Ages | 4x4x4 Puzzle Speedcube Toy",B0CBBV1B5T,cubelelo,0300 Games & Puzzles,0307 Non-wooden Puzzles,Toy,1040600,AMAZON_IN,23,4,17.3913%,8.04,1,1332.38,1,8.04000,4.3478%,165.71891,1,1332.38,1,8.04000,4.3478%,165.71891,0,0.00,0,,,,,,,,,
INR,"Jun 01, 2026 - Jun 30, 2026","=""amzn1.ads-account.g.a5og6bnunpn8m911rke7gdql""",Cubelelo,279942205262904,BA - Generic - Mid & Low Volume,"=""498287583816355""","SP-KT - Generic - 5x5, 6x6, 7x7, Keychain - Mid & Low Volume - Exact & Phrase","=""490322774447990""",Generic - 5x5 - Mid & Low Volume,B0BZL11XWC,"Cubelelo Drift 4x4, 5x5 Premium Gift Box | 2-in-1 Puzzle Game Set | Challenge, Thrice The Fun | Ultimate Value Saver Combo | Brainstoming Toy for Children Kids & Adults",-1,cubelelo,0300 Games & Puzzles,0307 Non-wooden Puzzles,Toy,1460510,AMAZON_IN,13222,127,0.9605%,1919.91,13,8701.87,13,147.68538,0.0983%,4.53244,11,7560.92,11,174.53727,0.0832%,3.93816,2,1140.95,2,,,,,,,,,
INR,"Jun 01, 2026 - Jun 30, 2026","=""amzn1.ads-account.g.a5og6bnunpn8m911rke7gdql""",Cubelelo,279942205262904,BA - Generic - Mid & Low Volume,"=""332675778194131""",SP-KT - Generic - 4x4 - Mid & Low Volume - Exact & Phrase - DO,"=""302493695958815""",Generic - 4x4 - Mid & Low Volume,B0BZL11XWC,"Cubelelo Drift 4x4, 5x5 Premium Gift Box | 2-in-1 Puzzle Game Set | Challenge, Thrice The Fun | Ultimate Value Saver Combo | Brainstoming Toy for Children Kids & Adults",-1,cubelelo,0300 Games & Puzzles,0307 Non-wooden Puzzles,Toy,1460510,AMAZON_IN,44995,153,0.3400%,1347.53,20,11210.44,20,67.37650,0.0444%,8.31925,15,10033.29,15,89.83533,0.0333%,7.44569,5,1177.15,5,,,,,,,,,
INR,"Jun 01, 2026 - Jun 30, 2026","=""amzn1.ads-account.g.a5og6bnunpn8m911rke7gdql""",Cubelelo,279942205262904,BA - Generic - Mid & Low Volume,"=""332675778194131""",SP-KT - Generic - 4x4 - Mid & Low Volume - Exact & Phrase - DO,"=""318693646880033""",Phrase - Generic - 4x4 - Mid & Low Volume,B09MZ7WP73,"Cubelelo Drift 4M 4x4 (Magnetic) Speed Cube | AKA Revenge Cube | Combines Smoothness, Stability and Durability | Toys for Kids Ages 7-14 Boys Girls and Adults All Ages | 4x4x4 Puzzle Speedcube Toy",B0CBBV1B5T,cubelelo,0300 Games & Puzzles,0307 Non-wooden Puzzles,Toy,1040600,AMAZON_IN,27234,461,1.6927%,3936.56,35,31844.74,35,112.47314,0.1285%,8.08948,29,29830.46,29,135.74345,0.1065%,7.57780,6,2014.28,6,,,,,,,,,
INR,"Jun 03, 2026 - Jun 30, 2026","=""amzn1.ads-account.g.a5og6bnunpn8m911rke7gdql""",Cubelelo,279942205262904,BA - Generic - Mid & Low Volume,"=""369883644681767""","SP-KT - Magnetic - Open, 2x2, 4x4, 5x5 - High Volume - Exact & Phrase","=""425372408989294""",Magnetic - 4x4 - Mid & Low Volume,B0BZL11XWC,"Cubelelo Drift 4x4, 5x5 Premium Gift Box | 2-in-1 Puzzle Game Set | Challenge, Thrice The Fun | Ultimate Value Saver Combo | Brainstoming Toy for Children Kids & Adults",-1,cubelelo,0300 Games & Puzzles,0307 Non-wooden Puzzles,Toy,1460510,AMAZON_IN,31,0,0.0000%,0.00,0,0.00,0,,0.0000%,,0,0.00,0,,0.0000%,,0,0.00,0,,,,,,,,,
INR,"Jun 01, 2026 - Jun 30, 2026","=""amzn1.ads-account.g.a5og6bnunpn8m911rke7gdql""",Cubelelo,279942205262904,BA - Generic - Mid & Low Volume,"=""560766968003680""","SP-KT - Mirror, Infinity & Combo - Open - Mid & Low Volume - Exact & Phrase - UND","=""531829023860059""",Phrase - Combo - Mid & Low Volume,B0BZL11XWC,"Cubelelo Drift 4x4, 5x5 Premium Gift Box | 2-in-1 Puzzle Game Set | Challenge, Thrice The Fun | Ultimate Value Saver Combo | Brainstoming Toy for Children Kids & Adults",-1,cubelelo,0300 Games & Puzzles,0307 Non-wooden Puzzles,Toy,1460510,AMAZON_IN,11352,66,0.5814%,597.31,7,4126.66,7,85.33000,0.0617%,6.90874,6,3927.61,6,99.55167,0.0529%,6.57550,1,199.05,1,,,,,,,,,
INR,"Jun 01, 2026 - Jun 30, 2026","=""amzn1.ads-account.g.a5og6bnunpn8m911rke7gdql""",Cubelelo,279942205262904,BA - Generic - Mid & Low Volume,"=""327104446426115""","SP-KT - Axis - Windmill - Fisher, Cylinder, Kids, Mini, Smart, Pyramid - Open - Mid & Low Volume - Exact & Phrase","=""528810430432085""",Mini - Mid & Low Volume - Exact & Phrase,B09B75WYR2,Cubelelo Drift Mini 3x3 Keychain | Magic Speed Cube Toy | Puzzle for Kids and Adults | Compact and Handy Multi Purpose Brain Teaser Game for Fun and Joy | for Ages 3 Years and Above,-1,cubelelo,0300 Games & Puzzles,0307 Non-wooden Puzzles,Toy,1960100,AMAZON_IN,8050,185,2.2981%,623.29,17,4288.56,17,36.66412,0.2112%,6.88052,12,3417.12,12,51.94083,0.1491%,5.48239,5,871.44,5,,,,,,,,,
INR,"Jun 01, 2026 - Jun 30, 2026","=""amzn1.ads-account.g.a5og6bnunpn8m911rke7gdql""",Cubelelo,279942205262904,BA - Generic - Mid & Low Volume,"=""369883644681767""","SP-KT - Magnetic - Open, 2x2, 4x4, 5x5 - High Volume - Exact & Phrase","=""425372408989294""",Magnetic - 4x4 - Mid & Low Volume,B09MZ7WP73,"Cubelelo Drift 4M 4x4 (Magnetic) Speed Cube | AKA Revenge Cube | Combines Smoothness, Stability and Durability | Toys for Kids Ages 7-14 Boys Girls and Adults All Ages | 4x4x4 Puzzle Speedcube Toy",B0CBBV1B5T,cubelelo,0300 Games & Puzzles,0307 Non-wooden Puzzles,Toy,1040600,AMAZON_IN,289,27,9.3426%,140.44,2,2664.76,2,70.22000,0.6920%,18.97437,2,2664.76,2,70.22000,0.6920%,18.97437,0,0.00,0,,,,,,,,,
INR,"Jun 01, 2026 - Jun 30, 2026","=""amzn1.ads-account.g.a5og6bnunpn8m911rke7gdql""",Cubelelo,279942205262904,BA - Generic - Mid & Low Volume,"=""498287583816355""","SP-KT - Generic - 5x5, 6x6, 7x7, Keychain - Mid & Low Volume - Exact & Phrase","=""384271447348191""",Phrase - Generic - 5x5 - Mid & Low Volume,B0BZL11XWC,"Cubelelo Drift 4x4, 5x5 Premium Gift Box | 2-in-1 Puzzle Game Set | Challenge, Thrice The Fun | Ultimate Value Saver Combo | Brainstoming Toy for Children Kids & Adults",-1,cubelelo,0300 Games & Puzzles,0307 Non-wooden Puzzles,Toy,1460510,AMAZON_IN,22185,263,1.1855%,3675.64,29,17640.90,29,126.74621,0.1307%,4.79941,24,15074.24,24,153.15167,0.1082%,4.10112,5,2566.66,5,,,,,,,,,
INR,"Jun 28, 2026 - Jun 28, 2026","=""amzn1.ads-account.g.a5og6bnunpn8m911rke7gdql""",Cubelelo,279942205262904,BA - Generic - Mid & Low Volume,"=""369883644681767""","SP-KT - Magnetic - Open, 2x2, 4x4, 5x5 - High Volume - Exact & Phrase","=""549377709953283""",Phrase - Magnetic - 5x5 - Mid & Low Volume,B0BZL11XWC,"Cubelelo Drift 4x4, 5x5 Premium Gift Box | 2-in-1 Puzzle Game Set | Challenge, Thrice The Fun | Ultimate Value Saver Combo | Brainstoming Toy for Children Kids & Adults",-1,cubelelo,0300 Games & Puzzles,0307 Non-wooden Puzzles,Toy,1460510,AMAZON_IN,1,0,0.0000%,0.00,0,0.00,0,,0.0000%,,0,0.00,0,,0.0000%,,0,0.00,0,,,,,,,,,
INR,"Jun 27, 2026 - Jun 27, 2026","=""amzn1.ads-account.g.a5og6bnunpn8m911rke7gdql""",Cubelelo,279942205262904,BA - Generic - Mid & Low Volume,"=""369883644681767""","SP-KT - Magnetic - Open, 2x2, 4x4, 5x5 - High Volume - Exact & Phrase","=""398733777024064""",Phrase - Magnetic - 4x4 - Mid & Low Volume,B0BZL11XWC,"Cubelelo Drift 4x4, 5x5 Premium Gift Box | 2-in-1 Puzzle Game Set | Challenge, Thrice The Fun | Ultimate Value Saver Combo | Brainstoming Toy for Children Kids & Adults",-1,cubelelo,0300 Games & Puzzles,0307 Non-wooden Puzzles,Toy,1460510,AMAZON_IN,1,0,0.0000%,0.00,0,0.00,0,,0.0000%,,0,0.00,0,,0.0000%,,0,0.00,0,,,,,,,,,
INR,"Jun 01, 2026 - Jun 30, 2026","=""amzn1.ads-account.g.a5og6bnunpn8m911rke7gdql""",Cubelelo,279942205262904,BA - Generic - Mid & Low Volume,"=""332675778194131""",SP-KT - Generic - 4x4 - Mid & Low Volume - Exact & Phrase - DO,"=""318693646880033""",Phrase - Generic - 4x4 - Mid & Low Volume,B0BZL11XWC,"Cubelelo Drift 4x4, 5x5 Premium Gift Box | 2-in-1 Puzzle Game Set | Challenge, Thrice The Fun | Ultimate Value Saver Combo | Brainstoming Toy for Children Kids & Adults",-1,cubelelo,0300 Games & Puzzles,0307 Non-wooden Puzzles,Toy,1460510,AMAZON_IN,29340,229,0.7805%,2937.93,27,16099.95,27,108.81222,0.0920%,5.48003,25,15244.71,25,117.51720,0.0852%,5.18893,2,855.24,2,,,,,,,,,
INR,"Jun 01, 2026 - Jun 30, 2026","=""amzn1.ads-account.g.a5og6bnunpn8m911rke7gdql""",Cubelelo,162147707583156,BA - Branded - Cubelelo,"=""329970929951347""",SP-KT - Branded - Cubelelo - Mid & Low Volume - Exact & Phrase - UND,"=""560146263793792""",Combo,B0BZL11XWC,"Cubelelo Drift 4x4, 5x5 Premium Gift Box | 2-in-1 Puzzle Game Set | Challenge, Thrice The Fun | Ultimate Value Saver Combo | Brainstoming Toy for Children Kids & Adults",-1,cubelelo,0300 Games & Puzzles,0307 Non-wooden Puzzles,Toy,1460510,AMAZON_IN,4163,14,0.3363%,137.53,0,0.00,0,,0.0000%,0.00000,0,0.00,0,,0.0000%,0.00000,0,0.00,0,,,,,,,,,
INR,"Jun 01, 2026 - Jun 24, 2026","=""amzn1.ads-account.g.a5og6bnunpn8m911rke7gdql""",Cubelelo,162147707583156,BA - Branded - Cubelelo,"=""329970929951347""",SP-KT - Branded - Cubelelo - Mid & Low Volume - Exact & Phrase - UND,"=""302346821210022""",Branded - 4x4,B09MZ7WP73,"Cubelelo Drift 4M 4x4 (Magnetic) Speed Cube | AKA Revenge Cube | Combines Smoothness, Stability and Durability | Toys for Kids Ages 7-14 Boys Girls and Adults All Ages | 4x4x4 Puzzle Speedcube Toy",B0CBBV1B5T,cubelelo,0300 Games & Puzzles,0307 Non-wooden Puzzles,Toy,1040600,AMAZON_IN,713,14,1.9635%,177.13,0,0.00,0,,0.0000%,0.00000,0,0.00,0,,0.0000%,0.00000,0,0.00,0,,,,,,,,,
INR,"Jun 01, 2026 - Jun 30, 2026","=""amzn1.ads-account.g.a5og6bnunpn8m911rke7gdql""",Cubelelo,279942205262904,BA - Generic - Mid & Low Volume,"=""498287583816355""","SP-KT - Generic - 5x5, 6x6, 7x7, Keychain - Mid & Low Volume - Exact & Phrase","=""488567764457494""",Generic - Keychain - Low Volume,B09B75WYR2,Cubelelo Drift Mini 3x3 Keychain | Magic Speed Cube Toy | Puzzle for Kids and Adults | Compact and Handy Multi Purpose Brain Teaser Game for Fun and Joy | for Ages 3 Years and Above,-1,cubelelo,0300 Games & Puzzles,0307 Non-wooden Puzzles,Toy,1960100,AMAZON_IN,2110,60,2.8436%,177.81,5,1423.80,5,35.56200,0.2370%,8.00742,5,1423.80,5,35.56200,0.2370%,8.00742,0,0.00,0,,,,,,,,,
INR,"Jun 01, 2026 - Jun 22, 2026","=""amzn1.ads-account.g.a5og6bnunpn8m911rke7gdql""",Cubelelo,108066094626813,BA - Generic - Extremely High Volume,"=""345506724788622""","SP-KT - Mirror, Infinity & Combo - Open - High Volume - Exact","=""399619745424045""",Combo - High Volume SKAG,B0BZL11XWC,"Cubelelo Drift 4x4, 5x5 Premium Gift Box | 2-in-1 Puzzle Game Set | Challenge, Thrice The Fun | Ultimate Value Saver Combo | Brainstoming Toy for Children Kids & Adults",-1,cubelelo,0300 Games & Puzzles,0307 Non-wooden Puzzles,Toy,1460510,AMAZON_IN,7,0,0.0000%,0.00,0,0.00,0,,0.0000%,,0,0.00,0,,0.0000%,,0,0.00,0,,,,,,,,,
INR,"Jun 01, 2026 - Jun 30, 2026","=""amzn1.ads-account.g.a5og6bnunpn8m911rke7gdql""",Cubelelo,106276615587889,BA - Wooden Toys,"=""556800165272450""",SP-PT - Wooden - Comp - Puzzle Co - Calendar Puzzle - Exact,"=""334412694312199""",Calendar Puzzle,B0CZHHW1PG,Cubelelo Drift Honeycomb Weekday Calendar Puzzle | A-Puzzle-A-Day | Premium Wooden Challenging Hexagon Shape Tetris Tangram Brain Storming Toy for Kids & Adults | Ideal Gift for Ages 3 and Above,-1,cubelelo,0300 Games & Puzzles,0306 Wooden Puzzles,Toy,4001045,AMAZON_IN,236,1,0.4237%,6.27,0,0.00,0,,0.0000%,0.00000,0,0.00,0,,0.0000%,0.00000,0,0.00,0,,,,,,,,,
INR,"Jun 01, 2026 - Jun 24, 2026","=""amzn1.ads-account.g.a5og6bnunpn8m911rke7gdql""",Cubelelo,279942205262904,BA - Generic - Mid & Low Volume,"=""332675778194131""",SP-KT - Generic - 4x4 - Mid & Low Volume - Exact & Phrase - DO,"=""318693646880033""",Phrase - Generic - 4x4 - Mid & Low Volume,B0CGNS9F16,"Cubelelo Drift 3x3, 4x4 & 5x5 Stickerless Gift Box | 3-in-1 Puzzle Game Set | Triple the Challenge, Thrice the Fun | Ultimate Value Saver Combo | Brainstoming Toy for Children Kids & Adults",-1,cubelelo,0300 Games & Puzzles,0307 Non-wooden Puzzles,Toy,1460516,AMAZON_IN,12118,37,0.3053%,384.07,1,903.81,1,384.07000,0.0083%,2.35324,1,903.81,1,384.07000,0.0083%,2.35324,0,0.00,0,,,,,,,,,
INR,"Jun 03, 2026 - Jun 16, 2026","=""amzn1.ads-account.g.a5og6bnunpn8m911rke7gdql""",Cubelelo,279942205262904,BA - Generic - Mid & Low Volume,"=""316273786051120""",SD-CT - 3D Puzzle & Brain Teasers - Comp - Open - Broad - Old,"=""302660200409918""",Category Targeting,B0CGNS9F16,"Cubelelo Drift 3x3, 4x4 & 5x5 Stickerless Gift Box | 3-in-1 Puzzle Game Set | Triple the Challenge, Thrice the Fun | Ultimate Value Saver Combo | Brainstoming Toy for Children Kids & Adults",-1,cubelelo,0300 Games & Puzzles,0307 Non-wooden Puzzles,Toy,1460516,AMAZON_IN,30,0,0.0000%,0.00,0,0.00,0,,0.0000%,,0,0.00,0,,0.0000%,,0,0.00,0,0,0.00,0,,0.0000%,,0,,0.0000%
INR,"Jun 14, 2026 - Jun 14, 2026","=""amzn1.ads-account.g.a5og6bnunpn8m911rke7gdql""",Cubelelo,279942205262904,BA - Generic - Mid & Low Volume,"=""369883644681767""","SP-KT - Magnetic - Open, 2x2, 4x4, 5x5 - High Volume - Exact & Phrase","=""311152673530412""",Magnetic - 5x5 - Mid & Low Volume,B0CGNS9F16,"Cubelelo Drift 3x3, 4x4 & 5x5 Stickerless Gift Box | 3-in-1 Puzzle Game Set | Triple the Challenge, Thrice the Fun | Ultimate Value Saver Combo | Brainstoming Toy for Children Kids & Adults",-1,cubelelo,0300 Games & Puzzles,0307 Non-wooden Puzzles,Toy,1460516,AMAZON_IN,3,0,0.0000%,0.00,0,0.00,0,,0.0000%,,0,0.00,0,,0.0000%,,0,0.00,0,,,,,,,,,
INR,"Jun 04, 2026 - Jun 16, 2026","=""amzn1.ads-account.g.a5og6bnunpn8m911rke7gdql""",Cubelelo,279942205262904,BA - Generic - Mid & Low Volume,"=""369883644681767""","SP-KT - Magnetic - Open, 2x2, 4x4, 5x5 - High Volume - Exact & Phrase","=""425372408989294""",Magnetic - 4x4 - Mid & Low Volume,B0CGNS9F16,"Cubelelo Drift 3x3, 4x4 & 5x5 Stickerless Gift Box | 3-in-1 Puzzle Game Set | Triple the Challenge, Thrice the Fun | Ultimate Value Saver Combo | Brainstoming Toy for Children Kids & Adults",-1,cubelelo,0300 Games & Puzzles,0307 Non-wooden Puzzles,Toy,1460516,AMAZON_IN,4,0,0.0000%,0.00,0,0.00,0,,0.0000%,,0,0.00,0,,0.0000%,,0,0.00,0,,,,,,,,,
INR,"Jun 01, 2026 - Jun 30, 2026","=""amzn1.ads-account.g.a5og6bnunpn8m911rke7gdql""",Cubelelo,106276615587889,BA - Wooden Toys,"=""333332405788753""",SP - Non Cube - Infinity cube - Generic - Phrase & Exact,"=""556873628191239""",Infinity cube,B09QMNCWYG,Cubelelo Drift Infinity Cube (Green) | Magic Puzzle Cool Mini Gadget for Stress and Anxiety Relief for Kids and Adults | Desk Finger Flip Toy for Fun and Game | for Ages 3 Years and Above,B0CWH1ZVTQ,cubelelo,0300 Games & Puzzles,0307 Non-wooden Puzzles,Toy,1630201,AMAZON_IN,16559,248,1.4977%,1433.76,35,10518.99,35,40.96457,0.2114%,7.33665,34,10015.18,34,42.16941,0.2053%,6.98526,1,503.81,1,,,,,,,,,
INR,"Jun 01, 2026 - Jun 30, 2026","=""amzn1.ads-account.g.a5og6bnunpn8m911rke7gdql""",Cubelelo,242135938115990,BA - Competition - Cubes,"=""531300400003008""","SP-CT - Infinity Cuber - Dice Fidget Toys, Infinity Cubes & 3-D Puzzles","=""402525019912413""",Infinity Cube,B09QMNCWYG,Cubelelo Drift Infinity Cube (Green) | Magic Puzzle Cool Mini Gadget for Stress and Anxiety Relief for Kids and Adults | Desk Finger Flip Toy for Fun and Game | for Ages 3 Years and Above,B0CWH1ZVTQ,cubelelo,0300 Games & Puzzles,0307 Non-wooden Puzzles,Toy,1630201,AMAZON_IN,33732,153,0.4536%,371.57,5,1642.85,5,74.31400,0.0148%,4.42137,4,1139.04,4,92.89250,0.0119%,3.06548,1,503.81,1,,,,,,,,,
INR,"Jun 01, 2026 - Jun 30, 2026","=""amzn1.ads-account.g.a5og6bnunpn8m911rke7gdql""",Cubelelo,192177104268571,Old - Non Cube,"=""358488783032231""",SP-Auto - Infinity Cubes,"=""433356583073128""",Infinity Cube,B09QMNCWYG,Cubelelo Drift Infinity Cube (Green) | Magic Puzzle Cool Mini Gadget for Stress and Anxiety Relief for Kids and Adults | Desk Finger Flip Toy for Fun and Game | for Ages 3 Years and Above,B0CWH1ZVTQ,cubelelo,0300 Games & Puzzles,0307 Non-wooden Puzzles,Toy,1630201,AMAZON_IN,514215,2718,0.5286%,6067.71,52,16118.04,52,116.68673,0.0101%,2.65636,38,11106.60,38,159.67658,0.0074%,1.83044,14,5011.44,14,,,,,,,,,
INR,"Jun 01, 2026 - Jun 30, 2026","=""amzn1.ads-account.g.a5og6bnunpn8m911rke7gdql""",Cubelelo,279942205262904,BA - Generic - Mid & Low Volume,"=""560766968003680""","SP-KT - Mirror, Infinity & Combo - Open - Mid & Low Volume - Exact & Phrase - UND","=""432237711542454""",Phrase - Infinity - Mid & Low Volume,B09QMNCWYG,Cubelelo Drift Infinity Cube (Green) | Magic Puzzle Cool Mini Gadget for Stress and Anxiety Relief for Kids and Adults | Desk Finger Flip Toy for Fun and Game | for Ages 3 Years and Above,B0CWH1ZVTQ,cubelelo,0300 Games & Puzzles,0307 Non-wooden Puzzles,Toy,1630201,AMAZON_IN,12460,109,0.8748%,649.90,6,2325.70,8,108.31667,0.0482%,3.57855,6,2325.70,8,108.31667,0.0482%,3.57855,0,0.00,0,,,,,,,,,
INR,"Jun 01, 2026 - Jun 30, 2026","=""amzn1.ads-account.g.a5og6bnunpn8m911rke7gdql""",Cubelelo,279942205262904,BA - Generic - Mid & Low Volume,"=""405383753413943""","SP-KT - Lube Combo, Magic, Pyraminx, Skewb, Stand, Timer, Gear - Open - Mid & Low Volume - Exact & Phrase","=""291482927814540""",Pyraminx - Mid & Low Volume - Exact & Phrase,B0BYVHGR5H,"Cubelelo Drift 2x2, 3x3 & Pyraminx Cube Combo (Stickerless) | Ideal for Kids Above 3 4 5 6 Years Old Boys Girls | 3 in 1 Speedcube Gift Set | High Speed Puzzle 3x3x3 2x2x2 Pyramid Triangle",B0D6G24GVB,cubelelo,0300 Games & Puzzles,0307 Non-wooden Puzzles,Toy,1460553,AMAZON_IN,7779,88,1.1313%,980.08,16,7736.22,17,61.25500,0.2057%,7.89346,15,7584.79,16,65.33867,0.1928%,7.73895,1,151.43,1,,,,,,,,,
INR,"Jun 01, 2026 - Jun 30, 2026","=""amzn1.ads-account.g.a5og6bnunpn8m911rke7gdql""",Cubelelo,162147707583156,BA - Branded - Cubelelo,"=""329970929951347""",SP-KT - Branded - Cubelelo - Mid & Low Volume - Exact & Phrase - UND,"=""298700263606024""",Branded,B0BYVHGR5H,"Cubelelo Drift 2x2, 3x3 & Pyraminx Cube Combo (Stickerless) | Ideal for Kids Above 3 4 5 6 Years Old Boys Girls | 3 in 1 Speedcube Gift Set | High Speed Puzzle 3x3x3 2x2x2 Pyramid Triangle",B0D6G24GVB,cubelelo,0300 Games & Puzzles,0307 Non-wooden Puzzles,Toy,1460553,AMAZON_IN,6364,27,0.4243%,278.21,3,1330.48,3,92.73667,0.0471%,4.78229,3,1330.48,3,92.73667,0.0471%,4.78229,0,0.00,0,,,,,,,,,
INR,"Jun 01, 2026 - Jun 30, 2026","=""amzn1.ads-account.g.a5og6bnunpn8m911rke7gdql""",Cubelelo,162147707583156,BA - Branded - Cubelelo,"=""329970929951347""",SP-KT - Branded - Cubelelo - Mid & Low Volume - Exact & Phrase - UND,"=""479460967599506""",Branded - 3x3,B0BYVHGR5H,"Cubelelo Drift 2x2, 3x3 & Pyraminx Cube Combo (Stickerless) | Ideal for Kids Above 3 4 5 6 Years Old Boys Girls | 3 in 1 Speedcube Gift Set | High Speed Puzzle 3x3x3 2x2x2 Pyramid Triangle",B0D6G24GVB,cubelelo,0300 Games & Puzzles,0307 Non-wooden Puzzles,Toy,1460553,AMAZON_IN,1553,6,0.3863%,61.76,1,475.24,1,61.76000,0.0644%,7.69495,1,475.24,1,61.76000,0.0644%,7.69495,0,0.00,0,,,,,,,,,
INR,"Jun 01, 2026 - Jun 30, 2026","=""amzn1.ads-account.g.a5og6bnunpn8m911rke7gdql""",Cubelelo,108066094626813,BA - Generic - Extremely High Volume,"=""484046863276712""",SP-KT - Generic - Open - 'Rubik's Cube' - SKAG - High Volume - Exact,"=""514344038519157""",Generic - Open Searches - High Volume SKAG,B0BYVHGR5H,"Cubelelo Drift 2x2, 3x3 & Pyraminx Cube Combo (Stickerless) | Ideal for Kids Above 3 4 5 6 Years Old Boys Girls | 3 in 1 Speedcube Gift Set | High Speed Puzzle 3x3x3 2x2x2 Pyramid Triangle",B0D6G24GVB,cubelelo,0300 Games & Puzzles,0307 Non-wooden Puzzles,Toy,1460553,AMAZON_IN,42710,653,1.5289%,7998.99,142,59450.70,143,56.33092,0.3325%,7.43228,114,52239.24,115,70.16658,0.2669%,6.53073,28,7211.46,28,,,,,,,,,
INR,"Jun 01, 2026 - Jun 30, 2026","=""amzn1.ads-account.g.a5og6bnunpn8m911rke7gdql""",Cubelelo,279942205262904,BA - Generic - Mid & Low Volume,"=""560766968003680""","SP-KT - Mirror, Infinity & Combo - Open - Mid & Low Volume - Exact & Phrase - UND","=""531829023860059""",Phrase - Combo - Mid & Low Volume,B0BYVHGR5H,"Cubelelo Drift 2x2, 3x3 & Pyraminx Cube Combo (Stickerless) | Ideal for Kids Above 3 4 5 6 Years Old Boys Girls | 3 in 1 Speedcube Gift Set | High Speed Puzzle 3x3x3 2x2x2 Pyramid Triangle",B0D6G24GVB,cubelelo,0300 Games & Puzzles,0307 Non-wooden Puzzles,Toy,1460553,AMAZON_IN,4963,42,0.8463%,375.31,0,0.00,0,,0.0000%,0.00000,0,0.00,0,,0.0000%,0.00000,0,0.00,0,,,,,,,,,
INR,"Jun 10, 2026 - Jun 27, 2026","=""amzn1.ads-account.g.a5og6bnunpn8m911rke7gdql""",Cubelelo,279942205262904,BA - Generic - Mid & Low Volume,"=""369883644681767""","SP-KT - Magnetic - Open, 2x2, 4x4, 5x5 - High Volume - Exact & Phrase","=""458736197006168""",Phrase - Magnetic - 2x2 - Mid & Low Volume,B0BYVHGR5H,"Cubelelo Drift 2x2, 3x3 & Pyraminx Cube Combo (Stickerless) | Ideal for Kids Above 3 4 5 6 Years Old Boys Girls | 3 in 1 Speedcube Gift Set | High Speed Puzzle 3x3x3 2x2x2 Pyramid Triangle",B0D6G24GVB,cubelelo,0300 Games & Puzzles,0307 Non-wooden Puzzles,Toy,1460553,AMAZON_IN,7,0,0.0000%,0.00,0,0.00,0,,0.0000%,,0,0.00,0,,0.0000%,,0,0.00,0,,,,,,,,,
INR,"Jun 01, 2026 - Jun 30, 2026","=""amzn1.ads-account.g.a5og6bnunpn8m911rke7gdql""",Cubelelo,279942205262904,BA - Generic - Mid & Low Volume,"=""334559235709808""",SP-KT - Generic - 3x3 - Mid & Low Volume - Exact & Phrase - UND,"=""363319492631962""",Phrase - Generic - 3x3 - Mid & Low Volume,B0BYVHGR5H,"Cubelelo Drift 2x2, 3x3 & Pyraminx Cube Combo (Stickerless) | Ideal for Kids Above 3 4 5 6 Years Old Boys Girls | 3 in 1 Speedcube Gift Set | High Speed Puzzle 3x3x3 2x2x2 Pyramid Triangle",B0D6G24GVB,cubelelo,0300 Games & Puzzles,0307 Non-wooden Puzzles,Toy,1460553,AMAZON_IN,24622,159,0.6458%,2387.02,17,7583.84,17,140.41294,0.0690%,3.17712,15,7128.60,15,159.13467,0.0609%,2.98640,2,455.24,2,,,,,,,,,
INR,"Jun 01, 2026 - Jun 30, 2026","=""amzn1.ads-account.g.a5og6bnunpn8m911rke7gdql""",Cubelelo,162147707583156,BA - Branded - Cubelelo,"=""329970929951347""",SP-KT - Branded - Cubelelo - Mid & Low Volume - Exact & Phrase - UND,"=""535729251693727""",Branded - Phrase,B0BYVHGR5H,"Cubelelo Drift 2x2, 3x3 & Pyraminx Cube Combo (Stickerless) | Ideal for Kids Above 3 4 5 6 Years Old Boys Girls | 3 in 1 Speedcube Gift Set | High Speed Puzzle 3x3x3 2x2x2 Pyramid Triangle",B0D6G24GVB,cubelelo,0300 Games & Puzzles,0307 Non-wooden Puzzles,Toy,1460553,AMAZON_IN,51,2,3.9216%,21.02,0,0.00,0,,0.0000%,0.00000,0,0.00,0,,0.0000%,0.00000,0,0.00,0,,,,,,,,,
INR,"Jun 01, 2026 - Jun 30, 2026","=""amzn1.ads-account.g.a5og6bnunpn8m911rke7gdql""",Cubelelo,279942205262904,BA - Generic - Mid & Low Volume,"=""316273786051120""",SD-CT - 3D Puzzle & Brain Teasers - Comp - Open - Broad - Old,"=""302660200409918""",Category Targeting,B0BYVHGR5H,"Cubelelo Drift 2x2, 3x3 & Pyraminx Cube Combo (Stickerless) | Ideal for Kids Above 3 4 5 6 Years Old Boys Girls | 3 in 1 Speedcube Gift Set | High Speed Puzzle 3x3x3 2x2x2 Pyramid Triangle",B0D6G24GVB,cubelelo,0300 Games & Puzzles,0307 Non-wooden Puzzles,Toy,1460553,AMAZON_IN,949,1,0.1054%,6.59,0,0.00,0,,0.0000%,0.00000,0,0.00,0,,0.0000%,0.00000,0,0.00,0,0,0.00,0,,0.0000%,0.00000,1,6.59000,0.1054%
INR,"Jun 01, 2026 - Jun 30, 2026","=""amzn1.ads-account.g.a5og6bnunpn8m911rke7gdql""",Cubelelo,279942205262904,BA - Generic - Mid & Low Volume,"=""285784532724588""",SP-KT - Generic - Open - Cube - Mid & Low Volume - Exact & Phrase,"=""479419335051851""",Phrase - Generic - Open Searches - Mid & Low Volume,B0BYVHGR5H,"Cubelelo Drift 2x2, 3x3 & Pyraminx Cube Combo (Stickerless) | Ideal for Kids Above 3 4 5 6 Years Old Boys Girls | 3 in 1 Speedcube Gift Set | High Speed Puzzle 3x3x3 2x2x2 Pyramid Triangle",B0D6G24GVB,cubelelo,0300 Games & Puzzles,0307 Non-wooden Puzzles,Toy,1460553,AMAZON_IN,3587,42,1.1709%,377.66,5,2052.39,5,75.53200,0.1394%,5.43449,4,1900.96,4,94.41500,0.1115%,5.03352,1,151.43,1,,,,,,,,,
INR,"Jun 01, 2026 - Jun 30, 2026","=""amzn1.ads-account.g.a5og6bnunpn8m911rke7gdql""",Cubelelo,279942205262904,BA - Generic - Mid & Low Volume,"=""327104446426115""","SP-KT - Axis - Windmill - Fisher, Cylinder, Kids, Mini, Smart, Pyramid - Open - Mid & Low Volume - Exact & Phrase","=""310438687496531""",Pyramid - Mid & Low Volume - Exact & Phrase,B0BYVHGR5H,"Cubelelo Drift 2x2, 3x3 & Pyraminx Cube Combo (Stickerless) | Ideal for Kids Above 3 4 5 6 Years Old Boys Girls | 3 in 1 Speedcube Gift Set | High Speed Puzzle 3x3x3 2x2x2 Pyramid Triangle",B0D6G24GVB,cubelelo,0300 Games & Puzzles,0307 Non-wooden Puzzles,Toy,1460553,AMAZON_IN,11282,112,0.9927%,1394.35,18,8705.75,19,77.46389,0.1595%,6.24359,16,7079.08,17,87.14688,0.1418%,5.07698,2,1626.67,2,,,,,,,,,
INR,"Jun 01, 2026 - Jun 30, 2026","=""amzn1.ads-account.g.a5og6bnunpn8m911rke7gdql""",Cubelelo,162147707583156,BA - Branded - Cubelelo,"=""433317578586761""",SP-KT - Branded - Cubelelo - High Volume - Exact,"=""332121459254132""",Branded - SKAG,B0BYVHGR5H,"Cubelelo Drift 2x2, 3x3 & Pyraminx Cube Combo (Stickerless) | Ideal for Kids Above 3 4 5 6 Years Old Boys Girls | 3 in 1 Speedcube Gift Set | High Speed Puzzle 3x3x3 2x2x2 Pyramid Triangle",B0D6G24GVB,cubelelo,0300 Games & Puzzles,0307 Non-wooden Puzzles,Toy,1460553,AMAZON_IN,23529,170,0.7225%,1369.48,19,7145.74,19,72.07789,0.0808%,5.21785,10,4400.97,10,136.94800,0.0425%,3.21361,9,2744.77,9,,,,,,,,,
INR,"Jun 01, 2026 - Jun 30, 2026","=""amzn1.ads-account.g.a5og6bnunpn8m911rke7gdql""",Cubelelo,108066094626813,BA - Generic - Extremely High Volume,"=""442384136510181""","SP-KT - Generic - 3x3 - 'Cube, Cube Puzzle, Cube 33, Rubik's Cube 3x3',rubik's cube 3x3 speed cube - High Volume - Exact","=""368381636014986""",Generic - 3x3 - High Volume SKAG,B0BYVHGR5H,"Cubelelo Drift 2x2, 3x3 & Pyraminx Cube Combo (Stickerless) | Ideal for Kids Above 3 4 5 6 Years Old Boys Girls | 3 in 1 Speedcube Gift Set | High Speed Puzzle 3x3x3 2x2x2 Pyramid Triangle",B0D6G24GVB,cubelelo,0300 Games & Puzzles,0307 Non-wooden Puzzles,Toy,1460553,AMAZON_IN,6804,93,1.3668%,841.59,15,5642.88,15,56.10600,0.2205%,6.70502,9,4058.11,9,93.51000,0.1323%,4.82196,6,1584.77,6,,,,,,,,,
INR,"Jun 01, 2026 - Jun 30, 2026","=""amzn1.ads-account.g.a5og6bnunpn8m911rke7gdql""",Cubelelo,279942205262904,BA - Generic - Mid & Low Volume,"=""327104446426115""","SP-KT - Axis - Windmill - Fisher, Cylinder, Kids, Mini, Smart, Pyramid - Open - Mid & Low Volume - Exact & Phrase","=""354824992183354""",Kids - Mid & Low Volume - Exact & Phrase,B0BYVHGR5H,"Cubelelo Drift 2x2, 3x3 & Pyraminx Cube Combo (Stickerless) | Ideal for Kids Above 3 4 5 6 Years Old Boys Girls | 3 in 1 Speedcube Gift Set | High Speed Puzzle 3x3x3 2x2x2 Pyramid Triangle",B0D6G24GVB,cubelelo,0300 Games & Puzzles,0307 Non-wooden Puzzles,Toy,1460553,AMAZON_IN,720,19,2.6389%,201.68,3,1425.72,3,67.22667,0.4167%,7.06922,3,1425.72,3,67.22667,0.4167%,7.06922,0,0.00,0,,,,,,,,,
INR,"Jun 01, 2026 - Jun 30, 2026","=""amzn1.ads-account.g.a5og6bnunpn8m911rke7gdql""",Cubelelo,152274827442004,BA - Competition - D Eternal,"=""314135688950492""",SD-PT - Comp - D-Eternal - Best Sellers - Exact,"=""494824442944945""",D Eternal,B0BYVHGR5H,"Cubelelo Drift 2x2, 3x3 & Pyraminx Cube Combo (Stickerless) | Ideal for Kids Above 3 4 5 6 Years Old Boys Girls | 3 in 1 Speedcube Gift Set | High Speed Puzzle 3x3x3 2x2x2 Pyramid Triangle",B0D6G24GVB,cubelelo,0300 Games & Puzzles,0307 Non-wooden Puzzles,Toy,1460553,AMAZON_IN,4108,11,0.2678%,90.69,2,1950.48,2,45.34500,0.0487%,21.50711,1,475.24,1,90.69000,0.0243%,5.24027,1,1475.24,1,2,1950.48,2,45.34500,0.0487%,21.50711,32,2.83406,0.7790%
INR,"Jun 01, 2026 - Jun 30, 2026","=""amzn1.ads-account.g.a5og6bnunpn8m911rke7gdql""",Cubelelo,162147707583156,BA - Branded - Cubelelo,"=""408832603271930""",BA_SP_KT_Brand Drift (3x3)_Phrase_09/23,"=""462288077097605""",Brand Drift (3x3),B0BYVHGR5H,"Cubelelo Drift 2x2, 3x3 & Pyraminx Cube Combo (Stickerless) | Ideal for Kids Above 3 4 5 6 Years Old Boys Girls | 3 in 1 Speedcube Gift Set | High Speed Puzzle 3x3x3 2x2x2 Pyramid Triangle",B0D6G24GVB,cubelelo,0300 Games & Puzzles,0307 Non-wooden Puzzles,Toy,1460553,AMAZON_IN,1734,10,0.5767%,111.06,1,475.24,1,111.06000,0.0577%,4.27913,1,475.24,1,111.06000,0.0577%,4.27913,0,0.00,0,,,,,,,,,
INR,"Jun 01, 2026 - Jun 30, 2026","=""amzn1.ads-account.g.a5og6bnunpn8m911rke7gdql""",Cubelelo,279942205262904,BA - Generic - Mid & Low Volume,"=""466977135029356""",SP-KT - Generic - 2x2 - Mid & Low Volume - Exact & Phrase,"=""296917065955111""",Phrase - Generic - 2x2 - Mid & Low Volume,B0BYVHGR5H,"Cubelelo Drift 2x2, 3x3 & Pyraminx Cube Combo (Stickerless) | Ideal for Kids Above 3 4 5 6 Years Old Boys Girls | 3 in 1 Speedcube Gift Set | High Speed Puzzle 3x3x3 2x2x2 Pyramid Triangle",B0D6G24GVB,cubelelo,0300 Games & Puzzles,0307 Non-wooden Puzzles,Toy,1460553,AMAZON_IN,2394,38,1.5873%,487.65,8,3601.92,8,60.95625,0.3342%,7.38628,7,3326.68,7,69.66429,0.2924%,6.82186,1,275.24,1,,,,,,,,,
INR,"Jun 01, 2026 - Jun 30, 2026","=""amzn1.ads-account.g.a5og6bnunpn8m911rke7gdql""",Cubelelo,159890394934310,Old - Core Generic Cube Campaigns All,"=""454748662358104""",BA_SP_KT_Generic Cube 2x2_Generic_Phrase_09/23,"=""305299342122740""",Generic Cube 2x2,B0BYVHGR5H,"Cubelelo Drift 2x2, 3x3 & Pyraminx Cube Combo (Stickerless) | Ideal for Kids Above 3 4 5 6 Years Old Boys Girls | 3 in 1 Speedcube Gift Set | High Speed Puzzle 3x3x3 2x2x2 Pyramid Triangle",B0D6G24GVB,cubelelo,0300 Games & Puzzles,0307 Non-wooden Puzzles,Toy,1460553,AMAZON_IN,17152,165,0.9620%,2183.72,45,19490.54,45,48.52711,0.2624%,8.92538,40,17857.22,40,54.59300,0.2332%,8.17743,5,1633.32,5,,,,,,,,,
INR,"Jun 01, 2026 - Jun 30, 2026","=""amzn1.ads-account.g.a5og6bnunpn8m911rke7gdql""",Cubelelo,242135938115990,BA - Competition - Cubes,"=""398099328860046""",SP-PT - Cubes - Toys Best Seller - Above 200,"=""389104660034552""",SP-SP - Cubes - Toys Best Seller - Above 200,B0BYVHGR5H,"Cubelelo Drift 2x2, 3x3 & Pyraminx Cube Combo (Stickerless) | Ideal for Kids Above 3 4 5 6 Years Old Boys Girls | 3 in 1 Speedcube Gift Set | High Speed Puzzle 3x3x3 2x2x2 Pyramid Triangle",B0D6G24GVB,cubelelo,0300 Games & Puzzles,0307 Non-wooden Puzzles,Toy,1460553,AMAZON_IN,8635,14,0.1621%,96.38,0,0.00,0,,0.0000%,0.00000,0,0.00,0,,0.0000%,0.00000,0,0.00,0,,,,,,,,,
INR,"Jun 01, 2026 - Jun 30, 2026","=""amzn1.ads-account.g.a5og6bnunpn8m911rke7gdql""",Cubelelo,162147707583156,BA - Branded - Cubelelo,"=""329970929951347""",SP-KT - Branded - Cubelelo - Mid & Low Volume - Exact & Phrase - UND,"=""428906316207860""",Pyraminx,B0BYVHGR5H,"Cubelelo Drift 2x2, 3x3 & Pyraminx Cube Combo (Stickerless) | Ideal for Kids Above 3 4 5 6 Years Old Boys Girls | 3 in 1 Speedcube Gift Set | High Speed Puzzle 3x3x3 2x2x2 Pyramid Triangle",B0D6G24GVB,cubelelo,0300 Games & Puzzles,0307 Non-wooden Puzzles,Toy,1460553,AMAZON_IN,70,5,7.1429%,72.62,1,475.24,1,72.62000,1.4286%,6.54420,1,475.24,1,72.62000,1.4286%,6.54420,0,0.00,0,,,,,,,,,
INR,"Jun 01, 2026 - Jun 30, 2026","=""amzn1.ads-account.g.a5og6bnunpn8m911rke7gdql""",Cubelelo,162147707583156,BA - Branded - Cubelelo,"=""329970929951347""",SP-KT - Branded - Cubelelo - Mid & Low Volume - Exact & Phrase - UND,"=""560146263793792""",Combo,B0BYVHGR5H,"Cubelelo Drift 2x2, 3x3 & Pyraminx Cube Combo (Stickerless) | Ideal for Kids Above 3 4 5 6 Years Old Boys Girls | 3 in 1 Speedcube Gift Set | High Speed Puzzle 3x3x3 2x2x2 Pyramid Triangle",B0D6G24GVB,cubelelo,0300 Games & Puzzles,0307 Non-wooden Puzzles,Toy,1460553,AMAZON_IN,1865,19,1.0188%,162.29,1,475.24,1,162.29000,0.0536%,2.92834,1,475.24,1,162.29000,0.0536%,2.92834,0,0.00,0,,,,,,,,,
INR,"Jun 01, 2026 - Jun 30, 2026","=""amzn1.ads-account.g.a5og6bnunpn8m911rke7gdql""",Cubelelo,279942205262904,BA - Generic - Mid & Low Volume,"=""334559235709808""",SP-KT - Generic - 3x3 - Mid & Low Volume - Exact & Phrase - UND,"=""412851408598744""",Generic - 3x3 - Mid & Low Volume,B0BYVHGR5H,"Cubelelo Drift 2x2, 3x3 & Pyraminx Cube Combo (Stickerless) | Ideal for Kids Above 3 4 5 6 Years Old Boys Girls | 3 in 1 Speedcube Gift Set | High Speed Puzzle 3x3x3 2x2x2 Pyramid Triangle",B0D6G24GVB,cubelelo,0300 Games & Puzzles,0307 Non-wooden Puzzles,Toy,1460553,AMAZON_IN,196630,935,0.4755%,10488.00,106,44127.77,108,98.94340,0.0539%,4.20745,79,36431.55,79,132.75949,0.0402%,3.47364,27,7696.22,29,,,,,,,,,
INR,"Jun 11, 2026 - Jun 30, 2026","=""amzn1.ads-account.g.a5og6bnunpn8m911rke7gdql""",Cubelelo,279942205262904,BA - Generic - Mid & Low Volume,"=""369883644681767""","SP-KT - Magnetic - Open, 2x2, 4x4, 5x5 - High Volume - Exact & Phrase","=""371587655476259""",Magnetic - 2x2 - Mid & Low Volume,B0BYVHGR5H,"Cubelelo Drift 2x2, 3x3 & Pyraminx Cube Combo (Stickerless) | Ideal for Kids Above 3 4 5 6 Years Old Boys Girls | 3 in 1 Speedcube Gift Set | High Speed Puzzle 3x3x3 2x2x2 Pyramid Triangle",B0D6G24GVB,cubelelo,0300 Games & Puzzles,0307 Non-wooden Puzzles,Toy,1460553,AMAZON_IN,21,0,0.0000%,0.00,0,0.00,0,,0.0000%,,0,0.00,0,,0.0000%,,0,0.00,0,,,,,,,,,
INR,"Jun 01, 2026 - Jun 30, 2026","=""amzn1.ads-account.g.a5og6bnunpn8m911rke7gdql""",Cubelelo,152274827442004,BA - Competition - D Eternal,"=""327219448958152""",SP-PT - Comp - Hawkister - High Volume - Exact,"=""521889920077913""",PT - Hawkister No.5,B0BYVHGR5H,"Cubelelo Drift 2x2, 3x3 & Pyraminx Cube Combo (Stickerless) | Ideal for Kids Above 3 4 5 6 Years Old Boys Girls | 3 in 1 Speedcube Gift Set | High Speed Puzzle 3x3x3 2x2x2 Pyramid Triangle",B0D6G24GVB,cubelelo,0300 Games & Puzzles,0307 Non-wooden Puzzles,Toy,1460553,AMAZON_IN,4353,62,1.4243%,1135.66,5,2100.01,5,227.13200,0.1149%,1.84915,4,1900.96,4,283.91500,0.0919%,1.67388,1,199.05,1,,,,,,,,,
INR,"Jun 01, 2026 - Jun 30, 2026","=""amzn1.ads-account.g.a5og6bnunpn8m911rke7gdql""",Cubelelo,279942205262904,BA - Generic - Mid & Low Volume,"=""285784532724588""",SP-KT - Generic - Open - Cube - Mid & Low Volume - Exact & Phrase,"=""503467855821823""",Generic - Open Searches - Mid & Low Volume,B0BYVHGR5H,"Cubelelo Drift 2x2, 3x3 & Pyraminx Cube Combo (Stickerless) | Ideal for Kids Above 3 4 5 6 Years Old Boys Girls | 3 in 1 Speedcube Gift Set | High Speed Puzzle 3x3x3 2x2x2 Pyramid Triangle",B0D6G24GVB,cubelelo,0300 Games & Puzzles,0307 Non-wooden Puzzles,Toy,1460553,AMAZON_IN,7283,73,1.0023%,856.88,17,7183.83,17,50.40471,0.2334%,8.38371,13,6178.12,13,65.91385,0.1785%,7.21002,4,1005.71,4,,,,,,,,,
INR,"Jun 01, 2026 - Jun 30, 2026","=""amzn1.ads-account.g.a5og6bnunpn8m911rke7gdql""",Cubelelo,279942205262904,BA - Generic - Mid & Low Volume,"=""405383753413943""","SP-KT - Lube Combo, Magic, Pyraminx, Skewb, Stand, Timer, Gear - Open - Mid & Low Volume - Exact & Phrase","=""515672683970502""",Magic - Mid & Low Volume - Exact & Phrase,B0BYVHGR5H,"Cubelelo Drift 2x2, 3x3 & Pyraminx Cube Combo (Stickerless) | Ideal for Kids Above 3 4 5 6 Years Old Boys Girls | 3 in 1 Speedcube Gift Set | High Speed Puzzle 3x3x3 2x2x2 Pyramid Triangle",B0D6G24GVB,cubelelo,0300 Games & Puzzles,0307 Non-wooden Puzzles,Toy,1460553,AMAZON_IN,113,0,0.0000%,0.00,0,0.00,0,,0.0000%,,0,0.00,0,,0.0000%,,0,0.00,0,,,,,,,,,
INR,"Jun 01, 2026 - Jun 30, 2026","=""amzn1.ads-account.g.a5og6bnunpn8m911rke7gdql""",Cubelelo,279942205262904,BA - Generic - Mid & Low Volume,"=""560766968003680""","SP-KT - Mirror, Infinity & Combo - Open - Mid & Low Volume - Exact & Phrase - UND","=""398270911795195""",Combo - Mid & Low Volume,B0BYVHGR5H,"Cubelelo Drift 2x2, 3x3 & Pyraminx Cube Combo (Stickerless) | Ideal for Kids Above 3 4 5 6 Years Old Boys Girls | 3 in 1 Speedcube Gift Set | High Speed Puzzle 3x3x3 2x2x2 Pyramid Triangle",B0D6G24GVB,cubelelo,0300 Games & Puzzles,0307 Non-wooden Puzzles,Toy,1460553,AMAZON_IN,724,13,1.7956%,164.55,1,475.24,1,164.55000,0.1381%,2.88812,1,475.24,1,164.55000,0.1381%,2.88812,0,0.00,0,,,,,,,,,
INR,"Jun 01, 2026 - Jun 30, 2026","=""amzn1.ads-account.g.a5og6bnunpn8m911rke7gdql""",Cubelelo,152274827442004,BA - Competition - D Eternal,"=""546907838633970""",SP-PT - Comp - D Eternal - High Volume - Exact,"=""379711533982415""",D - eternal,B0BYVHGR5H,"Cubelelo Drift 2x2, 3x3 & Pyraminx Cube Combo (Stickerless) | Ideal for Kids Above 3 4 5 6 Years Old Boys Girls | 3 in 1 Speedcube Gift Set | High Speed Puzzle 3x3x3 2x2x2 Pyramid Triangle",B0D6G24GVB,cubelelo,0300 Games & Puzzles,0307 Non-wooden Puzzles,Toy,1460553,AMAZON_IN,120956,1880,1.5543%,26795.24,289,123004.27,293,92.71709,0.2389%,4.59053,223,103743.25,225,120.15803,0.1844%,3.87170,66,19261.02,68,,,,,,,,,
INR,"Jun 01, 2026 - Jun 30, 2026","=""amzn1.ads-account.g.a5og6bnunpn8m911rke7gdql""",Cubelelo,162147707583156,BA - Branded - Cubelelo,"=""329970929951347""",SP-KT - Branded - Cubelelo - Mid & Low Volume - Exact & Phrase - UND,"=""386093481557611""",Branded - 2x2,B0BYVHGR5H,"Cubelelo Drift 2x2, 3x3 & Pyraminx Cube Combo (Stickerless) | Ideal for Kids Above 3 4 5 6 Years Old Boys Girls | 3 in 1 Speedcube Gift Set | High Speed Puzzle 3x3x3 2x2x2 Pyramid Triangle",B0D6G24GVB,cubelelo,0300 Games & Puzzles,0307 Non-wooden Puzzles,Toy,1460553,AMAZON_IN,169,1,0.5917%,20.00,1,475.24,1,20.00000,0.5917%,23.76200,1,475.24,1,20.00000,0.5917%,23.76200,0,0.00,0,,,,,,,,,
INR,"Jun 01, 2026 - Jun 30, 2026","=""amzn1.ads-account.g.a5og6bnunpn8m911rke7gdql""",Cubelelo,108066094626813,BA - Generic - Extremely High Volume,"=""353368777045800""",SP-KT - Generic - 3x3 - 'Rubik's Cube 3x3 Speed Cube' - SKAG - High Volume - Exact - UND,"=""333014230375447""",Generic - 3x3 - High Volume SKAG,B0BYVHGR5H,"Cubelelo Drift 2x2, 3x3 & Pyraminx Cube Combo (Stickerless) | Ideal for Kids Above 3 4 5 6 Years Old Boys Girls | 3 in 1 Speedcube Gift Set | High Speed Puzzle 3x3x3 2x2x2 Pyramid Triangle",B0D6G24GVB,cubelelo,0300 Games & Puzzles,0307 Non-wooden Puzzles,Toy,1460553,AMAZON_IN,106395,675,0.6344%,7253.10,122,50871.64,127,59.45164,0.1147%,7.01378,92,44701.12,95,78.83804,0.0865%,6.16304,30,6170.52,32,,,,,,,,,
INR,"Jun 01, 2026 - Jun 30, 2026","=""amzn1.ads-account.g.a5og6bnunpn8m911rke7gdql""",Cubelelo,162147707583156,BA - Branded - Cubelelo,"=""329970929951347""",SP-KT - Branded - Cubelelo - Mid & Low Volume - Exact & Phrase - UND,"=""526301691836211""",Branded - 3x3 - Phrase,B0BYVHGR5H,"Cubelelo Drift 2x2, 3x3 & Pyraminx Cube Combo (Stickerless) | Ideal for Kids Above 3 4 5 6 Years Old Boys Girls | 3 in 1 Speedcube Gift Set | High Speed Puzzle 3x3x3 2x2x2 Pyramid Triangle",B0D6G24GVB,cubelelo,0300 Games & Puzzles,0307 Non-wooden Puzzles,Toy,1460553,AMAZON_IN,22744,86,0.3781%,1372.07,8,3992.39,8,171.50875,0.0352%,2.90976,8,3992.39,8,171.50875,0.0352%,2.90976,0,0.00,0,,,,,,,,,
INR,"Jun 01, 2026 - Jun 30, 2026","=""amzn1.ads-account.g.a5og6bnunpn8m911rke7gdql""",Cubelelo,279942205262904,BA - Generic - Mid & Low Volume,"=""315451570129574""","SP-KT - Maglev, Mastermorphix, Puppet, Snake, Square1, Megaminx - Open - Mid & Low Volume - Exact & Phrase - UND","=""391120880267490""",Unique - Mid & Low Volume - Exact & Phrase,B0BYVHGR5H,"Cubelelo Drift 2x2, 3x3 & Pyraminx Cube Combo (Stickerless) | Ideal for Kids Above 3 4 5 6 Years Old Boys Girls | 3 in 1 Speedcube Gift Set | High Speed Puzzle 3x3x3 2x2x2 Pyramid Triangle",B0D6G24GVB,cubelelo,0300 Games & Puzzles,0307 Non-wooden Puzzles,Toy,1460553,AMAZON_IN,1339,4,0.2987%,28.08,0,0.00,0,,0.0000%,0.00000,0,0.00,0,,0.0000%,0.00000,0,0.00,0,,,,,,,,,
INR,"Jun 01, 2026 - Jun 30, 2026","=""amzn1.ads-account.g.a5og6bnunpn8m911rke7gdql""",Cubelelo,108066094626813,BA - Generic - Extremely High Volume,"=""530532259196935""","SP-KT - Megaminx, Pyramid, Timer & Gear - Open - High Volume - Exact","=""321431385380150""",Pyramid - High Volume,B0BYVHGR5H,"Cubelelo Drift 2x2, 3x3 & Pyraminx Cube Combo (Stickerless) | Ideal for Kids Above 3 4 5 6 Years Old Boys Girls | 3 in 1 Speedcube Gift Set | High Speed Puzzle 3x3x3 2x2x2 Pyramid Triangle",B0D6G24GVB,cubelelo,0300 Games & Puzzles,0307 Non-wooden Puzzles,Toy,1460553,AMAZON_IN,6609,57,0.8625%,617.69,8,2926.68,8,77.21125,0.1210%,4.73811,6,2376.20,6,102.94833,0.0908%,3.84691,2,550.48,2,,,,,,,,,
INR,"Jun 18, 2026 - Jun 25, 2026","=""amzn1.ads-account.g.a5og6bnunpn8m911rke7gdql""",Cubelelo,108066094626813,BA - Generic - Extremely High Volume,"=""345506724788622""","SP-KT - Mirror, Infinity & Combo - Open - High Volume - Exact","=""399619745424045""",Combo - High Volume SKAG,B0BYVHGR5H,"Cubelelo Drift 2x2, 3x3 & Pyraminx Cube Combo (Stickerless) | Ideal for Kids Above 3 4 5 6 Years Old Boys Girls | 3 in 1 Speedcube Gift Set | High Speed Puzzle 3x3x3 2x2x2 Pyramid Triangle",B0D6G24GVB,cubelelo,0300 Games & Puzzles,0307 Non-wooden Puzzles,Toy,1460553,AMAZON_IN,3,1,33.3333%,5.60,0,0.00,0,,0.0000%,0.00000,0,0.00,0,,0.0000%,0.00000,0,0.00,0,,,,,,,,,
INR,"Jun 01, 2026 - Jun 30, 2026","=""amzn1.ads-account.g.a5og6bnunpn8m911rke7gdql""",Cubelelo,279942205262904,BA - Generic - Mid & Low Volume,"=""327104446426115""","SP-KT - Axis - Windmill - Fisher, Cylinder, Kids, Mini, Smart, Pyramid - Open - Mid & Low Volume - Exact & Phrase","=""287381957290883""",Cylinder - Mid & Low volume - Exact & Phrase,B0BYVHGR5H,"Cubelelo Drift 2x2, 3x3 & Pyraminx Cube Combo (Stickerless) | Ideal for Kids Above 3 4 5 6 Years Old Boys Girls | 3 in 1 Speedcube Gift Set | High Speed Puzzle 3x3x3 2x2x2 Pyramid Triangle",B0D6G24GVB,cubelelo,0300 Games & Puzzles,0307 Non-wooden Puzzles,Toy,1460553,AMAZON_IN,3729,11,0.2950%,216.80,2,788.57,2,108.40000,0.0536%,3.63732,2,788.57,2,108.40000,0.0536%,3.63732,0,0.00,0,,,,,,,,,
INR,"Jun 01, 2026 - Jun 30, 2026","=""amzn1.ads-account.g.a5og6bnunpn8m911rke7gdql""",Cubelelo,279942205262904,BA - Generic - Mid & Low Volume,"=""466977135029356""",SP-KT - Generic - 2x2 - Mid & Low Volume - Exact & Phrase,"=""398214295345341""",Generic - 2x2 - Mid & Low Volume,B0BYVHGR5H,"Cubelelo Drift 2x2, 3x3 & Pyraminx Cube Combo (Stickerless) | Ideal for Kids Above 3 4 5 6 Years Old Boys Girls | 3 in 1 Speedcube Gift Set | High Speed Puzzle 3x3x3 2x2x2 Pyramid Triangle",B0D6G24GVB,cubelelo,0300 Games & Puzzles,0307 Non-wooden Puzzles,Toy,1460553,AMAZON_IN,18823,108,0.5738%,1313.10,25,10166.73,25,52.52400,0.1328%,7.74254,16,7727.65,16,82.06875,0.0850%,5.88504,9,2439.08,9,,,,,,,,,
INR,"Jun 01, 2026 - Jun 30, 2026","=""amzn1.ads-account.g.a5og6bnunpn8m911rke7gdql""",Cubelelo,108066094626813,BA - Generic - Extremely High Volume,"=""495997417400177""",SP-KT - Generic - Open - 'Rubix Cube' - SKAG - High Volume - Exact,"=""536771283942162""",Generic - Open Searches - High Volume SKAG,B0BYVHGR5H,"Cubelelo Drift 2x2, 3x3 & Pyraminx Cube Combo (Stickerless) | Ideal for Kids Above 3 4 5 6 Years Old Boys Girls | 3 in 1 Speedcube Gift Set | High Speed Puzzle 3x3x3 2x2x2 Pyramid Triangle",B0D6G24GVB,cubelelo,0300 Games & Puzzles,0307 Non-wooden Puzzles,Toy,1460553,AMAZON_IN,12016,213,1.7726%,2445.83,47,21079.12,48,52.03894,0.3911%,8.61839,42,20274.35,43,58.23405,0.3495%,8.28935,5,804.77,5,,,,,,,,,
INR,"Jun 01, 2026 - Jun 30, 2026","=""amzn1.ads-account.g.a5og6bnunpn8m911rke7gdql""",Cubelelo,279942205262904,BA - Generic - Mid & Low Volume,"=""334559235709808""",SP-KT - Generic - 3x3 - Mid & Low Volume - Exact & Phrase - UND,"=""412851408598744""",Generic - 3x3 - Mid & Low Volume,B0BVHL9JLB,"Cubelelo Drift 5-in-1 Cube Gift Box | 2x2, 3x3, 4x4, 5x5 and Secret Tutorial for Cubes Guide Book | Suitable for Kids & Adults | Magic Speedy Stress Buster Brainstorming Puzzle Multicolor Combo Set",B0F5QHH1XY,cubelelo,0300 Games & Puzzles,0307 Non-wooden Puzzles,Toy,B0BVHL9JLB,AMAZON_IN,172,0,0.0000%,0.00,0,0.00,0,,0.0000%,,0,0.00,0,,0.0000%,,0,0.00,0,,,,,,,,,
INR,"Jun 01, 2026 - Jun 27, 2026","=""amzn1.ads-account.g.a5og6bnunpn8m911rke7gdql""",Cubelelo,279942205262904,BA - Generic - Mid & Low Volume,"=""334559235709808""",SP-KT - Generic - 3x3 - Mid & Low Volume - Exact & Phrase - UND,"=""363319492631962""",Phrase - Generic - 3x3 - Mid & Low Volume,B0BVHL9JLB,"Cubelelo Drift 5-in-1 Cube Gift Box | 2x2, 3x3, 4x4, 5x5 and Secret Tutorial for Cubes Guide Book | Suitable for Kids & Adults | Magic Speedy Stress Buster Brainstorming Puzzle Multicolor Combo Set",B0F5QHH1XY,cubelelo,0300 Games & Puzzles,0307 Non-wooden Puzzles,Toy,B0BVHL9JLB,AMAZON_IN,35,0,0.0000%,0.00,0,0.00,0,,0.0000%,,0,0.00,0,,0.0000%,,0,0.00,0,,,,,,,,,
INR,"Jun 03, 2026 - Jun 30, 2026","=""amzn1.ads-account.g.a5og6bnunpn8m911rke7gdql""",Cubelelo,279942205262904,BA - Generic - Mid & Low Volume,"=""498287583816355""","SP-KT - Generic - 5x5, 6x6, 7x7, Keychain - Mid & Low Volume - Exact & Phrase","=""490322774447990""",Generic - 5x5 - Mid & Low Volume,B0BVHL9JLB,"Cubelelo Drift 5-in-1 Cube Gift Box | 2x2, 3x3, 4x4, 5x5 and Secret Tutorial for Cubes Guide Book | Suitable for Kids & Adults | Magic Speedy Stress Buster Brainstorming Puzzle Multicolor Combo Set",B0F5QHH1XY,cubelelo,0300 Games & Puzzles,0307 Non-wooden Puzzles,Toy,B0BVHL9JLB,AMAZON_IN,12,0,0.0000%,0.00,0,0.00,0,,0.0000%,,0,0.00,0,,0.0000%,,0,0.00,0,,,,,,,,,
INR,"Jun 05, 2026 - Jun 21, 2026","=""amzn1.ads-account.g.a5og6bnunpn8m911rke7gdql""",Cubelelo,162147707583156,BA - Branded - Cubelelo,"=""408832603271930""",BA_SP_KT_Brand Drift (3x3)_Phrase_09/23,"=""462288077097605""",Brand Drift (3x3),B0BVHL9JLB,"Cubelelo Drift 5-in-1 Cube Gift Box | 2x2, 3x3, 4x4, 5x5 and Secret Tutorial for Cubes Guide Book | Suitable for Kids & Adults | Magic Speedy Stress Buster Brainstorming Puzzle Multicolor Combo Set",B0F5QHH1XY,cubelelo,0300 Games & Puzzles,0307 Non-wooden Puzzles,Toy,B0BVHL9JLB,AMAZON_IN,3,0,0.0000%,0.00,0,0.00,0,,0.0000%,,0,0.00,0,,0.0000%,,0,0.00,0,,,,,,,,,
INR,"Jun 01, 2026 - Jun 29, 2026","=""amzn1.ads-account.g.a5og6bnunpn8m911rke7gdql""",Cubelelo,279942205262904,BA - Generic - Mid & Low Volume,"=""498287583816355""","SP-KT - Generic - 5x5, 6x6, 7x7, Keychain - Mid & Low Volume - Exact & Phrase","=""384271447348191""",Phrase - Generic - 5x5 - Mid & Low Volume,B0BVHL9JLB,"Cubelelo Drift 5-in-1 Cube Gift Box | 2x2, 3x3, 4x4, 5x5 and Secret Tutorial for Cubes Guide Book | Suitable for Kids & Adults | Magic Speedy Stress Buster Brainstorming Puzzle Multicolor Combo Set",B0F5QHH1XY,cubelelo,0300 Games & Puzzles,0307 Non-wooden Puzzles,Toy,B0BVHL9JLB,AMAZON_IN,20,0,0.0000%,0.00,0,0.00,0,,0.0000%,,0,0.00,0,,0.0000%,,0,0.00,0,,,,,,,,,
INR,"Jun 01, 2026 - Jun 30, 2026","=""amzn1.ads-account.g.a5og6bnunpn8m911rke7gdql""",Cubelelo,108066094626813,BA - Generic - Extremely High Volume,"=""484046863276712""",SP-KT - Generic - Open - 'Rubik's Cube' - SKAG - High Volume - Exact,"=""514344038519157""",Generic - Open Searches - High Volume SKAG,B0BVHL9JLB,"Cubelelo Drift 5-in-1 Cube Gift Box | 2x2, 3x3, 4x4, 5x5 and Secret Tutorial for Cubes Guide Book | Suitable for Kids & Adults | Magic Speedy Stress Buster Brainstorming Puzzle Multicolor Combo Set",B0F5QHH1XY,cubelelo,0300 Games & Puzzles,0307 Non-wooden Puzzles,Toy,B0BVHL9JLB,AMAZON_IN,73,0,0.0000%,0.00,0,0.00,0,,0.0000%,,0,0.00,0,,0.0000%,,0,0.00,0,,,,,,,,,
INR,"Jun 01, 2026 - Jun 30, 2026","=""amzn1.ads-account.g.a5og6bnunpn8m911rke7gdql""",Cubelelo,106276615587889,BA - Wooden Toys,"=""414214833476538""",SP-KT - Wooden Beads Threading Lacing - Mid & low Volume - Exact,"=""418373598476154""",KT - Wooden Beads,B0C3H8JJGQ,Cubelelo Wooden Beads Threading Lacing Game | DIY Lace & String Beading Kit | Multicolor Beads Rope Sewing Toy for Children Kids Boys Girls | Develops Creativity & Imagination | Puzzle,B0CJFV8XZT,cubelelo,"0200 Arts, Crafts & School Supplies",0208 Pearls & Jewelry,Toy,4001039,AMAZON_IN,8257,69,0.8357%,421.94,2,1331.42,2,210.97000,0.0242%,3.15547,2,1331.42,2,210.97000,0.0242%,3.15547,0,0.00,0,,,,,,,,,
INR,"Jun 01, 2026 - Jun 30, 2026","=""amzn1.ads-account.g.a5og6bnunpn8m911rke7gdql""",Cubelelo,106276615587889,BA - Wooden Toys,"=""312905165546329""",SP-PT - Wooden Toy Beads Threading Lacing - Lower ASP - High Volume - Exact,"=""502296326188185""",SP-PT - Wooden Beads Threading Lacing - Lower ASP - High Volume - Exact,B0C3H8JJGQ,Cubelelo Wooden Beads Threading Lacing Game | DIY Lace & String Beading Kit | Multicolor Beads Rope Sewing Toy for Children Kids Boys Girls | Develops Creativity & Imagination | Puzzle,B0CJFV8XZT,cubelelo,"0200 Arts, Crafts & School Supplies",0208 Pearls & Jewelry,Toy,4001039,AMAZON_IN,3182,68,2.1370%,634.38,6,3328.55,6,105.73000,0.1886%,5.24693,6,3328.55,6,105.73000,0.1886%,5.24693,0,0.00,0,,,,,,,,,
INR,"Jun 01, 2026 - Jun 30, 2026","=""amzn1.ads-account.g.a5og6bnunpn8m911rke7gdql""",Cubelelo,279942205262904,BA - Generic - Mid & Low Volume,"=""315451570129574""","SP-KT - Maglev, Mastermorphix, Puppet, Snake, Square1, Megaminx - Open - Mid & Low Volume - Exact & Phrase - UND","=""429913349679527""",Megaminx - Mid & Low Volume - Exact & Phrase,B0CGNXF2HT,Cubelelo Drift 2x2 Megaminx & 3x3 Megaminx Puzzle Combo | Dual Magic Cube Set for Challenging & Fun Puzzle Solving | Stickerless Speed Cubes for Kids & Adults,-1,cubelelo,0300 Games & Puzzles,0307 Non-wooden Puzzles,Toy,CLB0183,AMAZON_IN,38960,180,0.4620%,2405.59,13,7959.44,13,185.04538,0.0334%,3.30873,8,6164.20,8,300.69875,0.0205%,2.56245,5,1795.24,5,,,,,,,,,
INR,"Jun 01, 2026 - Jun 30, 2026","=""amzn1.ads-account.g.a5og6bnunpn8m911rke7gdql""",Cubelelo,108066094626813,BA - Generic - Extremely High Volume,"=""530532259196935""","SP-KT - Megaminx, Pyramid, Timer & Gear - Open - High Volume - Exact","=""360566109921119""",Megaminx - High Volume SKAG,B0CGNXF2HT,Cubelelo Drift 2x2 Megaminx & 3x3 Megaminx Puzzle Combo | Dual Magic Cube Set for Challenging & Fun Puzzle Solving | Stickerless Speed Cubes for Kids & Adults,-1,cubelelo,0300 Games & Puzzles,0307 Non-wooden Puzzles,Toy,CLB0183,AMAZON_IN,1121,14,1.2489%,99.80,5,2273.14,5,19.96000,0.4460%,22.77695,4,1788.00,4,24.95000,0.3568%,17.91583,1,485.14,1,,,,,,,,,
INR,"Jun 01, 2026 - Jun 30, 2026","=""amzn1.ads-account.g.a5og6bnunpn8m911rke7gdql""",Cubelelo,279942205262904,BA - Generic - Mid & Low Volume,"=""315451570129574""","SP-KT - Maglev, Mastermorphix, Puppet, Snake, Square1, Megaminx - Open - Mid & Low Volume - Exact & Phrase - UND","=""391120880267490""",Unique - Mid & Low Volume - Exact & Phrase,B0CGNXF2HT,Cubelelo Drift 2x2 Megaminx & 3x3 Megaminx Puzzle Combo | Dual Magic Cube Set for Challenging & Fun Puzzle Solving | Stickerless Speed Cubes for Kids & Adults,-1,cubelelo,0300 Games & Puzzles,0307 Non-wooden Puzzles,Toy,CLB0183,AMAZON_IN,6137,21,0.3422%,146.09,0,0.00,0,,0.0000%,0.00000,0,0.00,0,,0.0000%,0.00000,0,0.00,0,,,,,,,,,
INR,"Jun 01, 2026 - Jun 29, 2026","=""amzn1.ads-account.g.a5og6bnunpn8m911rke7gdql""",Cubelelo,182829498693993,BA - Competition - GAN,"=""491880598355368""",SP-KT - Comp - GAN - 3x3 - Mid & Low Volume - Exact & Phrase,"=""351640142731378""",Phrase - SKAG,B0FB8VSWYZ,Cubelelo GAN 356 ME (v3-Frosted) 3x3 Magnetic Speed Cube | New Version | Premium Smooth Turning Puzzle for Speedcubing | Fast & Stable Competition-Ready Cube for Beginners & Professionals,B0DX26WL82,cubelelo,0300 Games & Puzzles,0301 Family Board / Action,Toy,1030553,AMAZON_IN,34,0,0.0000%,0.00,0,0.00,0,,0.0000%,,0,0.00,0,,0.0000%,,0,0.00,0,,,,,,,,,
INR,"Jun 01, 2026 - Jun 30, 2026","=""amzn1.ads-account.g.a5og6bnunpn8m911rke7gdql""",Cubelelo,182829498693993,BA - Competition - GAN,"=""287167733706633""",SP-KT - Comp - GAN - Generic - High Volume - Exact,"=""497061644898658""",Gan - Generic - High Volume,B0FB8VSWYZ,Cubelelo GAN 356 ME (v3-Frosted) 3x3 Magnetic Speed Cube | New Version | Premium Smooth Turning Puzzle for Speedcubing | Fast & Stable Competition-Ready Cube for Beginners & Professionals,B0DX26WL82,cubelelo,0300 Games & Puzzles,0301 Family Board / Action,Toy,1030553,AMAZON_IN,785,6,0.7643%,37.58,0,0.00,0,,0.0000%,0.00000,0,0.00,0,,0.0000%,0.00000,0,0.00,0,,,,,,,,,
INR,"Jun 01, 2026 - Jun 30, 2026","=""amzn1.ads-account.g.a5og6bnunpn8m911rke7gdql""",Cubelelo,182829498693993,BA - Competition - GAN,"=""548052105782309""",SP-KT - Comp - GAN - 3x3 - High Volume - Exact,"=""489910891681991""",Gan - 3x3 - High Volume,B0FB8VSWYZ,Cubelelo GAN 356 ME (v3-Frosted) 3x3 Magnetic Speed Cube | New Version | Premium Smooth Turning Puzzle for Speedcubing | Fast & Stable Competition-Ready Cube for Beginners & Professionals,B0DX26WL82,cubelelo,0300 Games & Puzzles,0301 Family Board / Action,Toy,1030553,AMAZON_IN,165,19,11.5152%,62.46,1,2475.24,1,62.46000,0.6061%,39.62920,1,2475.24,1,62.46000,0.6061%,39.62920,0,0.00,0,,,,,,,,,
INR,"Jun 01, 2026 - Jun 30, 2026","=""amzn1.ads-account.g.a5og6bnunpn8m911rke7gdql""",Cubelelo,182829498693993,BA - Competition - GAN,"=""303138629347007""",SP-KT - Comp - GAN - Generic - Mid & Low Volume - Exact & Phrase,"=""439855833331529""",Gan - Generic - Mid & Low Volume,B0FB8VSWYZ,Cubelelo GAN 356 ME (v3-Frosted) 3x3 Magnetic Speed Cube | New Version | Premium Smooth Turning Puzzle for Speedcubing | Fast & Stable Competition-Ready Cube for Beginners & Professionals,B0DX26WL82,cubelelo,0300 Games & Puzzles,0301 Family Board / Action,Toy,1030553,AMAZON_IN,6842,223,3.2593%,1128.73,5,12376.20,5,225.74600,0.0731%,10.96471,5,12376.20,5,225.74600,0.0731%,10.96471,0,0.00,0,,,,,,,,,
INR,"Jun 01, 2026 - Jun 30, 2026","=""amzn1.ads-account.g.a5og6bnunpn8m911rke7gdql""",Cubelelo,143920007876206,BA - Megaminx Gan,"=""72913969349326""",SP - KT - GAN - Generic - High Volume - Exact - UND,"=""221819563115596""",GAN - High Volume - Exact,B0FB8VSWYZ,Cubelelo GAN 356 ME (v3-Frosted) 3x3 Magnetic Speed Cube | New Version | Premium Smooth Turning Puzzle for Speedcubing | Fast & Stable Competition-Ready Cube for Beginners & Professionals,B0DX26WL82,cubelelo,0300 Games & Puzzles,0301 Family Board / Action,Toy,1030553,AMAZON_IN,71198,1064,1.4944%,6047.98,29,47124.78,29,208.55103,0.0407%,7.79182,15,37128.60,15,403.19867,0.0211%,6.13901,14,9996.18,14,,,,,,,,,
INR,"Jun 01, 2026 - Jun 30, 2026","=""amzn1.ads-account.g.a5og6bnunpn8m911rke7gdql""",Cubelelo,143920007876206,BA - Megaminx Gan,"=""251982080013737""",SP-KT - GAN - Comp - Mid & Low Volume - Exact & Phrase - UND,"=""224709414529360""",GAN - 3x3 Magnetic - Exact & Phrase,B0FB8VSWYZ,Cubelelo GAN 356 ME (v3-Frosted) 3x3 Magnetic Speed Cube | New Version | Premium Smooth Turning Puzzle for Speedcubing | Fast & Stable Competition-Ready Cube for Beginners & Professionals,B0DX26WL82,cubelelo,0300 Games & Puzzles,0301 Family Board / Action,Toy,1030553,AMAZON_IN,2724,70,2.5698%,440.18,5,10566.67,5,88.03600,0.1836%,24.00534,4,9900.96,4,110.04500,0.1468%,22.49298,1,665.71,1,,,,,,,,,
INR,"Jun 01, 2026 - Jun 30, 2026","=""amzn1.ads-account.g.a5og6bnunpn8m911rke7gdql""",Cubelelo,143920007876206,BA - Megaminx Gan,"=""251982080013737""",SP-KT - GAN - Comp - Mid & Low Volume - Exact & Phrase - UND,"=""95314050722662""",GAN - Model Specific - Exact & Phrase,B0FB8VSWYZ,Cubelelo GAN 356 ME (v3-Frosted) 3x3 Magnetic Speed Cube | New Version | Premium Smooth Turning Puzzle for Speedcubing | Fast & Stable Competition-Ready Cube for Beginners & Professionals,B0DX26WL82,cubelelo,0300 Games & Puzzles,0301 Family Board / Action,Toy,1030553,AMAZON_IN,1250,11,0.8800%,56.47,1,2475.24,1,56.47000,0.0800%,43.83283,1,2475.24,1,56.47000,0.0800%,43.83283,0,0.00,0,,,,,,,,,
INR,"Jun 01, 2026 - Jun 30, 2026","=""amzn1.ads-account.g.a5og6bnunpn8m911rke7gdql""",Cubelelo,182829498693993,BA - Competition - GAN,"=""491880598355368""",SP-KT - Comp - GAN - 3x3 - Mid & Low Volume - Exact & Phrase,"=""404568450484859""",Gan - 3x3 - Mid & Low Volume,B0FB8VSWYZ,Cubelelo GAN 356 ME (v3-Frosted) 3x3 Magnetic Speed Cube | New Version | Premium Smooth Turning Puzzle for Speedcubing | Fast & Stable Competition-Ready Cube for Beginners & Professionals,B0DX26WL82,cubelelo,0300 Games & Puzzles,0301 Family Board / Action,Toy,1030553,AMAZON_IN,2912,118,4.0522%,415.79,3,7425.72,3,138.59667,0.1030%,17.85930,3,7425.72,3,138.59667,0.1030%,17.85930,0,0.00,0,,,,,,,,,
INR,"Jun 01, 2026 - Jun 30, 2026","=""amzn1.ads-account.g.a5og6bnunpn8m911rke7gdql""",Cubelelo,84309541083410,BA - Tangram,"=""128958768411602""",SP - PT - Tangram - Smart Toys - Comp - Exact,"=""486903524661025""",Tangram,B0GH18NXXG,"Cubelelo Drift Magnetic Tangram Puzzle | with Strong Magnets, Wooden Pieces & Bold Colors | Toys for 5-10 Years Old Boys Girls & Adults | Travel Friendly, Educational Toy for Return & Birthday Gifts",B0GH7Q6WH6,cubelelo,0300 Games & Puzzles,0330 Brainteasers,Toy,1630222,AMAZON_IN,26316,321,1.2198%,3011.09,24,11348.57,34,125.46208,0.0912%,3.76892,19,7600.00,20,158.47842,0.0722%,2.52400,5,3748.57,14,,,,,,,,,
INR,"Jun 01, 2026 - Jun 30, 2026","=""amzn1.ads-account.g.a5og6bnunpn8m911rke7gdql""",Cubelelo,84309541083410,BA - Tangram,"=""220146118616523""",SP-KT - Generic - Tangram - Mid Volume - Exact,"=""458607784148815""",Tangram,B0GH18NXXG,"Cubelelo Drift Magnetic Tangram Puzzle | with Strong Magnets, Wooden Pieces & Bold Colors | Toys for 5-10 Years Old Boys Girls & Adults | Travel Friendly, Educational Toy for Return & Birthday Gifts",B0GH7Q6WH6,cubelelo,0300 Games & Puzzles,0330 Brainteasers,Toy,1630222,AMAZON_IN,2965,42,1.4165%,380.07,6,2280.00,6,63.34500,0.2024%,5.99890,6,2280.00,6,63.34500,0.2024%,5.99890,0,0.00,0,,,,,,,,,
INR,"Jun 01, 2026 - Jun 30, 2026","=""amzn1.ads-account.g.a5og6bnunpn8m911rke7gdql""",Cubelelo,84309541083410,BA - Tangram,"=""215668526840756""",BA - SBV - KT - Tangram - Generic - Mid Volume - Exact,"=""288789520683773""",Tangram,B0GH18NXXG,"Cubelelo Drift Magnetic Tangram Puzzle | with Strong Magnets, Wooden Pieces & Bold Colors | Toys for 5-10 Years Old Boys Girls & Adults | Travel Friendly, Educational Toy for Return & Birthday Gifts",B0GH7Q6WH6,cubelelo,0300 Games & Puzzles,0330 Brainteasers,Toy,,AMAZON_IN,14380,216,1.5021%,5512.63,23,8946.66,27,239.67957,0.1599%,1.62294,19,6840.00,19,290.13842,0.1321%,1.24079,4,2106.66,8,17,6980.95,20,324.27235,0.1182%,1.26636,409,13.47831,2.8442%
INR,"Jun 01, 2026 - Jun 30, 2026","=""amzn1.ads-account.g.a5og6bnunpn8m911rke7gdql""",Cubelelo,84309541083410,BA - Tangram,"=""46982620548775""",SP - PT - Tangram - NB - Comp - Pelikas - Exact - DO,"=""232387008761635""",Tangram,B0GH18NXXG,"Cubelelo Drift Magnetic Tangram Puzzle | with Strong Magnets, Wooden Pieces & Bold Colors | Toys for 5-10 Years Old Boys Girls & Adults | Travel Friendly, Educational Toy for Return & Birthday Gifts",B0GH7Q6WH6,cubelelo,0300 Games & Puzzles,0330 Brainteasers,Toy,1630222,AMAZON_IN,63972,835,1.3053%,8813.43,63,23407.62,64,139.89571,0.0985%,2.65590,60,22420.00,61,146.89050,0.0938%,2.54385,3,987.62,3,,,,,,,,,
INR,"Jun 01, 2026 - Jun 30, 2026","=""amzn1.ads-account.g.a5og6bnunpn8m911rke7gdql""",Cubelelo,84309541083410,BA - Tangram,"=""100730157368715""",SP - CT - Tangram - Above 299,"=""424564038631858""",Tangram,B0GH18NXXG,"Cubelelo Drift Magnetic Tangram Puzzle | with Strong Magnets, Wooden Pieces & Bold Colors | Toys for 5-10 Years Old Boys Girls & Adults | Travel Friendly, Educational Toy for Return & Birthday Gifts",B0GH7Q6WH6,cubelelo,0300 Games & Puzzles,0330 Brainteasers,Toy,1630222,AMAZON_IN,14296,97,0.6785%,571.45,4,1520.00,4,142.86250,0.0280%,2.65990,4,1520.00,4,142.86250,0.0280%,2.65990,0,0.00,0,,,,,,,,,
INR,"Jun 01, 2026 - Jun 30, 2026","=""amzn1.ads-account.g.a5og6bnunpn8m911rke7gdql""",Cubelelo,84309541083410,BA - Tangram,"=""267514182869007""",BA - SP - KT - Tangram - Generic - High Volume - Exact  - DO,"=""309242541458635""",Tangram,B0GH18NXXG,"Cubelelo Drift Magnetic Tangram Puzzle | with Strong Magnets, Wooden Pieces & Bold Colors | Toys for 5-10 Years Old Boys Girls & Adults | Travel Friendly, Educational Toy for Return & Birthday Gifts",B0GH7Q6WH6,cubelelo,0300 Games & Puzzles,0330 Brainteasers,Toy,1630222,AMAZON_IN,60470,230,0.3804%,2383.68,6,2660.00,7,397.28000,0.0099%,1.11592,6,2660.00,7,397.28000,0.0099%,1.11592,0,0.00,0,,,,,,,,,
INR,"Jun 01, 2026 - Jun 30, 2026","=""amzn1.ads-account.g.a5og6bnunpn8m911rke7gdql""",Cubelelo,84309541083410,BA - Tangram,"=""95341474842930""",SP - KT - Tangram - Generic - Gifting Terms - Exact - DO,"=""529099855431728""",Tangram,B0GH18NXXG,"Cubelelo Drift Magnetic Tangram Puzzle | with Strong Magnets, Wooden Pieces & Bold Colors | Toys for 5-10 Years Old Boys Girls & Adults | Travel Friendly, Educational Toy for Return & Birthday Gifts",B0GH7Q6WH6,cubelelo,0300 Games & Puzzles,0330 Brainteasers,Toy,1630222,AMAZON_IN,19123,311,1.6263%,3656.10,12,4435.24,12,304.67500,0.0628%,1.21311,11,4179.05,11,332.37273,0.0575%,1.14304,1,256.19,1,,,,,,,,,
INR,"Jun 01, 2026 - Jun 30, 2026","=""amzn1.ads-account.g.a5og6bnunpn8m911rke7gdql""",Cubelelo,84309541083410,BA - Tangram,"=""210527515847871""",SP-KT - Tangram - Generic - Return Gift Queries - Exact,"=""333579196683513""",Tangram,B0GH18NXXG,"Cubelelo Drift Magnetic Tangram Puzzle | with Strong Magnets, Wooden Pieces & Bold Colors | Toys for 5-10 Years Old Boys Girls & Adults | Travel Friendly, Educational Toy for Return & Birthday Gifts",B0GH7Q6WH6,cubelelo,0300 Games & Puzzles,0330 Brainteasers,Toy,1630222,AMAZON_IN,20282,71,0.3501%,726.72,4,3172.38,9,181.68000,0.0197%,4.36534,4,3172.38,9,181.68000,0.0197%,4.36534,0,0.00,0,,,,,,,,,
INR,"Jun 01, 2026 - Jun 30, 2026","=""amzn1.ads-account.g.a5og6bnunpn8m911rke7gdql""",Cubelelo,84309541083410,BA - Tangram,"=""154539465665101""",BA - SBV - KT - Tangram - Generic - More than 1L Searches - Exact,"=""399878860861298""",Tangram,B0GH18NXXG,"Cubelelo Drift Magnetic Tangram Puzzle | with Strong Magnets, Wooden Pieces & Bold Colors | Toys for 5-10 Years Old Boys Girls & Adults | Travel Friendly, Educational Toy for Return & Birthday Gifts",B0GH7Q6WH6,cubelelo,0300 Games & Puzzles,0330 Brainteasers,Toy,,AMAZON_IN,86127,580,0.6734%,9733.91,40,15579.05,42,243.34775,0.0464%,1.60049,40,15579.05,42,243.34775,0.0464%,1.60049,0,0.00,0,37,14819.05,39,263.07865,0.0430%,1.52242,909,10.70837,1.0554%
INR,"Jun 01, 2026 - Jun 30, 2026","=""amzn1.ads-account.g.a5og6bnunpn8m911rke7gdql""",Cubelelo,84309541083410,BA - Tangram,"=""73064977804193""",SP-PT - Comp - Tangram - Exact,"=""413890454935397""",Tangram,B0GH18NXXG,"Cubelelo Drift Magnetic Tangram Puzzle | with Strong Magnets, Wooden Pieces & Bold Colors | Toys for 5-10 Years Old Boys Girls & Adults | Travel Friendly, Educational Toy for Return & Birthday Gifts",B0GH7Q6WH6,cubelelo,0300 Games & Puzzles,0330 Brainteasers,Toy,1630222,AMAZON_IN,15328,177,1.1547%,1849.79,14,5320.00,14,132.12786,0.0913%,2.87600,14,5320.00,14,132.12786,0.0913%,2.87600,0,0.00,0,,,,,,,,,
INR,"Jun 01, 2026 - Jun 30, 2026","=""amzn1.ads-account.g.a5og6bnunpn8m911rke7gdql""",Cubelelo,84309541083410,BA - Tangram,"=""88215368194317""",SP - PT - Tangram - Smartivity - Comp - Exact,"=""456893587540895""",Tangram,B0GH18NXXG,"Cubelelo Drift Magnetic Tangram Puzzle | with Strong Magnets, Wooden Pieces & Bold Colors | Toys for 5-10 Years Old Boys Girls & Adults | Travel Friendly, Educational Toy for Return & Birthday Gifts",B0GH7Q6WH6,cubelelo,0300 Games & Puzzles,0330 Brainteasers,Toy,1630222,AMAZON_IN,6197,90,1.4523%,671.68,3,1900.00,5,223.89333,0.0484%,2.82873,3,1900.00,5,223.89333,0.0484%,2.82873,0,0.00,0,,,,,,,,,
INR,"Jun 01, 2026 - Jun 30, 2026","=""amzn1.ads-account.g.a5og6bnunpn8m911rke7gdql""",Cubelelo,279942205262904,BA - Generic - Mid & Low Volume,"=""327104446426115""","SP-KT - Axis - Windmill - Fisher, Cylinder, Kids, Mini, Smart, Pyramid - Open - Mid & Low Volume - Exact & Phrase","=""282227071854307""",Smart - Mid & Low Volume - Exact & Phrase,B01MAW6TLK,Cubelelo QiYi Smart Cube Stickerless (Speed Version) | High-Performance Bluetooth Speed Cube | Real-Time Stats & Tracking | Adjustable Tension & Magnets | Ideal for All Ages,-1,cubelelo,0300 Games & Puzzles,0330 Brainteasers,Toy,QiYi3*3*3_02,AMAZON_IN,123,0,0.0000%,0.00,0,0.00,0,,0.0000%,,0,0.00,0,,0.0000%,,0,0.00,0,,,,,,,,,
INR,"Jun 01, 2026 - Jun 30, 2026","=""amzn1.ads-account.g.a5og6bnunpn8m911rke7gdql""",Cubelelo,215664054810032,BA - Number Sliding Puzzle,"=""339988610395848""",SP-CT - Number Sliding Puzzle - Above 199,"=""338743838952743""",Number sliding puzzle,B09HH8CC7Y,"Cubelelo Drift Number Sliding Magnetic Puzzle 4x4 | Toys For 6-10 Years Old Boys & Girls | 15-Blocks Brain Teaser Puzzle Game for Kids | Educational, Learning, Activity Toy for Return & Birthday Gifts",-1,cubelelo,0300 Games & Puzzles,0307 Non-wooden Puzzles,Toy,1630210,AMAZON_IN,120741,792,0.6559%,5334.46,84,23807.58,91,63.50548,0.0696%,4.46298,81,22600.92,88,65.85753,0.0671%,4.23678,3,1206.66,3,,,,,,,,,
INR,"Jun 01, 2026 - Jun 30, 2026","=""amzn1.ads-account.g.a5og6bnunpn8m911rke7gdql""",Cubelelo,215664054810032,BA - Number Sliding Puzzle,"=""546073666494466""",SP-PT - Number Sliding Puzzle - Comp - Smartivity - Exact,"=""310159045422411""",NSP x Smartivity,B09HH8CC7Y,"Cubelelo Drift Number Sliding Magnetic Puzzle 4x4 | Toys For 6-10 Years Old Boys & Girls | 15-Blocks Brain Teaser Puzzle Game for Kids | Educational, Learning, Activity Toy for Return & Birthday Gifts",-1,cubelelo,0300 Games & Puzzles,0307 Non-wooden Puzzles,Toy,1630210,AMAZON_IN,8681,91,1.0483%,755.83,8,3037.14,11,94.47875,0.0922%,4.01829,7,2561.90,10,107.97571,0.0806%,3.38952,1,475.24,1,,,,,,,,,
INR,"Jun 01, 2026 - Jun 30, 2026","=""amzn1.ads-account.g.a5og6bnunpn8m911rke7gdql""",Cubelelo,215664054810032,BA - Number Sliding Puzzle,"=""376769954561814""",SP-KT - Number Sliding Puzzle - Generic - Return Gift Queries - Exact,"=""550190471621080""",Number Sliding Puzzle,B09HH8CC7Y,"Cubelelo Drift Number Sliding Magnetic Puzzle 4x4 | Toys For 6-10 Years Old Boys & Girls | 15-Blocks Brain Teaser Puzzle Game for Kids | Educational, Learning, Activity Toy for Return & Birthday Gifts",-1,cubelelo,0300 Games & Puzzles,0307 Non-wooden Puzzles,Toy,1630210,AMAZON_IN,118381,325,0.2745%,2182.92,8,2049.52,8,272.86500,0.0068%,0.93889,8,2049.52,8,272.86500,0.0068%,0.93889,0,0.00,0,,,,,,,,,
INR,"Jun 01, 2026 - Jun 30, 2026","=""amzn1.ads-account.g.a5og6bnunpn8m911rke7gdql""",Cubelelo,215664054810032,BA - Number Sliding Puzzle,"=""437530893523061""",SP-PT - Number Sliding Puzzle - Comp - Low & High ASP - Mid Volume - Exact,"=""507712490856714""",Ad Group - 7/5/2025 12:20:58.231,B09HH8CC7Y,"Cubelelo Drift Number Sliding Magnetic Puzzle 4x4 | Toys For 6-10 Years Old Boys & Girls | 15-Blocks Brain Teaser Puzzle Game for Kids | Educational, Learning, Activity Toy for Return & Birthday Gifts",-1,cubelelo,0300 Games & Puzzles,0307 Non-wooden Puzzles,Toy,1630210,AMAZON_IN,7301,119,1.6299%,634.99,25,6167.62,25,25.39960,0.3424%,9.71294,24,5892.38,24,26.45792,0.3287%,9.27949,1,275.24,1,,,,,,,,,
INR,"Jun 01, 2026 - Jun 30, 2026","=""amzn1.ads-account.g.a5og6bnunpn8m911rke7gdql""",Cubelelo,215664054810032,BA - Number Sliding Puzzle,"=""115902188639558""",BA - SP - PT - Number Sliding Puzzle - NB - Comp - Wembley - Exact - DO,"=""39057736920057""",Number Sliding Puzzle,B09HH8CC7Y,"Cubelelo Drift Number Sliding Magnetic Puzzle 4x4 | Toys For 6-10 Years Old Boys & Girls | 15-Blocks Brain Teaser Puzzle Game for Kids | Educational, Learning, Activity Toy for Return & Birthday Gifts",-1,cubelelo,0300 Games & Puzzles,0307 Non-wooden Puzzles,Toy,1630210,AMAZON_IN,12315,326,2.6472%,2909.88,62,20106.64,77,46.93355,0.5035%,6.90978,57,18444.73,72,51.05053,0.4629%,6.33866,5,1661.91,5,,,,,,,,,
INR,"Jun 22, 2026 - Jun 30, 2026","=""amzn1.ads-account.g.a5og6bnunpn8m911rke7gdql""",Cubelelo,14896671318530,BA - Tinker Box,"=""178894007177834""",BA - SP - Auto - Tinker Box - 0-2 Years - DO,"=""524300284583215""",Tinker Box,B0GYF7WY25,"TinkerBox Sensory Play Mat | 0+ Months | Soft Baby Play & Tummy Time Mat for Sensory Development | Supports Motor Skills, Crawling & Early Learning | Safe, Comfortable & Baby-Friendly Design",-1,Tinker Box,,,Toy,TB03004,AMAZON_IN,1737,8,0.4606%,61.64,0,0.00,0,,0.0000%,0.00000,0,0.00,0,,0.0000%,0.00000,0,0.00,0,,,,,,,,,
INR,"Jun 03, 2026 - Jun 08, 2026","=""amzn1.ads-account.g.a5og6bnunpn8m911rke7gdql""",Cubelelo,279942205262904,BA - Generic - Mid & Low Volume,"=""405383753413943""","SP-KT - Lube Combo, Magic, Pyraminx, Skewb, Stand, Timer, Gear - Open - Mid & Low Volume - Exact & Phrase","=""350064977792250""",Timer - Mid & Low Volume - Exact & Phrase,B0BZKZMPXS,"Cubelelo Drift Solving Kit | 3X3 Stickerless Cube, Hurricane Lube, Timer, Pouch & Guide | Perfect Practice Kit For Beginners | Ages 3 And Above",-1,cubelelo,0300 Games & Puzzles,0307 Non-wooden Puzzles,Toy,CLB0131_EAN,AMAZON_IN,2,0,0.0000%,0.00,0,0.00,0,,0.0000%,,0,0.00,0,,0.0000%,,0,0.00,0,,,,,,,,,
INR,"Jun 01, 2026 - Jun 30, 2026","=""amzn1.ads-account.g.a5og6bnunpn8m911rke7gdql""",Cubelelo,108066094626813,BA - Generic - Extremely High Volume,"=""345506724788622""","SP-KT - Mirror, Infinity & Combo - Open - High Volume - Exact","=""341121035831717""",Infinity - High Volume SKAG,B0CNXPFMRV,"Cubelelo Drift Rainbow Ball Puzzle | Compact, Multicolor Sphere (Fidget Toy) | Portable Brain Teaser for Kids & Adults | Stress Relief & Fun On-The-Go Puzzle",-1,cubelelo,0300 Games & Puzzles,0307 Non-wooden Puzzles,Toy,1630207,AMAZON_IN,2196,16,0.7286%,18.04,1,275.24,1,18.04000,0.0455%,15.25721,1,275.24,1,18.04000,0.0455%,15.25721,0,0.00,0,,,,,,,,,
INR,"Jun 01, 2026 - Jun 30, 2026","=""amzn1.ads-account.g.a5og6bnunpn8m911rke7gdql""",Cubelelo,108066094626813,BA - Generic - Extremely High Volume,"=""530532259196935""","SP-KT - Megaminx, Pyramid, Timer & Gear - Open - High Volume - Exact","=""402396258219983""",Gear - High Volume SKAG,B08169YZPG,Cubelelo Drift Gear 3x3 Stickerless Cube Speed Cube | Toy for Kids & Adults | Magic Speedy Stress Buster Brainstorming Puzzle 3x3x3 (Multicolor),B0CP2C3BXN,cubelelo,0300 Games & Puzzles,0307 Non-wooden Puzzles,Toy,1140022,AMAZON_IN,8379,244,2.9120%,986.92,41,14980.96,41,24.07122,0.4893%,15.17951,34,13301.91,34,29.02706,0.4058%,13.47821,7,1679.05,7,,,,,,,,,
INR,"Jun 01, 2026 - Jun 30, 2026","=""amzn1.ads-account.g.a5og6bnunpn8m911rke7gdql""",Cubelelo,14896671318530,BA - Tinker Box,"=""178894007177834""",BA - SP - Auto - Tinker Box - 0-2 Years - DO,"=""524300284583215""",Tinker Box,B0FQPFZN8L,"TinkerBox Wooden Rattle (Set of 3) | 0+ Months | Montessori Wooden Rattles for Newborns & Babies | Sensory Development Toys for Sound, Grip & Early Motor Skills | Safe & Durable Baby Toys",-1,Tinker Box,,,Baby product,TBB0001,AMAZON_IN,81695,149,0.1824%,1105.69,13,6464.79,13,85.05308,0.0159%,5.84684,13,6464.79,13,85.05308,0.0159%,5.84684,0,0.00,0,,,,,,,,,
INR,"Jun 05, 2026 - Jun 05, 2026","=""amzn1.ads-account.g.a5og6bnunpn8m911rke7gdql""",Cubelelo,159890394934310,Old - Core Generic Cube Campaigns All,"=""461439945733289""",BA_SP_KT_5x5 Cube_Generic_Phrase_09/23,"=""521470917336542""",5x5 Cube,B07FJW8LSG,Cubelelo QiYi QiZheng S 5x5 Stickerless Speedcube Puzzle for Kids & Adults Magic Speedy Anti Stress Brainstorming Puzzle Cube (Multicolor),B0CWDC1YJL,cubelelo,0300 Games & Puzzles,0307 Non-wooden Puzzles,Toy,B07FJW8LSG,AMAZON_IN,1,0,0.0000%,0.00,0,0.00,0,,0.0000%,,0,0.00,0,,0.0000%,,0,0.00,0,,,,,,,,,
INR,"Jun 01, 2026 - Jun 30, 2026","=""amzn1.ads-account.g.a5og6bnunpn8m911rke7gdql""",Cubelelo,14896671318530,BA - Tinker Box,"=""178894007177834""",BA - SP - Auto - Tinker Box - 0-2 Years - DO,"=""524300284583215""",Tinker Box,B0FQVFPKFD,TinkerBox Object Permanence Box with Drawer | 9+ Months | Montessori Wooden Toy for Babies & Toddlers | Early Learning Puzzle for Hand-Eye Coordination & Cause-and-Effect | Safe & Durable Baby Toy,B0GPKMTZ4X,Tinker Box,1800 Learning & Exploration,1817 Educational Toys,Toy,TB04001,AMAZON_IN,5696,33,0.5794%,201.08,3,2425.71,3,67.02667,0.0527%,12.06341,3,2425.71,3,67.02667,0.0527%,12.06341,0,0.00,0,,,,,,,,,
INR,"Jun 03, 2026 - Jun 06, 2026","=""amzn1.ads-account.g.a5og6bnunpn8m911rke7gdql""",Cubelelo,279942205262904,BA - Generic - Mid & Low Volume,"=""498287583816355""","SP-KT - Generic - 5x5, 6x6, 7x7, Keychain - Mid & Low Volume - Exact & Phrase","=""536652533995914""",Phrase - Generic - 6x6 - Mid & Low Volume,B0CVLBBQ2Q,"Cubelelo Drift 6x6 Speed Cube & Lube Combo | Smooth & Fast 6x6 Cube with Precision Lubrication | Ideal for Speedcubers & Puzzle Enthusiasts | for Kids, Adults, Speed cubers | Smooth Durable",B0CWH6ML97,cubelelo,,,Toy,1460538,AMAZON_IN,2,0,0.0000%,0.00,0,0.00,0,,0.0000%,,0,0.00,0,,0.0000%,,0,0.00,0,,,,,,,,,
INR,"Jun 05, 2026 - Jun 05, 2026","=""amzn1.ads-account.g.a5og6bnunpn8m911rke7gdql""",Cubelelo,279942205262904,BA - Generic - Mid & Low Volume,"=""498287583816355""","SP-KT - Generic - 5x5, 6x6, 7x7, Keychain - Mid & Low Volume - Exact & Phrase","=""295921960947507""",Generic - 6x6 - Mid & Low Volume,B0CVLBBQ2Q,"Cubelelo Drift 6x6 Speed Cube & Lube Combo | Smooth & Fast 6x6 Cube with Precision Lubrication | Ideal for Speedcubers & Puzzle Enthusiasts | for Kids, Adults, Speed cubers | Smooth Durable",B0CWH6ML97,cubelelo,,,Toy,1460538,AMAZON_IN,1,0,0.0000%,0.00,0,0.00,0,,0.0000%,,0,0.00,0,,0.0000%,,0,0.00,0,,,,,,,,,
INR,"Jun 01, 2026 - Jun 30, 2026","=""amzn1.ads-account.g.a5og6bnunpn8m911rke7gdql""",Cubelelo,14896671318530,BA - Tinker Box,"=""178894007177834""",BA - SP - Auto - Tinker Box - 0-2 Years - DO,"=""524300284583215""",Tinker Box,B0FQWQB78R,Tinker Box Ring Slide Game | 12+ Months | Montessori Wooden Puzzle Toy for Toddlers & Kids | Fun Learning Game for Hand-Eye Coordination & Logical Thinking | Safe & Durable,B0GPKMTZ4X,Tinker Box,2000 Building Sets,2001 Building Sets (3 years old and more),Toy,TB06002,AMAZON_IN,13645,76,0.5570%,388.42,1,380.00,1,388.42000,0.0073%,0.97832,1,380.00,1,388.42000,0.0073%,0.97832,0,0.00,0,,,,,,,,,
INR,"Jun 04, 2026 - Jun 09, 2026","=""amzn1.ads-account.g.a5og6bnunpn8m911rke7gdql""",Cubelelo,108066094626813,BA - Generic - Extremely High Volume,"=""530532259196935""","SP-KT - Megaminx, Pyramid, Timer & Gear - Open - High Volume - Exact","=""402396258219983""",Gear - High Volume SKAG,B0CGNWCKFX,Cubelelo Kid Drift 3X3 Stickerless Speed Cube & Drift Gear Gift Box | Premium Cubing Combo For Ultimate Speedcubing Experience | Includes High-Performance Cubes For All Skill Levels,-1,cubelelo,0300 Games & Puzzles,0307 Non-wooden Puzzles,Toy,1460522,AMAZON_IN,2,0,0.0000%,0.00,0,0.00,0,,0.0000%,,0,0.00,0,,0.0000%,,0,0.00,0,,,,,,,,,
INR,"Jun 01, 2026 - Jun 30, 2026","=""amzn1.ads-account.g.a5og6bnunpn8m911rke7gdql""",Cubelelo,242135938115990,BA - Competition - Cubes,"=""398099328860046""",SP-PT - Cubes - Toys Best Seller - Above 200,"=""389104660034552""",SP-SP - Cubes - Toys Best Seller - Above 200,B0DRVQVFJB,Cubelelo Drift 3M v3 3x3 Magnetic Speedcube (Standard) | Latest Version with New & Improved Internal Structure for Smooth Turns & Stability | Cube Toy for 6-10 Years Old Boys Girls Adults,B0F18TBS19,cubelelo,0300 Games & Puzzles,0330 Brainteasers,Toy,1030604,AMAZON_IN,30544,84,0.2750%,516.46,1,475.24,1,516.46000,0.0033%,0.92019,1,475.24,1,516.46000,0.0033%,0.92019,0,0.00,0,,,,,,,,,
INR,"Jun 01, 2026 - Jun 30, 2026","=""amzn1.ads-account.g.a5og6bnunpn8m911rke7gdql""",Cubelelo,279942205262904,BA - Generic - Mid & Low Volume,"=""285784532724588""",SP-KT - Generic - Open - Cube - Mid & Low Volume - Exact & Phrase,"=""503467855821823""",Generic - Open Searches - Mid & Low Volume,B0DRVQVFJB,Cubelelo Drift 3M v3 3x3 Magnetic Speedcube (Standard) | Latest Version with New & Improved Internal Structure for Smooth Turns & Stability | Cube Toy for 6-10 Years Old Boys Girls Adults,B0F18TBS19,cubelelo,0300 Games & Puzzles,0330 Brainteasers,Toy,1030604,AMAZON_IN,11613,418,3.5994%,2684.44,45,20136.25,46,59.65422,0.3875%,7.50110,33,16682.90,33,81.34667,0.2842%,6.21467,12,3453.35,13,,,,,,,,,
INR,"Jun 01, 2026 - Jun 30, 2026","=""amzn1.ads-account.g.a5og6bnunpn8m911rke7gdql""",Cubelelo,162147707583156,BA - Branded - Cubelelo,"=""396531688533510""",BA - SP PT - Magnetic Cube - Brand - ST,"=""393022607656219""",Magnetic Cube_ST,B0DRVQVFJB,Cubelelo Drift 3M v3 3x3 Magnetic Speedcube (Standard) | Latest Version with New & Improved Internal Structure for Smooth Turns & Stability | Cube Toy for 6-10 Years Old Boys Girls Adults,B0F18TBS19,cubelelo,0300 Games & Puzzles,0330 Brainteasers,Toy,1030604,AMAZON_IN,1332,9,0.6757%,54.46,1,475.24,1,54.46000,0.0751%,8.72641,1,475.24,1,54.46000,0.0751%,8.72641,0,0.00,0,,,,,,,,,
INR,"Jun 01, 2026 - Jun 30, 2026","=""amzn1.ads-account.g.a5og6bnunpn8m911rke7gdql""",Cubelelo,279431566595154,Paused SB Campaigns - Old,"=""342892756369405""",BA_SBV_KT_3x3 Cube Generic _Magnetic_Phrase_4/24,"=""367878248809390""",Magnetic Cube 3x3,B0DRVQVFJB,Cubelelo Drift 3M v3 3x3 Magnetic Speedcube (Standard) | Latest Version with New & Improved Internal Structure for Smooth Turns & Stability | Cube Toy for 6-10 Years Old Boys Girls Adults,B0F18TBS19,cubelelo,0300 Games & Puzzles,0330 Brainteasers,Toy,,AMAZON_IN,7095,48,0.6765%,463.13,2,626.67,2,231.56500,0.0282%,1.35312,1,475.24,1,463.13000,0.0141%,1.02615,1,151.43,1,2,626.67,2,231.56500,0.0282%,1.35312,109,4.24890,1.5363%
INR,"Jun 01, 2026 - Jun 30, 2026","=""amzn1.ads-account.g.a5og6bnunpn8m911rke7gdql""",Cubelelo,108066094626813,BA - Generic - Extremely High Volume,"=""495997417400177""",SP-KT - Generic - Open - 'Rubix Cube' - SKAG - High Volume - Exact,"=""536771283942162""",Generic - Open Searches - High Volume SKAG,B0DRVQVFJB,Cubelelo Drift 3M v3 3x3 Magnetic Speedcube (Standard) | Latest Version with New & Improved Internal Structure for Smooth Turns & Stability | Cube Toy for 6-10 Years Old Boys Girls Adults,B0F18TBS19,cubelelo,0300 Games & Puzzles,0330 Brainteasers,Toy,1030604,AMAZON_IN,9741,469,4.8147%,3827.33,70,29714.39,71,54.67614,0.7186%,7.76374,47,22689.60,47,81.43255,0.4825%,5.92831,23,7024.79,24,,,,,,,,,
INR,"Jun 01, 2026 - Jun 30, 2026","=""amzn1.ads-account.g.a5og6bnunpn8m911rke7gdql""",Cubelelo,162147707583156,BA - Branded - Cubelelo,"=""329970929951347""",SP-KT - Branded - Cubelelo - Mid & Low Volume - Exact & Phrase - UND,"=""466745020882275""",Magnetic - 3x3,B0DRVQVFJB,Cubelelo Drift 3M v3 3x3 Magnetic Speedcube (Standard) | Latest Version with New & Improved Internal Structure for Smooth Turns & Stability | Cube Toy for 6-10 Years Old Boys Girls Adults,B0F18TBS19,cubelelo,0300 Games & Puzzles,0330 Brainteasers,Toy,1030604,AMAZON_IN,286,22,7.6923%,191.26,0,0.00,0,,0.0000%,0.00000,0,0.00,0,,0.0000%,0.00000,0,0.00,0,,,,,,,,,
INR,"Jun 01, 2026 - Jun 30, 2026","=""amzn1.ads-account.g.a5og6bnunpn8m911rke7gdql""",Cubelelo,279942205262904,BA - Generic - Mid & Low Volume,"=""369883644681767""","SP-KT - Magnetic - Open, 2x2, 4x4, 5x5 - High Volume - Exact & Phrase","=""555858234006967""",Magnetic - Open - Mid & Low Volume,B0DRVQVFJB,Cubelelo Drift 3M v3 3x3 Magnetic Speedcube (Standard) | Latest Version with New & Improved Internal Structure for Smooth Turns & Stability | Cube Toy for 6-10 Years Old Boys Girls Adults,B0F18TBS19,cubelelo,0300 Games & Puzzles,0330 Brainteasers,Toy,1030604,AMAZON_IN,5117,442,8.6379%,2376.10,47,21993.41,47,50.55532,0.9185%,9.25610,43,20273.41,43,55.25814,0.8403%,8.53222,4,1720.00,4,,,,,,,,,
INR,"Jun 01, 2026 - Jun 30, 2026","=""amzn1.ads-account.g.a5og6bnunpn8m911rke7gdql""",Cubelelo,279942205262904,BA - Generic - Mid & Low Volume,"=""512597066162542""",SP-KT - Magnetic - 3x3 - Mid & Low Volume - Exact & Phrase - DO,"=""405975184325655""",Phrase - Magnetic - 3x3 - Mid & Low Volume,B0DRVQVFJB,Cubelelo Drift 3M v3 3x3 Magnetic Speedcube (Standard) | Latest Version with New & Improved Internal Structure for Smooth Turns & Stability | Cube Toy for 6-10 Years Old Boys Girls Adults,B0F18TBS19,cubelelo,0300 Games & Puzzles,0330 Brainteasers,Toy,1030604,AMAZON_IN,15751,838,5.3203%,4942.55,106,54210.61,107,46.62783,0.6730%,10.96815,93,45675.38,93,53.14570,0.5904%,9.24126,13,8535.23,14,,,,,,,,,
INR,"Jun 01, 2026 - Jun 30, 2026","=""amzn1.ads-account.g.a5og6bnunpn8m911rke7gdql""",Cubelelo,108066094626813,BA - Generic - Extremely High Volume,"=""401436515512721""",SP-KT - Magnetic - 'Rubix Cube 3x3 Magnetic' - SKAG - High Volume - Exact,"=""342743977581960""",Generic - High Volume SKAG,B0DJQWJFSX,Cubelelo Drift 3M Plus v2 3x3 (Magnetic) (New Upgraded Version) | Based on MoYu RS3M v5 | Dual-Adjustment System | Speedcube for Kids & Adults | Magic Speedy Stress Buster Brainstorming Puzzle,B0DP31B4Y4,cubelelo,0300 Games & Puzzles,0307 Non-wooden Puzzles,Toy,1030651,AMAZON_IN,151490,681,0.4495%,8205.03,67,43080.81,69,122.46313,0.0442%,5.25054,53,36519.86,54,154.81189,0.0350%,4.45091,14,6560.95,15,,,,,,,,,
INR,"Jun 01, 2026 - Jun 30, 2026","=""amzn1.ads-account.g.a5og6bnunpn8m911rke7gdql""",Cubelelo,279942205262904,BA - Generic - Mid & Low Volume,"=""285784532724588""",SP-KT - Generic - Open - Cube - Mid & Low Volume - Exact & Phrase,"=""479419335051851""",Phrase - Generic - Open Searches - Mid & Low Volume,B0DRVQVFJB,Cubelelo Drift 3M v3 3x3 Magnetic Speedcube (Standard) | Latest Version with New & Improved Internal Structure for Smooth Turns & Stability | Cube Toy for 6-10 Years Old Boys Girls Adults,B0F18TBS19,cubelelo,0300 Games & Puzzles,0330 Brainteasers,Toy,1030604,AMAZON_IN,8782,369,4.2018%,2467.55,31,12607.67,33,79.59839,0.3530%,5.10939,22,10360.04,23,112.16136,0.2505%,4.19851,9,2247.63,10,,,,,,,,,
INR,"Jun 01, 2026 - Jun 30, 2026","=""amzn1.ads-account.g.a5og6bnunpn8m911rke7gdql""",Cubelelo,279942205262904,BA - Generic - Mid & Low Volume,"=""334559235709808""",SP-KT - Generic - 3x3 - Mid & Low Volume - Exact & Phrase - UND,"=""412851408598744""",Generic - 3x3 - Mid & Low Volume,B0DRVQVFJB,Cubelelo Drift 3M v3 3x3 Magnetic Speedcube (Standard) | Latest Version with New & Improved Internal Structure for Smooth Turns & Stability | Cube Toy for 6-10 Years Old Boys Girls Adults,B0F18TBS19,cubelelo,0300 Games & Puzzles,0330 Brainteasers,Toy,1030604,AMAZON_IN,176851,2236,1.2643%,17322.49,291,122990.79,295,59.52746,0.1645%,7.10006,200,98762.15,203,86.61245,0.1131%,5.70138,91,24228.64,92,,,,,,,,,
INR,"Jun 01, 2026 - Jun 30, 2026","=""amzn1.ads-account.g.a5og6bnunpn8m911rke7gdql""",Cubelelo,279942205262904,BA - Generic - Mid & Low Volume,"=""512597066162542""",SP-KT - Magnetic - 3x3 - Mid & Low Volume - Exact & Phrase - DO,"=""357712340082511""",Magnetic - 3x3 - Mid & Low Volume,B0DRVQVFJB,Cubelelo Drift 3M v3 3x3 Magnetic Speedcube (Standard) | Latest Version with New & Improved Internal Structure for Smooth Turns & Stability | Cube Toy for 6-10 Years Old Boys Girls Adults,B0F18TBS19,cubelelo,0300 Games & Puzzles,0330 Brainteasers,Toy,1030604,AMAZON_IN,40354,1373,3.4024%,8066.61,142,62996.38,143,56.80711,0.3519%,7.80952,128,60123.03,129,63.02039,0.3172%,7.45332,14,2873.35,14,,,,,,,,,
INR,"Jun 01, 2026 - Jun 30, 2026","=""amzn1.ads-account.g.a5og6bnunpn8m911rke7gdql""",Cubelelo,162147707583156,BA - Branded - Cubelelo,"=""329970929951347""",SP-KT - Branded - Cubelelo - Mid & Low Volume - Exact & Phrase - UND,"=""298700263606024""",Branded,B0DRVQVFJB,Cubelelo Drift 3M v3 3x3 Magnetic Speedcube (Standard) | Latest Version with New & Improved Internal Structure for Smooth Turns & Stability | Cube Toy for 6-10 Years Old Boys Girls Adults,B0F18TBS19,cubelelo,0300 Games & Puzzles,0330 Brainteasers,Toy,1030604,AMAZON_IN,4204,151,3.5918%,701.70,17,7946.68,17,41.27647,0.4044%,11.32490,14,7415.25,14,50.12143,0.3330%,10.56755,3,531.43,3,,,,,,,,,
INR,"Jun 01, 2026 - Jun 30, 2026","=""amzn1.ads-account.g.a5og6bnunpn8m911rke7gdql""",Cubelelo,162147707583156,BA - Branded - Cubelelo,"=""329970929951347""",SP-KT - Branded - Cubelelo - Mid & Low Volume - Exact & Phrase - UND,"=""479460967599506""",Branded - 3x3,B0DRVQVFJB,Cubelelo Drift 3M v3 3x3 Magnetic Speedcube (Standard) | Latest Version with New & Improved Internal Structure for Smooth Turns & Stability | Cube Toy for 6-10 Years Old Boys Girls Adults,B0F18TBS19,cubelelo,0300 Games & Puzzles,0330 Brainteasers,Toy,1030604,AMAZON_IN,2487,101,4.0611%,363.19,16,8240.95,17,22.69938,0.6433%,22.69047,10,7199.04,11,36.31900,0.4021%,19.82169,6,1041.91,6,,,,,,,,,
INR,"Jun 01, 2026 - Jun 30, 2026","=""amzn1.ads-account.g.a5og6bnunpn8m911rke7gdql""",Cubelelo,63272072822448,Old - Speed Cube Campaigns All,"=""495291247543690""",BA_SP_KT_Speed cube 3x3_Generic_Phrase_09/23,"=""533767985616784""",Speed cube 3x3,B0DRVQVFJB,Cubelelo Drift 3M v3 3x3 Magnetic Speedcube (Standard) | Latest Version with New & Improved Internal Structure for Smooth Turns & Stability | Cube Toy for 6-10 Years Old Boys Girls Adults,B0F18TBS19,cubelelo,0300 Games & Puzzles,0330 Brainteasers,Toy,1030604,AMAZON_IN,6572,302,4.5953%,1823.58,50,22258.15,51,36.47160,0.7608%,12.20574,45,20054.34,45,40.52400,0.6847%,10.99724,5,2203.81,6,,,,,,,,,
INR,"Jun 01, 2026 - Jun 30, 2026","=""amzn1.ads-account.g.a5og6bnunpn8m911rke7gdql""",Cubelelo,108066094626813,BA - Generic - Extremely High Volume,"=""484046863276712""",SP-KT - Generic - Open - 'Rubik's Cube' - SKAG - High Volume - Exact,"=""514344038519157""",Generic - Open Searches - High Volume SKAG,B0DRVQVFJB,Cubelelo Drift 3M v3 3x3 Magnetic Speedcube (Standard) | Latest Version with New & Improved Internal Structure for Smooth Turns & Stability | Cube Toy for 6-10 Years Old Boys Girls Adults,B0F18TBS19,cubelelo,0300 Games & Puzzles,0330 Brainteasers,Toy,1030604,AMAZON_IN,39402,1253,3.1800%,13256.66,157,57225.00,160,84.43732,0.3985%,4.31670,79,37374.41,79,167.80582,0.2005%,2.81929,78,19850.59,81,,,,,,,,,
INR,"Jun 01, 2026 - Jun 30, 2026","=""amzn1.ads-account.g.a5og6bnunpn8m911rke7gdql""",Cubelelo,153505421940411,BA - Competition - Moyu,"=""508041836775444""",SP-KT - Comp - Moyu - Generic - High Volume - Exact,"=""314697139428353""",Moyu - Generic - High Volume,B0DJQWJFSX,Cubelelo Drift 3M Plus v2 3x3 (Magnetic) (New Upgraded Version) | Based on MoYu RS3M v5 | Dual-Adjustment System | Speedcube for Kids & Adults | Magic Speedy Stress Buster Brainstorming Puzzle,B0DP31B4Y4,cubelelo,0300 Games & Puzzles,0307 Non-wooden Puzzles,Toy,1030651,AMAZON_IN,7135,62,0.8690%,280.58,7,4193.31,7,40.08286,0.0981%,14.94515,6,3994.26,6,46.76333,0.0841%,14.23573,1,199.05,1,,,,,,,,,
INR,"Jun 01, 2026 - Jun 25, 2026","=""amzn1.ads-account.g.a5og6bnunpn8m911rke7gdql""",Cubelelo,279942205262904,BA - Generic - Mid & Low Volume,"=""405383753413943""","SP-KT - Lube Combo, Magic, Pyraminx, Skewb, Stand, Timer, Gear - Open - Mid & Low Volume - Exact & Phrase","=""515672683970502""",Magic - Mid & Low Volume - Exact & Phrase,B0DRVQVFJB,Cubelelo Drift 3M v3 3x3 Magnetic Speedcube (Standard) | Latest Version with New & Improved Internal Structure for Smooth Turns & Stability | Cube Toy for 6-10 Years Old Boys Girls Adults,B0F18TBS19,cubelelo,0300 Games & Puzzles,0330 Brainteasers,Toy,1030604,AMAZON_IN,2,1,50.0000%,3.36,0,0.00,0,,0.0000%,0.00000,0,0.00,0,,0.0000%,0.00000,0,0.00,0,,,,,,,,,
INR,"Jun 01, 2026 - Jun 30, 2026","=""amzn1.ads-account.g.a5og6bnunpn8m911rke7gdql""",Cubelelo,108066094626813,BA - Generic - Extremely High Volume,"=""353368777045800""",SP-KT - Generic - 3x3 - 'Rubik's Cube 3x3 Speed Cube' - SKAG - High Volume - Exact - UND,"=""333014230375447""",Generic - 3x3 - High Volume SKAG,B0DRVQVFJB,Cubelelo Drift 3M v3 3x3 Magnetic Speedcube (Standard) | Latest Version with New & Improved Internal Structure for Smooth Turns & Stability | Cube Toy for 6-10 Years Old Boys Girls Adults,B0F18TBS19,cubelelo,0300 Games & Puzzles,0330 Brainteasers,Toy,1030604,AMAZON_IN,183225,2232,1.2182%,16547.56,263,115768.89,275,62.91848,0.1435%,6.99613,174,85844.02,177,95.10092,0.0950%,5.18772,89,29924.87,98,,,,,,,,,
INR,"Jun 01, 2026 - Jun 30, 2026","=""amzn1.ads-account.g.a5og6bnunpn8m911rke7gdql""",Cubelelo,279942205262904,BA - Generic - Mid & Low Volume,"=""334559235709808""",SP-KT - Generic - 3x3 - Mid & Low Volume - Exact & Phrase - UND,"=""363319492631962""",Phrase - Generic - 3x3 - Mid & Low Volume,B0DRVQVFJB,Cubelelo Drift 3M v3 3x3 Magnetic Speedcube (Standard) | Latest Version with New & Improved Internal Structure for Smooth Turns & Stability | Cube Toy for 6-10 Years Old Boys Girls Adults,B0F18TBS19,cubelelo,0300 Games & Puzzles,0330 Brainteasers,Toy,1030604,AMAZON_IN,37211,1008,2.7089%,7940.10,117,54315.41,119,67.86410,0.3144%,6.84065,95,46860.16,97,83.58000,0.2553%,5.90171,22,7455.25,22,,,,,,,,,
INR,"Jun 01, 2026 - Jun 30, 2026","=""amzn1.ads-account.g.a5og6bnunpn8m911rke7gdql""",Cubelelo,108066094626813,BA - Generic - Extremely High Volume,"=""401436515512721""",SP-KT - Magnetic - 'Rubix Cube 3x3 Magnetic' - SKAG - High Volume - Exact,"=""342743977581960""",Generic - High Volume SKAG,B0DRVQVFJB,Cubelelo Drift 3M v3 3x3 Magnetic Speedcube (Standard) | Latest Version with New & Improved Internal Structure for Smooth Turns & Stability | Cube Toy for 6-10 Years Old Boys Girls Adults,B0F18TBS19,cubelelo,0300 Games & Puzzles,0330 Brainteasers,Toy,1030604,AMAZON_IN,17768,629,3.5401%,4049.30,106,42768.74,108,38.20094,0.5966%,10.56201,74,35263.94,76,54.72027,0.4165%,8.70865,32,7504.80,32,,,,,,,,,
INR,"Jun 01, 2026 - Jun 30, 2026","=""amzn1.ads-account.g.a5og6bnunpn8m911rke7gdql""",Cubelelo,152274827442004,BA - Competition - D Eternal,"=""327219448958152""",SP-PT - Comp - Hawkister - High Volume - Exact,"=""521889920077913""",PT - Hawkister No.5,B0DRVQVFJB,Cubelelo Drift 3M v3 3x3 Magnetic Speedcube (Standard) | Latest Version with New & Improved Internal Structure for Smooth Turns & Stability | Cube Toy for 6-10 Years Old Boys Girls Adults,B0F18TBS19,cubelelo,0300 Games & Puzzles,0330 Brainteasers,Toy,1030604,AMAZON_IN,10688,771,7.2137%,6340.29,80,43448.66,80,79.25363,0.7485%,6.85279,67,32508.66,67,94.63119,0.6269%,5.12731,13,10940.00,13,,,,,,,,,
INR,"Jun 01, 2026 - Jun 30, 2026","=""amzn1.ads-account.g.a5og6bnunpn8m911rke7gdql""",Cubelelo,162147707583156,BA - Branded - Cubelelo,"=""329970929951347""",SP-KT - Branded - Cubelelo - Mid & Low Volume - Exact & Phrase - UND,"=""526301691836211""",Branded - 3x3 - Phrase,B0DRVQVFJB,Cubelelo Drift 3M v3 3x3 Magnetic Speedcube (Standard) | Latest Version with New & Improved Internal Structure for Smooth Turns & Stability | Cube Toy for 6-10 Years Old Boys Girls Adults,B0F18TBS19,cubelelo,0300 Games & Puzzles,0330 Brainteasers,Toy,1030604,AMAZON_IN,7454,532,7.1371%,1683.69,95,45000.14,98,17.72305,1.2745%,26.72709,80,39893.45,83,21.04613,1.0732%,23.69406,15,5106.69,15,,,,,,,,,
INR,"Jun 01, 2026 - Jun 30, 2026","=""amzn1.ads-account.g.a5og6bnunpn8m911rke7gdql""",Cubelelo,279942205262904,BA - Generic - Mid & Low Volume,"=""369883644681767""","SP-KT - Magnetic - Open, 2x2, 4x4, 5x5 - High Volume - Exact & Phrase","=""475526629790872""",Phrase - Magnetic - Open - Mid & Low Volume,B0DRVQVFJB,Cubelelo Drift 3M v3 3x3 Magnetic Speedcube (Standard) | Latest Version with New & Improved Internal Structure for Smooth Turns & Stability | Cube Toy for 6-10 Years Old Boys Girls Adults,B0F18TBS19,cubelelo,0300 Games & Puzzles,0330 Brainteasers,Toy,1030604,AMAZON_IN,30851,894,2.8978%,5963.79,78,36750.59,78,76.45885,0.2528%,6.16229,72,35465.82,72,82.83042,0.2334%,5.94686,6,1284.77,6,,,,,,,,,
INR,"Jun 01, 2026 - Jun 30, 2026","=""amzn1.ads-account.g.a5og6bnunpn8m911rke7gdql""",Cubelelo,207487404658099,BA - Competition - Qiyi,"=""302880384926419""",SP-KT - Comp - Qiyi - Generic - Mid & Low Volume - Exact & Phrase,"=""346372267338017""",Qiyi - Tornado - Mid & Low Volume,B0DJQWJFSX,Cubelelo Drift 3M Plus v2 3x3 (Magnetic) (New Upgraded Version) | Based on MoYu RS3M v5 | Dual-Adjustment System | Speedcube for Kids & Adults | Magic Speedy Stress Buster Brainstorming Puzzle,B0DP31B4Y4,cubelelo,0300 Games & Puzzles,0307 Non-wooden Puzzles,Toy,1030651,AMAZON_IN,121,0,0.0000%,0.00,0,0.00,0,,0.0000%,,0,0.00,0,,0.0000%,,0,0.00,0,,,,,,,,,
INR,"Jun 01, 2026 - Jun 30, 2026","=""amzn1.ads-account.g.a5og6bnunpn8m911rke7gdql""",Cubelelo,162147707583156,BA - Branded - Cubelelo,"=""408832603271930""",BA_SP_KT_Brand Drift (3x3)_Phrase_09/23,"=""462288077097605""",Brand Drift (3x3),B0DRVQVFJB,Cubelelo Drift 3M v3 3x3 Magnetic Speedcube (Standard) | Latest Version with New & Improved Internal Structure for Smooth Turns & Stability | Cube Toy for 6-10 Years Old Boys Girls Adults,B0F18TBS19,cubelelo,0300 Games & Puzzles,0330 Brainteasers,Toy,1030604,AMAZON_IN,509,59,11.5914%,261.41,9,3600.96,9,29.04556,1.7682%,13.77514,6,2851.44,6,43.56833,1.1788%,10.90792,3,749.52,3,,,,,,,,,
INR,"Jun 01, 2026 - Jun 30, 2026","=""amzn1.ads-account.g.a5og6bnunpn8m911rke7gdql""",Cubelelo,108066094626813,BA - Generic - Extremely High Volume,"=""440555788438461""",SP-KT - Generic - Drift 3M v3 3X3 - High Vol - Exact,"=""506251473997246""",Drift 3M v3 3X3,B0DRVQVFJB,Cubelelo Drift 3M v3 3x3 Magnetic Speedcube (Standard) | Latest Version with New & Improved Internal Structure for Smooth Turns & Stability | Cube Toy for 6-10 Years Old Boys Girls Adults,B0F18TBS19,cubelelo,0300 Games & Puzzles,0330 Brainteasers,Toy,1030604,AMAZON_IN,11805,587,4.9725%,3402.33,76,34530.60,76,44.76750,0.6438%,10.14910,69,31365.84,69,49.30913,0.5845%,9.21893,7,3164.76,7,,,,,,,,,
INR,"Jun 01, 2026 - Jun 30, 2026","=""amzn1.ads-account.g.a5og6bnunpn8m911rke7gdql""",Cubelelo,162147707583156,BA - Branded - Cubelelo,"=""433317578586761""",SP-KT - Branded - Cubelelo - High Volume - Exact,"=""332121459254132""",Branded - SKAG,B0DRVQVFJB,Cubelelo Drift 3M v3 3x3 Magnetic Speedcube (Standard) | Latest Version with New & Improved Internal Structure for Smooth Turns & Stability | Cube Toy for 6-10 Years Old Boys Girls Adults,B0F18TBS19,cubelelo,0300 Games & Puzzles,0330 Brainteasers,Toy,1030604,AMAZON_IN,7387,171,2.3149%,1155.15,19,8467.64,19,60.79737,0.2572%,7.33034,16,7794.31,16,72.19688,0.2166%,6.74744,3,673.33,3,,,,,,,,,
INR,"Jun 01, 2026 - Jun 30, 2026","=""amzn1.ads-account.g.a5og6bnunpn8m911rke7gdql""",Cubelelo,108066094626813,BA - Generic - Extremely High Volume,"=""442384136510181""","SP-KT - Generic - 3x3 - 'Cube, Cube Puzzle, Cube 33, Rubik's Cube 3x3',rubik's cube 3x3 speed cube - High Volume - Exact","=""368381636014986""",Generic - 3x3 - High Volume SKAG,B0DRVQVFJB,Cubelelo Drift 3M v3 3x3 Magnetic Speedcube (Standard) | Latest Version with New & Improved Internal Structure for Smooth Turns & Stability | Cube Toy for 6-10 Years Old Boys Girls Adults,B0F18TBS19,cubelelo,0300 Games & Puzzles,0330 Brainteasers,Toy,1030604,AMAZON_IN,3526,130,3.6869%,793.18,10,3820.01,10,79.31800,0.2836%,4.81607,8,3517.15,8,99.14750,0.2269%,4.43424,2,302.86,2,,,,,,,,,
INR,"Jun 01, 2026 - Jun 30, 2026","=""amzn1.ads-account.g.a5og6bnunpn8m911rke7gdql""",Cubelelo,279942205262904,BA - Generic - Mid & Low Volume,"=""490754366018145""",SP-KT - Gen Copy - 3M (V3) - Exact,"=""305829632229148""",3M (V3),B0DRVQVFJB,Cubelelo Drift 3M v3 3x3 Magnetic Speedcube (Standard) | Latest Version with New & Improved Internal Structure for Smooth Turns & Stability | Cube Toy for 6-10 Years Old Boys Girls Adults,B0F18TBS19,cubelelo,0300 Games & Puzzles,0330 Brainteasers,Toy,1030604,AMAZON_IN,19949,822,4.1205%,5945.34,98,39480.17,110,60.66673,0.4913%,6.64052,60,28514.40,61,99.08900,0.3008%,4.79609,38,10965.77,49,,,,,,,,,
INR,"Jun 01, 2026 - Jun 30, 2026","=""amzn1.ads-account.g.a5og6bnunpn8m911rke7gdql""",Cubelelo,44034571834589,BA - SD Campaigns,"=""403022595429362""",BA_SD_Category Targeting_VR_All Products_5/24,"=""483093739067840""",VR,B0DRVQVFJB,Cubelelo Drift 3M v3 3x3 Magnetic Speedcube (Standard) | Latest Version with New & Improved Internal Structure for Smooth Turns & Stability | Cube Toy for 6-10 Years Old Boys Girls Adults,B0F18TBS19,cubelelo,0300 Games & Puzzles,0330 Brainteasers,Toy,1030604,AMAZON_IN,735580,1888,0.2567%,11010.70,60,23206.75,60,183.51167,0.0082%,2.10765,34,15682.92,34,323.84412,0.0046%,1.42434,26,7523.83,26,40,15333.40,40,275.26750,0.0054%,1.39259,3842,2.86588,0.5223%
INR,"Jun 01, 2026 - Jun 30, 2026","=""amzn1.ads-account.g.a5og6bnunpn8m911rke7gdql""",Cubelelo,279942205262904,BA - Generic - Mid & Low Volume,"=""560766968003680""","SP-KT - Mirror, Infinity & Combo - Open - Mid & Low Volume - Exact & Phrase - UND","=""432237711542454""",Phrase - Infinity - Mid & Low Volume,B0CW1R5ZBW,Cubelelo Drift Infinity Cube Combo (Pack of 2 - Blue & Green) | Stress Relief Fidget Toy for Focus & Anxiety Reduction | Portable Pocket-Sized Desk Gadget for All Age,B0CWH1ZVTQ,cubelelo,0300 Games & Puzzles,0307 Non-wooden Puzzles,Toy,CLB0214,AMAZON_IN,3141,24,0.7641%,138.01,2,569.52,2,69.00500,0.0637%,4.12666,2,569.52,2,69.00500,0.0637%,4.12666,0,0.00,0,,,,,,,,,
INR,"Jun 27, 2026 - Jun 28, 2026","=""amzn1.ads-account.g.a5og6bnunpn8m911rke7gdql""",Cubelelo,108066094626813,BA - Generic - Extremely High Volume,"=""345506724788622""","SP-KT - Mirror, Infinity & Combo - Open - High Volume - Exact","=""341121035831717""",Infinity - High Volume SKAG,B0CW1R5ZBW,Cubelelo Drift Infinity Cube Combo (Pack of 2 - Blue & Green) | Stress Relief Fidget Toy for Focus & Anxiety Reduction | Portable Pocket-Sized Desk Gadget for All Age,B0CWH1ZVTQ,cubelelo,0300 Games & Puzzles,0307 Non-wooden Puzzles,Toy,CLB0214,AMAZON_IN,2,0,0.0000%,0.00,0,0.00,0,,0.0000%,,0,0.00,0,,0.0000%,,0,0.00,0,,,,,,,,,
INR,"Jun 22, 2026 - Jun 30, 2026","=""amzn1.ads-account.g.a5og6bnunpn8m911rke7gdql""",Cubelelo,14896671318530,BA - Tinker Box,"=""178894007177834""",BA - SP - Auto - Tinker Box - 0-2 Years - DO,"=""524300284583215""",Tinker Box,B0GHFBWCWF,TinkerBox Balancing Ring | 15+ Months | Montessori Wooden Stacking & Balancing Toy for Kids | Motor Skills & Focus Development | Safe Educational Toy,-1,Tinker Box,0300 Games & Puzzles,0304 Children's Games,Toy,TB07002,AMAZON_IN,517,3,0.5803%,15.54,0,0.00,0,,0.0000%,0.00000,0,0.00,0,,0.0000%,0.00000,0,0.00,0,,,,,,,,,
INR,"Jun 01, 2026 - Jun 30, 2026","=""amzn1.ads-account.g.a5og6bnunpn8m911rke7gdql""",Cubelelo,14896671318530,BA - Tinker Box,"=""178894007177834""",BA - SP - Auto - Tinker Box - 0-2 Years - DO,"=""524300284583215""",Tinker Box,B0FQWC765C,TinkerBox Fabric Winder | 18+ Months | Montessori Wooden Fine Motor Toy for Toddlers & Kids | Interactive Play Toy for Hand-Eye Coordination & Focus | Safe & Durable Learning Toy,-1,Tinker Box,0600 Infants/Preschool,0627 All Other Infant Toys,Toy,TB08002,AMAZON_IN,18855,75,0.3978%,501.88,0,0.00,0,,0.0000%,0.00000,0,0.00,0,,0.0000%,0.00000,0,0.00,0,,,,,,,,,
INR,"Jun 01, 2026 - Jun 30, 2026","=""amzn1.ads-account.g.a5og6bnunpn8m911rke7gdql""",Cubelelo,279942205262904,BA - Generic - Mid & Low Volume,"=""315451570129574""","SP-KT - Maglev, Mastermorphix, Puppet, Snake, Square1, Megaminx - Open - Mid & Low Volume - Exact & Phrase - UND","=""391120880267490""",Unique - Mid & Low Volume - Exact & Phrase,B09BZMB4RT,Cubelelo Drift Square-1 Stickerless Cube Puzzle for Kids & Adults Speedy Stress Buster Brainstorming Cube,B0CXPWRSTW,cubelelo,0300 Games & Puzzles,0307 Non-wooden Puzzles,Toy,1150100,AMAZON_IN,3648,46,1.2610%,272.36,1,570.48,1,272.36000,0.0274%,2.09458,1,570.48,1,272.36000,0.0274%,2.09458,0,0.00,0,,,,,,,,,
INR,"Jun 10, 2026 - Jun 30, 2026","=""amzn1.ads-account.g.a5og6bnunpn8m911rke7gdql""",Cubelelo,279942205262904,BA - Generic - Mid & Low Volume,"=""315451570129574""","SP-KT - Maglev, Mastermorphix, Puppet, Snake, Square1, Megaminx - Open - Mid & Low Volume - Exact & Phrase - UND","=""303147424457131""",Square1 - Mid & Low Volume - Exact & Phrase,B09BZMB4RT,Cubelelo Drift Square-1 Stickerless Cube Puzzle for Kids & Adults Speedy Stress Buster Brainstorming Cube,B0CXPWRSTW,cubelelo,0300 Games & Puzzles,0307 Non-wooden Puzzles,Toy,1150100,AMAZON_IN,13739,119,0.8661%,974.60,15,7480.98,15,64.97333,0.1092%,7.67595,11,5646.69,11,88.60000,0.0801%,5.79385,4,1834.29,4,,,,,,,,,
INR,"Jun 19, 2026 - Jun 30, 2026","=""amzn1.ads-account.g.a5og6bnunpn8m911rke7gdql""",Cubelelo,106276615587889,BA - Wooden Toys,"=""510524170392482""",SP-KT - Wooden - Generic - Tinker Box - High Volume - Exact,"=""347906997321971""",Tinker Box,B0FF2FSJ7P,"TinkerBox Wooden My First Tool Kit with Storage Box | Toys for Kids 6-10 Year Old Boys and Girls | Premium 34-Piece Pretend Play Set | Realistic Tools for Learning, Education & Skill Develpoment",-1,Tinker Box,0600 Infants/Preschool,0625 Preschool Role Playing,Toy,TB00001,AMAZON_IN,76681,360,0.4695%,3252.48,3,3006.67,3,1084.16000,0.0039%,0.92442,2,2855.24,2,1626.24000,0.0026%,0.87787,1,151.43,1,,,,,,,,,
INR,"Jun 01, 2026 - Jun 30, 2026","=""amzn1.ads-account.g.a5og6bnunpn8m911rke7gdql""",Cubelelo,14896671318530,BA - Tinker Box,"=""509123046817028""",SP-KT - Generic - Tinker Box - Tool Box - Mid & Low Vol - Exact,"=""377988893378649""",Tool Box - Tool kit,B0FF2FSJ7P,"TinkerBox Wooden My First Tool Kit with Storage Box | Toys for Kids 6-10 Year Old Boys and Girls | Premium 34-Piece Pretend Play Set | Realistic Tools for Learning, Education & Skill Develpoment",-1,Tinker Box,0600 Infants/Preschool,0625 Preschool Role Playing,Toy,TB00001,AMAZON_IN,19433,241,1.2402%,1539.41,13,17131.44,13,118.41615,0.0669%,11.12858,13,17131.44,13,118.41615,0.0669%,11.12858,0,0.00,0,,,,,,,,,
INR,"Jun 22, 2026 - Jun 30, 2026","=""amzn1.ads-account.g.a5og6bnunpn8m911rke7gdql""",Cubelelo,14896671318530,BA - Tinker Box,"=""178894007177834""",BA - SP - Auto - Tinker Box - 0-2 Years - DO,"=""524300284583215""",Tinker Box,B0FF2FSJ7P,"TinkerBox Wooden My First Tool Kit with Storage Box | Toys for Kids 6-10 Year Old Boys and Girls | Premium 34-Piece Pretend Play Set | Realistic Tools for Learning, Education & Skill Develpoment",-1,Tinker Box,0600 Infants/Preschool,0625 Preschool Role Playing,Toy,TB00001,AMAZON_IN,43723,381,0.8714%,3020.29,10,14466.68,10,302.02900,0.0229%,4.78983,10,14466.68,10,302.02900,0.0229%,4.78983,0,0.00,0,,,,,,,,,
INR,"Jun 19, 2026 - Jun 30, 2026","=""amzn1.ads-account.g.a5og6bnunpn8m911rke7gdql""",Cubelelo,106276615587889,BA - Wooden Toys,"=""411167871519559""",SP-Auto - Tinker Box,"=""398109748865243""",Tinker box,B0FF2FSJ7P,"TinkerBox Wooden My First Tool Kit with Storage Box | Toys for Kids 6-10 Year Old Boys and Girls | Premium 34-Piece Pretend Play Set | Realistic Tools for Learning, Education & Skill Develpoment",-1,Tinker Box,0600 Infants/Preschool,0625 Preschool Role Playing,Toy,TB00001,AMAZON_IN,30985,378,1.2199%,4833.08,6,9992.39,7,805.51333,0.0194%,2.06750,6,9992.39,7,805.51333,0.0194%,2.06750,0,0.00,0,,,,,,,,,
INR,"Jun 01, 2026 - Jun 30, 2026","=""amzn1.ads-account.g.a5og6bnunpn8m911rke7gdql""",Cubelelo,14896671318530,BA - Tinker Box,"=""389668677012522""",SP-PT - Comp - Tinker Box - Tool kit - Best Selling - Exact,"=""409333676903167""",Tinker Box - Tool Kit,B0FF2FSJ7P,"TinkerBox Wooden My First Tool Kit with Storage Box | Toys for Kids 6-10 Year Old Boys and Girls | Premium 34-Piece Pretend Play Set | Realistic Tools for Learning, Education & Skill Develpoment",-1,Tinker Box,0600 Infants/Preschool,0625 Preschool Role Playing,Toy,TB00001,AMAZON_IN,13876,113,0.8144%,712.10,6,8565.72,6,118.68333,0.0432%,12.02882,6,8565.72,6,118.68333,0.0432%,12.02882,0,0.00,0,,,,,,,,,
INR,"Jun 01, 2026 - Jun 30, 2026","=""amzn1.ads-account.g.a5og6bnunpn8m911rke7gdql""",Cubelelo,14896671318530,BA - Tinker Box,"=""433539719600289""","SP-CT - Tinker Box - Tool Kit,Stack & Balance Human Tower & Toy Train Set","=""402888695883507""",Tool Kit,B0FF2FSJ7P,"TinkerBox Wooden My First Tool Kit with Storage Box | Toys for Kids 6-10 Year Old Boys and Girls | Premium 34-Piece Pretend Play Set | Realistic Tools for Learning, Education & Skill Develpoment",-1,Tinker Box,0600 Infants/Preschool,0625 Preschool Role Playing,Toy,TB00001,AMAZON_IN,24057,318,1.3219%,2977.73,10,14276.20,10,297.77300,0.0416%,4.79432,10,14276.20,10,297.77300,0.0416%,4.79432,0,0.00,0,,,,,,,,,
INR,"Jun 01, 2026 - Jun 30, 2026","=""amzn1.ads-account.g.a5og6bnunpn8m911rke7gdql""",Cubelelo,266883110604369,Old - SP PT Campaigns,"=""471096929513381""",BA - SP PT - Pyramix - Competition - Exact,"=""299475517358539""",Pyraminx,B09QYW9DYC,Cubelelo Drift Pyraminx Puzzle Speedcube | Beginner Starter Cube for Kids 3+ Year Old & Above | Triangle Pyramid Shape Stickerless 3x3 Cubes Toy | Ideal for Boys Girls Children 4 5 6+ Years & Adults,B0CFFC4DMP,cubelelo,0300 Games & Puzzles,0307 Non-wooden Puzzles,Toy,1280100a,AMAZON_IN,4203,180,4.2827%,1093.90,41,11240.08,41,26.68049,0.9755%,10.27524,38,10461.98,38,28.78684,0.9041%,9.56393,3,778.10,3,,,,,,,,,
INR,"Jun 01, 2026 - Jun 30, 2026","=""amzn1.ads-account.g.a5og6bnunpn8m911rke7gdql""",Cubelelo,279942205262904,BA - Generic - Mid & Low Volume,"=""327104446426115""","SP-KT - Axis - Windmill - Fisher, Cylinder, Kids, Mini, Smart, Pyramid - Open - Mid & Low Volume - Exact & Phrase","=""354824992183354""",Kids - Mid & Low Volume - Exact & Phrase,B09QYW9DYC,Cubelelo Drift Pyraminx Puzzle Speedcube | Beginner Starter Cube for Kids 3+ Year Old & Above | Triangle Pyramid Shape Stickerless 3x3 Cubes Toy | Ideal for Boys Girls Children 4 5 6+ Years & Adults,B0CFFC4DMP,cubelelo,0300 Games & Puzzles,0307 Non-wooden Puzzles,Toy,1280100a,AMAZON_IN,1127,10,0.8873%,124.93,1,275.24,1,124.93000,0.0887%,2.20315,1,275.24,1,124.93000,0.0887%,2.20315,0,0.00,0,,,,,,,,,
INR,"Jun 01, 2026 - Jun 30, 2026","=""amzn1.ads-account.g.a5og6bnunpn8m911rke7gdql""",Cubelelo,279942205262904,BA - Generic - Mid & Low Volume,"=""498287583816355""","SP-KT - Generic - 5x5, 6x6, 7x7, Keychain - Mid & Low Volume - Exact & Phrase","=""379248418920246""",Phrase - Generic - 7x7 - Mid & Low Volume,B09WHYHTCR,Cubelelo Drift 7M 7x7 Magnetic Speedcube Magic Puzzle for Kids & Adults Speedy Stress Buster Brainstorming Cube,B0CXYBB1D2,cubelelo,0300 Games & Puzzles,0307 Non-wooden Puzzles,Toy,1070600,AMAZON_IN,3813,132,3.4618%,1214.32,9,12659.07,9,134.92444,0.2360%,10.42482,8,12374.31,8,151.79000,0.2098%,10.19032,1,284.76,1,,,,,,,,,
INR,"Jun 01, 2026 - Jun 30, 2026","=""amzn1.ads-account.g.a5og6bnunpn8m911rke7gdql""",Cubelelo,279942205262904,BA - Generic - Mid & Low Volume,"=""498287583816355""","SP-KT - Generic - 5x5, 6x6, 7x7, Keychain - Mid & Low Volume - Exact & Phrase","=""411040078648211""",Generic - 7x7 - Mid & Low Volume,B09WHYHTCR,Cubelelo Drift 7M 7x7 Magnetic Speedcube Magic Puzzle for Kids & Adults Speedy Stress Buster Brainstorming Cube,B0CXYBB1D2,cubelelo,0300 Games & Puzzles,0307 Non-wooden Puzzles,Toy,1070600,AMAZON_IN,2304,116,5.0347%,1496.10,6,9137.16,6,249.35000,0.2604%,6.10732,5,7661.92,5,299.22000,0.2170%,5.12126,1,1475.24,1,,,,,,,,,
INR,"Jun 06, 2026 - Jun 07, 2026","=""amzn1.ads-account.g.a5og6bnunpn8m911rke7gdql""",Cubelelo,215664054810032,BA - Number Sliding Puzzle,"=""439881614291142""",SP - KT - 4x4 Number Sliding Puzzle - Mid & Low Volume - Phrase and BMM,"=""477869615967999""",Generic Number Puzzle,B0DM1JQ29Z,"Cubelelo Drift (5 Column) Sort & Stack Puzzle with Lacing Thread & 8 Double-Sided Flash Cards | Montessori-Inspired Shape & Color Learning Educational Blocks Toy for Kids, Set Of 1",B0F26KXBCK,cubelelo,0600 Infants/Preschool,0627 All Other Infant Toys,Toy,4001047,AMAZON_IN,4,0,0.0000%,0.00,0,0.00,0,,0.0000%,,0,0.00,0,,0.0000%,,0,0.00,0,,,,,,,,,
INR,"Jun 01, 2026 - Jun 30, 2026","=""amzn1.ads-account.g.a5og6bnunpn8m911rke7gdql""",Cubelelo,279942205262904,BA - Generic - Mid & Low Volume,"=""498287583816355""","SP-KT - Generic - 5x5, 6x6, 7x7, Keychain - Mid & Low Volume - Exact & Phrase","=""536652533995914""",Phrase - Generic - 6x6 - Mid & Low Volume,B09WHY3DPP,Cubelelo Drift 6M 6x6 (Magnetic) Stickerless Speedcube Magic Puzzle Toy for Kids & Adults Speedy Stress Buster Brainstorming Cube,B0CWH6ML97,cubelelo,0300 Games & Puzzles,0307 Non-wooden Puzzles,Toy,1060600,AMAZON_IN,4679,56,1.1968%,580.48,8,9517.14,8,72.56000,0.1710%,16.39529,6,8471.42,6,96.74667,0.1282%,14.59382,2,1045.72,2,,,,,,,,,
INR,"Jun 01, 2026 - Jun 30, 2026","=""amzn1.ads-account.g.a5og6bnunpn8m911rke7gdql""",Cubelelo,279942205262904,BA - Generic - Mid & Low Volume,"=""498287583816355""","SP-KT - Generic - 5x5, 6x6, 7x7, Keychain - Mid & Low Volume - Exact & Phrase","=""295921960947507""",Generic - 6x6 - Mid & Low Volume,B09WHY3DPP,Cubelelo Drift 6M 6x6 (Magnetic) Stickerless Speedcube Magic Puzzle Toy for Kids & Adults Speedy Stress Buster Brainstorming Cube,B0CWH6ML97,cubelelo,0300 Games & Puzzles,0307 Non-wooden Puzzles,Toy,1060600,AMAZON_IN,6738,57,0.8459%,466.31,1,1760.95,1,466.31000,0.0148%,3.77635,1,1760.95,1,466.31000,0.0148%,3.77635,0,0.00,0,,,,,,,,,
INR,"Jun 01, 2026 - Jun 30, 2026","=""amzn1.ads-account.g.a5og6bnunpn8m911rke7gdql""",Cubelelo,279942205262904,BA - Generic - Mid & Low Volume,"=""332675778194131""",SP-KT - Generic - 4x4 - Mid & Low Volume - Exact & Phrase - DO,"=""318693646880033""",Phrase - Generic - 4x4 - Mid & Low Volume,B0FL7TDJLF,"Cubelelo Drift 4x4 Stickerless Cube Puzzle Toy | Combines Smoothness, Stability & Durability | 4x4x4 Speedcube for Beginners| Suitable for Kids Ages 6 to 14 Years Old, Boys, Girls & Adults",B0CBBV1B5T,cubelelo,0300 Games & Puzzles,0301 Family Board / Action,Toy,1040400,AMAZON_IN,43185,671,1.5538%,5749.33,109,45884.80,111,52.74615,0.2524%,7.98090,79,36142.85,80,72.77633,0.1829%,6.28645,30,9741.95,31,,,,,,,,,
INR,"Jun 01, 2026 - Jun 30, 2026","=""amzn1.ads-account.g.a5og6bnunpn8m911rke7gdql""",Cubelelo,279942205262904,BA - Generic - Mid & Low Volume,"=""332675778194131""",SP-KT - Generic - 4x4 - Mid & Low Volume - Exact & Phrase - DO,"=""302493695958815""",Generic - 4x4 - Mid & Low Volume,B0FL7TDJLF,"Cubelelo Drift 4x4 Stickerless Cube Puzzle Toy | Combines Smoothness, Stability & Durability | 4x4x4 Speedcube for Beginners| Suitable for Kids Ages 6 to 14 Years Old, Boys, Girls & Adults",B0CBBV1B5T,cubelelo,0300 Games & Puzzles,0301 Family Board / Action,Toy,1040400,AMAZON_IN,61752,1203,1.9481%,10534.33,217,83063.83,219,48.54530,0.3514%,7.88506,166,67210.47,167,63.45982,0.2688%,6.38014,51,15853.36,52,,,,,,,,,
INR,"Jun 23, 2026 - Jun 30, 2026","=""amzn1.ads-account.g.a5og6bnunpn8m911rke7gdql""",Cubelelo,14896671318530,BA - Tinker Box,"=""178894007177834""",BA - SP - Auto - Tinker Box - 0-2 Years - DO,"=""524300284583215""",Tinker Box,B0FF47DZ8G,TinkerBox Color and Pattern Sliding Puzzle Game | Educational Wooden Toy for Kids | Color & Shape Matching Brain Teaser for Ages 3-7 | Preschool Learning Toy for Boys & Girls,B0GPL1L4HG,Tinker Box,0300 Games & Puzzles,0330 Brainteasers,Toy,TB00003,AMAZON_IN,15918,20,0.1256%,103.32,1,522.86,1,103.32000,0.0063%,5.06059,1,522.86,1,103.32000,0.0063%,5.06059,0,0.00,0,,,,,,,,,
INR,"Jun 01, 2026 - Jun 30, 2026","=""amzn1.ads-account.g.a5og6bnunpn8m911rke7gdql""",Cubelelo,14896671318530,BA - Tinker Box,"=""460650293397082""",SP-KT - Generic - Tinker Box Products - High volume - Exact,"=""434706887787877""",Tinker Box,B0FF47DZ8G,TinkerBox Color and Pattern Sliding Puzzle Game | Educational Wooden Toy for Kids | Color & Shape Matching Brain Teaser for Ages 3-7 | Preschool Learning Toy for Boys & Girls,B0GPL1L4HG,Tinker Box,0300 Games & Puzzles,0330 Brainteasers,Toy,TB00003,AMAZON_IN,806,6,0.7444%,50.35,0,0.00,0,,0.0000%,0.00000,0,0.00,0,,0.0000%,0.00000,0,0.00,0,,,,,,,,,
INR,"Jun 19, 2026 - Jun 30, 2026","=""amzn1.ads-account.g.a5og6bnunpn8m911rke7gdql""",Cubelelo,14896671318530,BA - Tinker Box,"=""383299609032339""","SP-KT - Generic - Tinker Box - Colour and Pattern Sliding Puzzle Game, 5 Column Sort and Stack Puzzle - Exact","=""288337266837008""",Tinker Box - Colour and Pattern Sliding Puzzle Game,B0FF47DZ8G,TinkerBox Color and Pattern Sliding Puzzle Game | Educational Wooden Toy for Kids | Color & Shape Matching Brain Teaser for Ages 3-7 | Preschool Learning Toy for Boys & Girls,B0GPL1L4HG,Tinker Box,0300 Games & Puzzles,0330 Brainteasers,Toy,TB00003,AMAZON_IN,4348,28,0.6440%,314.83,0,0.00,0,,0.0000%,0.00000,0,0.00,0,,0.0000%,0.00000,0,0.00,0,,,,,,,,,
INR,"Jun 19, 2026 - Jun 30, 2026","=""amzn1.ads-account.g.a5og6bnunpn8m911rke7gdql""",Cubelelo,106276615587889,BA - Wooden Toys,"=""411167871519559""",SP-Auto - Tinker Box,"=""398109748865243""",Tinker box,B0FF47DZ8G,TinkerBox Color and Pattern Sliding Puzzle Game | Educational Wooden Toy for Kids | Color & Shape Matching Brain Teaser for Ages 3-7 | Preschool Learning Toy for Boys & Girls,B0GPL1L4HG,Tinker Box,0300 Games & Puzzles,0330 Brainteasers,Toy,TB00003,AMAZON_IN,10218,56,0.5481%,690.25,0,0.00,0,,0.0000%,0.00000,0,0.00,0,,0.0000%,0.00000,0,0.00,0,,,,,,,,,
INR,"Jun 19, 2026 - Jun 30, 2026","=""amzn1.ads-account.g.a5og6bnunpn8m911rke7gdql""",Cubelelo,106276615587889,BA - Wooden Toys,"=""510524170392482""",SP-KT - Wooden - Generic - Tinker Box - High Volume - Exact,"=""347906997321971""",Tinker Box,B0FF47DZ8G,TinkerBox Color and Pattern Sliding Puzzle Game | Educational Wooden Toy for Kids | Color & Shape Matching Brain Teaser for Ages 3-7 | Preschool Learning Toy for Boys & Girls,B0GPL1L4HG,Tinker Box,0300 Games & Puzzles,0330 Brainteasers,Toy,TB00003,AMAZON_IN,2193,14,0.6384%,137.71,0,0.00,0,,0.0000%,0.00000,0,0.00,0,,0.0000%,0.00000,0,0.00,0,,,,,,,,,
INR,"Jun 01, 2026 - Jun 30, 2026","=""amzn1.ads-account.g.a5og6bnunpn8m911rke7gdql""",Cubelelo,279942205262904,BA - Generic - Mid & Low Volume,"=""316273786051120""",SD-CT - 3D Puzzle & Brain Teasers - Comp - Open - Broad - Old,"=""302660200409918""",Category Targeting,B0CF9MJ1HV,Cubelelo Drift 3x3 Stickerless & Mirror Cube (Silver) Gift Box Combo Set | Ideal Gift for Puzzle Lovers | Toys for Kids 6-10 Year Old and Adults | 3x3x3 High Speed 3 3 & Shape Shifter,B0D6G24GVB,cubelelo,0300 Games & Puzzles,0307 Non-wooden Puzzles,Toy,1460523,AMAZON_IN,329,0,0.0000%,0.00,0,0.00,0,,0.0000%,,0,0.00,0,,0.0000%,,0,0.00,0,0,0.00,0,,0.0000%,,0,,0.0000%
INR,"Jun 01, 2026 - Jun 30, 2026","=""amzn1.ads-account.g.a5og6bnunpn8m911rke7gdql""",Cubelelo,279942205262904,BA - Generic - Mid & Low Volume,"=""315451570129574""","SP-KT - Maglev, Mastermorphix, Puppet, Snake, Square1, Megaminx - Open - Mid & Low Volume - Exact & Phrase - UND","=""455806518818545""",Metallic - Mid & Low Volume - Exact & Phrase,B0CF9MJ1HV,Cubelelo Drift 3x3 Stickerless & Mirror Cube (Silver) Gift Box Combo Set | Ideal Gift for Puzzle Lovers | Toys for Kids 6-10 Year Old and Adults | 3x3x3 High Speed 3 3 & Shape Shifter,B0D6G24GVB,cubelelo,0300 Games & Puzzles,0307 Non-wooden Puzzles,Toy,1460523,AMAZON_IN,801,3,0.3745%,14.92,0,0.00,0,,0.0000%,0.00000,0,0.00,0,,0.0000%,0.00000,0,0.00,0,,,,,,,,,
INR,"Jun 01, 2026 - Jun 30, 2026","=""amzn1.ads-account.g.a5og6bnunpn8m911rke7gdql""",Cubelelo,162147707583156,BA - Branded - Cubelelo,"=""329970929951347""",SP-KT - Branded - Cubelelo - Mid & Low Volume - Exact & Phrase - UND,"=""360220929148821""",Mirror,B0CF9MJ1HV,Cubelelo Drift 3x3 Stickerless & Mirror Cube (Silver) Gift Box Combo Set | Ideal Gift for Puzzle Lovers | Toys for Kids 6-10 Year Old and Adults | 3x3x3 High Speed 3 3 & Shape Shifter,B0D6G24GVB,cubelelo,0300 Games & Puzzles,0307 Non-wooden Puzzles,Toy,1460523,AMAZON_IN,2977,15,0.5039%,173.32,4,2710.47,4,43.33000,0.1344%,15.63853,3,1473.33,3,57.77333,0.1008%,8.50064,1,1237.14,1,,,,,,,,,
INR,"Jun 01, 2026 - Jun 30, 2026","=""amzn1.ads-account.g.a5og6bnunpn8m911rke7gdql""",Cubelelo,14896671318530,BA - Tinker Box,"=""178894007177834""",BA - SP - Auto - Tinker Box - 0-2 Years - DO,"=""524300284583215""",Tinker Box,B0FRFV8BLN,TinkerBox 3D Nesting Puzzle for Kids 12+ Months | Montessori Wooden Brain Teaser Puzzle | STEM Learning Toy for Spatial Awareness & Critical Thinking | Safe & Durable Educational Toy,-1,Tinker Box,0300 Games & Puzzles,0301 Family Board / Action,Toy,TB06001,AMAZON_IN,4637,16,0.3451%,95.48,1,408.57,1,95.48000,0.0216%,4.27912,1,408.57,1,95.48000,0.0216%,4.27912,0,0.00,0,,,,,,,,,
INR,"Jun 01, 2026 - Jun 30, 2026","=""amzn1.ads-account.g.a5og6bnunpn8m911rke7gdql""",Cubelelo,140219559111289,BA - Clang,"=""136579885639997""",BA - SP - KT - Clang - NB - Generic - Magnetic Keywords - BMM - DO,"=""217704020149858""",Clang,B0GN1TJ7F4,"Cubelelo Drift Clang! | 2-4 Players Classic Magnetic Attraction Strategy Game | Features 24 Magnets & Adjustable Rope | Fun Gifting Toy for Family, Teens & Adults | Compact and Travel Friendly",-1,cubelelo,0300 Games & Puzzles,0330 Brainteasers,Toy,1630223,AMAZON_IN,14271,85,0.5956%,388.33,6,2851.44,6,64.72167,0.0420%,7.34283,6,2851.44,6,64.72167,0.0420%,7.34283,0,0.00,0,,,,,,,,,
INR,"Jun 01, 2026 - Jun 30, 2026","=""amzn1.ads-account.g.a5og6bnunpn8m911rke7gdql""",Cubelelo,140219559111289,BA - Clang,"=""131047102419006""",BA - SP - PT - Clang - Comp - Magnetic Games - Exact - DO - Sale,"=""522308508803672""",Clang,B0GN1TJ7F4,"Cubelelo Drift Clang! | 2-4 Players Classic Magnetic Attraction Strategy Game | Features 24 Magnets & Adjustable Rope | Fun Gifting Toy for Family, Teens & Adults | Compact and Travel Friendly",-1,cubelelo,0300 Games & Puzzles,0330 Brainteasers,Toy,1630223,AMAZON_IN,99410,842,0.8470%,9449.41,96,45879.23,98,98.43135,0.0966%,4.85525,95,45623.04,97,99.46747,0.0956%,4.82814,1,256.19,1,,,,,,,,,
INR,"Jun 01, 2026 - Jun 30, 2026","=""amzn1.ads-account.g.a5og6bnunpn8m911rke7gdql""",Cubelelo,140219559111289,BA - Clang,"=""279777542976112""",BA - SP - PT - Clang - Comp - Smartivity - Exact - DO,"=""437071768796688""",Clang,B0GN1TJ7F4,"Cubelelo Drift Clang! | 2-4 Players Classic Magnetic Attraction Strategy Game | Features 24 Magnets & Adjustable Rope | Fun Gifting Toy for Family, Teens & Adults | Compact and Travel Friendly",-1,cubelelo,0300 Games & Puzzles,0330 Brainteasers,Toy,1630223,AMAZON_IN,7045,50,0.7097%,364.58,7,3725.73,8,52.08286,0.0994%,10.21924,6,3469.54,7,60.76333,0.0852%,9.51654,1,256.19,1,,,,,,,,,
INR,"Jun 19, 2026 - Jun 30, 2026","=""amzn1.ads-account.g.a5og6bnunpn8m911rke7gdql""",Cubelelo,140219559111289,BA - Clang,"=""180948272067582""",SP - KT - Clang - NB - Generic - Sizzle Kws - Exact - DO,"=""20789492960383""",Clang,B0GN1TJ7F4,"Cubelelo Drift Clang! | 2-4 Players Classic Magnetic Attraction Strategy Game | Features 24 Magnets & Adjustable Rope | Fun Gifting Toy for Family, Teens & Adults | Compact and Travel Friendly",-1,cubelelo,0300 Games & Puzzles,0330 Brainteasers,Toy,1630223,AMAZON_IN,4412,20,0.4533%,241.77,0,0.00,0,,0.0000%,0.00000,0,0.00,0,,0.0000%,0.00000,0,0.00,0,,,,,,,,,
INR,"Jun 01, 2026 - Jun 30, 2026","=""amzn1.ads-account.g.a5og6bnunpn8m911rke7gdql""",Cubelelo,140219559111289,BA - Clang,"=""19816387043346""",BA - SP - KT - Clang - Generic - High Volume - Exact  - DO,"=""433668164365957""",Clang,B0GN1TJ7F4,"Cubelelo Drift Clang! | 2-4 Players Classic Magnetic Attraction Strategy Game | Features 24 Magnets & Adjustable Rope | Fun Gifting Toy for Family, Teens & Adults | Compact and Travel Friendly",-1,cubelelo,0300 Games & Puzzles,0330 Brainteasers,Toy,1630223,AMAZON_IN,27738,255,0.9193%,2027.64,9,3953.35,9,225.29333,0.0324%,1.94973,8,3801.92,8,253.45500,0.0288%,1.87505,1,151.43,1,,,,,,,,,
INR,"Jun 19, 2026 - Jun 30, 2026","=""amzn1.ads-account.g.a5og6bnunpn8m911rke7gdql""",Cubelelo,266883110604369,Old - SP PT Campaigns,"=""471096929513381""",BA - SP PT - Pyramix - Competition - Exact,"=""299475517358539""",Pyraminx,B0BWMX1NQ6,Cubelelo Drift Pyraminx Puzzle (Black) | Stickerless Pyramid Triangle Cube for Kids and Adults 3x3 | Magic High Speedy Stress Buster Brainstorming Puzzle (Multicolor),B0CFFC4DMP,cubelelo,0300 Games & Puzzles,0307 Non-wooden Puzzles,Toy,1280200_EAN,AMAZON_IN,257,6,2.3346%,47.43,1,303.81,1,47.43000,0.3891%,6.40544,1,303.81,1,47.43000,0.3891%,6.40544,0,0.00,0,,,,,,,,,
INR,"Jun 01, 2026 - Jun 30, 2026","=""amzn1.ads-account.g.a5og6bnunpn8m911rke7gdql""",Cubelelo,14896671318530,BA - Tinker Box,"=""178894007177834""",BA - SP - Auto - Tinker Box - 0-2 Years - DO,"=""524300284583215""",Tinker Box,B0FRFKRLF3,TinkerBox Shape Puzzle Montessori Wooden Puzzle Toy for Toddlers & Kids 6+ Months | Early Learning Game for Shape Recognition & Problem Solving | Safe & Durable,B0GPL1L4HG,Tinker Box,0300 Games & Puzzles,0330 Brainteasers,Toy,TB03003,AMAZON_IN,19845,59,0.2973%,369.25,10,5009.50,10,36.92500,0.0504%,13.56669,10,5009.50,10,36.92500,0.0504%,13.56669,0,0.00,0,,,,,,,,,
INR,"Jun 01, 2026 - Jun 30, 2026","=""amzn1.ads-account.g.a5og6bnunpn8m911rke7gdql""",Cubelelo,14896671318530,BA - Tinker Box,"=""178894007177834""",BA - SP - Auto - Tinker Box - 0-2 Years - DO,"=""524300284583215""",Tinker Box,B0FQP762MD,"TinkerBox Ring Stacker | 9+ Months | Montessori Wooden Stacking Toy for Toddlers & Kids | STEM Learning Puzzle for Shape, Size & Color Recognition | Safe & Durable Wooden Toy",B0GPQFDGPB,Tinker Box,0600 Infants/Preschool,0627 All Other Infant Toys,Toy,TB04002,AMAZON_IN,142191,449,0.3158%,3124.61,35,13112.38,35,89.27457,0.0246%,4.19649,35,13112.38,35,89.27457,0.0246%,4.19649,0,0.00,0,,,,,,,,,
INR,"Jun 01, 2026 - Jun 30, 2026","=""amzn1.ads-account.g.a5og6bnunpn8m911rke7gdql""",Cubelelo,162147707583156,BA - Branded - Cubelelo,"=""329970929951347""",SP-KT - Branded - Cubelelo - Mid & Low Volume - Exact & Phrase - UND,"=""386093481557611""",Branded - 2x2,B08XK25RRF,"Cubelelo Drift 2x2 & 3x3 Cube Gift Box Combo | 2-in-1 Puzzle Toy Game Set for Children Kids & Adults Ages 4 5 6 & Above | Double the Challenge, Twice the Fun | Ultimate Value Saver Combo",-1,cubelelo,0300 Games & Puzzles,0307 Non-wooden Puzzles,Toy,1460501,AMAZON_IN,284,7,2.4648%,60.87,0,0.00,0,,0.0000%,0.00000,0,0.00,0,,0.0000%,0.00000,0,0.00,0,,,,,,,,,
INR,"Jun 01, 2026 - Jun 30, 2026","=""amzn1.ads-account.g.a5og6bnunpn8m911rke7gdql""",Cubelelo,279942205262904,BA - Generic - Mid & Low Volume,"=""405383753413943""","SP-KT - Lube Combo, Magic, Pyraminx, Skewb, Stand, Timer, Gear - Open - Mid & Low Volume - Exact & Phrase","=""515672683970502""",Magic - Mid & Low Volume - Exact & Phrase,B08XK25RRF,"Cubelelo Drift 2x2 & 3x3 Cube Gift Box Combo | 2-in-1 Puzzle Toy Game Set for Children Kids & Adults Ages 4 5 6 & Above | Double the Challenge, Twice the Fun | Ultimate Value Saver Combo",-1,cubelelo,0300 Games & Puzzles,0307 Non-wooden Puzzles,Toy,1460501,AMAZON_IN,74,0,0.0000%,0.00,0,0.00,0,,0.0000%,,0,0.00,0,,0.0000%,,0,0.00,0,,,,,,,,,
INR,"Jun 01, 2026 - Jun 30, 2026","=""amzn1.ads-account.g.a5og6bnunpn8m911rke7gdql""",Cubelelo,279942205262904,BA - Generic - Mid & Low Volume,"=""560766968003680""","SP-KT - Mirror, Infinity & Combo - Open - Mid & Low Volume - Exact & Phrase - UND","=""398270911795195""",Combo - Mid & Low Volume,B08XK25RRF,"Cubelelo Drift 2x2 & 3x3 Cube Gift Box Combo | 2-in-1 Puzzle Toy Game Set for Children Kids & Adults Ages 4 5 6 & Above | Double the Challenge, Twice the Fun | Ultimate Value Saver Combo",-1,cubelelo,0300 Games & Puzzles,0307 Non-wooden Puzzles,Toy,1460501,AMAZON_IN,4398,16,0.3638%,147.71,1,313.33,1,147.71000,0.0227%,2.12125,1,313.33,1,147.71000,0.0227%,2.12125,0,0.00,0,,,,,,,,,
INR,"Jun 01, 2026 - Jun 30, 2026","=""amzn1.ads-account.g.a5og6bnunpn8m911rke7gdql""",Cubelelo,279942205262904,BA - Generic - Mid & Low Volume,"=""285784532724588""",SP-KT - Generic - Open - Cube - Mid & Low Volume - Exact & Phrase,"=""503467855821823""",Generic - Open Searches - Mid & Low Volume,B08XK25RRF,"Cubelelo Drift 2x2 & 3x3 Cube Gift Box Combo | 2-in-1 Puzzle Toy Game Set for Children Kids & Adults Ages 4 5 6 & Above | Double the Challenge, Twice the Fun | Ultimate Value Saver Combo",-1,cubelelo,0300 Games & Puzzles,0307 Non-wooden Puzzles,Toy,1460501,AMAZON_IN,36866,82,0.2224%,823.34,11,3038.08,11,74.84909,0.0298%,3.68995,8,2355.22,8,102.91750,0.0217%,2.86057,3,682.86,3,,,,,,,,,
INR,"Jun 01, 2026 - Jun 30, 2026","=""amzn1.ads-account.g.a5og6bnunpn8m911rke7gdql""",Cubelelo,279942205262904,BA - Generic - Mid & Low Volume,"=""285784532724588""",SP-KT - Generic - Open - Cube - Mid & Low Volume - Exact & Phrase,"=""479419335051851""",Phrase - Generic - Open Searches - Mid & Low Volume,B08XK25RRF,"Cubelelo Drift 2x2 & 3x3 Cube Gift Box Combo | 2-in-1 Puzzle Toy Game Set for Children Kids & Adults Ages 4 5 6 & Above | Double the Challenge, Twice the Fun | Ultimate Value Saver Combo",-1,cubelelo,0300 Games & Puzzles,0307 Non-wooden Puzzles,Toy,1460501,AMAZON_IN,11333,61,0.5383%,516.61,5,1728.56,5,103.32200,0.0441%,3.34597,5,1728.56,5,103.32200,0.0441%,3.34597,0,0.00,0,,,,,,,,,
INR,"Jun 01, 2026 - Jun 30, 2026","=""amzn1.ads-account.g.a5og6bnunpn8m911rke7gdql""",Cubelelo,162147707583156,BA - Branded - Cubelelo,"=""329970929951347""",SP-KT - Branded - Cubelelo - Mid & Low Volume - Exact & Phrase - UND,"=""560146263793792""",Combo,B08XK25RRF,"Cubelelo Drift 2x2 & 3x3 Cube Gift Box Combo | 2-in-1 Puzzle Toy Game Set for Children Kids & Adults Ages 4 5 6 & Above | Double the Challenge, Twice the Fun | Ultimate Value Saver Combo",-1,cubelelo,0300 Games & Puzzles,0307 Non-wooden Puzzles,Toy,1460501,AMAZON_IN,8482,39,0.4598%,234.80,10,3608.54,11,23.48000,0.1179%,15.36857,10,3608.54,11,23.48000,0.1179%,15.36857,0,0.00,0,,,,,,,,,
INR,"Jun 01, 2026 - Jun 30, 2026","=""amzn1.ads-account.g.a5og6bnunpn8m911rke7gdql""",Cubelelo,279942205262904,BA - Generic - Mid & Low Volume,"=""316273786051120""",SD-CT - 3D Puzzle & Brain Teasers - Comp - Open - Broad - Old,"=""302660200409918""",Category Targeting,B08XK25RRF,"Cubelelo Drift 2x2 & 3x3 Cube Gift Box Combo | 2-in-1 Puzzle Toy Game Set for Children Kids & Adults Ages 4 5 6 & Above | Double the Challenge, Twice the Fun | Ultimate Value Saver Combo",-1,cubelelo,0300 Games & Puzzles,0307 Non-wooden Puzzles,Toy,1460501,AMAZON_IN,342,0,0.0000%,0.00,0,0.00,0,,0.0000%,,0,0.00,0,,0.0000%,,0,0.00,0,0,0.00,0,,0.0000%,,0,,0.0000%
INR,"Jun 01, 2026 - Jun 30, 2026","=""amzn1.ads-account.g.a5og6bnunpn8m911rke7gdql""",Cubelelo,242135938115990,BA - Competition - Cubes,"=""398099328860046""",SP-PT - Cubes - Toys Best Seller - Above 200,"=""389104660034552""",SP-SP - Cubes - Toys Best Seller - Above 200,B08XK25RRF,"Cubelelo Drift 2x2 & 3x3 Cube Gift Box Combo | 2-in-1 Puzzle Toy Game Set for Children Kids & Adults Ages 4 5 6 & Above | Double the Challenge, Twice the Fun | Ultimate Value Saver Combo",-1,cubelelo,0300 Games & Puzzles,0307 Non-wooden Puzzles,Toy,1460501,AMAZON_IN,9239,25,0.2706%,142.62,0,0.00,0,,0.0000%,0.00000,0,0.00,0,,0.0000%,0.00000,0,0.00,0,,,,,,,,,
INR,"Jun 01, 2026 - Jun 30, 2026","=""amzn1.ads-account.g.a5og6bnunpn8m911rke7gdql""",Cubelelo,162147707583156,BA - Branded - Cubelelo,"=""433317578586761""",SP-KT - Branded - Cubelelo - High Volume - Exact,"=""374742854439176""",Branded 3x3 - SKAG,B08XK25RRF,"Cubelelo Drift 2x2 & 3x3 Cube Gift Box Combo | 2-in-1 Puzzle Toy Game Set for Children Kids & Adults Ages 4 5 6 & Above | Double the Challenge, Twice the Fun | Ultimate Value Saver Combo",-1,cubelelo,0300 Games & Puzzles,0307 Non-wooden Puzzles,Toy,1460501,AMAZON_IN,5878,32,0.5444%,237.72,5,1614.28,5,47.54400,0.0851%,6.79068,4,1415.23,4,59.43000,0.0681%,5.95335,1,199.05,1,,,,,,,,,
INR,"Jun 01, 2026 - Jun 30, 2026","=""amzn1.ads-account.g.a5og6bnunpn8m911rke7gdql""",Cubelelo,162147707583156,BA - Branded - Cubelelo,"=""329970929951347""",SP-KT - Branded - Cubelelo - Mid & Low Volume - Exact & Phrase - UND,"=""479460967599506""",Branded - 3x3,B08XK25RRF,"Cubelelo Drift 2x2 & 3x3 Cube Gift Box Combo | 2-in-1 Puzzle Toy Game Set for Children Kids & Adults Ages 4 5 6 & Above | Double the Challenge, Twice the Fun | Ultimate Value Saver Combo",-1,cubelelo,0300 Games & Puzzles,0307 Non-wooden Puzzles,Toy,1460501,AMAZON_IN,4981,31,0.6224%,220.97,3,806.66,3,73.65667,0.0602%,3.65054,2,626.66,2,110.48500,0.0402%,2.83595,1,180.00,1,,,,,,,,,
INR,"Jun 01, 2026 - Jun 30, 2026","=""amzn1.ads-account.g.a5og6bnunpn8m911rke7gdql""",Cubelelo,162147707583156,BA - Branded - Cubelelo,"=""329970929951347""",SP-KT - Branded - Cubelelo - Mid & Low Volume - Exact & Phrase - UND,"=""535729251693727""",Branded - Phrase,B08XK25RRF,"Cubelelo Drift 2x2 & 3x3 Cube Gift Box Combo | 2-in-1 Puzzle Toy Game Set for Children Kids & Adults Ages 4 5 6 & Above | Double the Challenge, Twice the Fun | Ultimate Value Saver Combo",-1,cubelelo,0300 Games & Puzzles,0307 Non-wooden Puzzles,Toy,1460501,AMAZON_IN,263,2,0.7605%,12.20,0,0.00,0,,0.0000%,0.00000,0,0.00,0,,0.0000%,0.00000,0,0.00,0,,,,,,,,,
INR,"Jun 01, 2026 - Jun 30, 2026","=""amzn1.ads-account.g.a5og6bnunpn8m911rke7gdql""",Cubelelo,279942205262904,BA - Generic - Mid & Low Volume,"=""327104446426115""","SP-KT - Axis - Windmill - Fisher, Cylinder, Kids, Mini, Smart, Pyramid - Open - Mid & Low Volume - Exact & Phrase","=""354824992183354""",Kids - Mid & Low Volume - Exact & Phrase,B08XK25RRF,"Cubelelo Drift 2x2 & 3x3 Cube Gift Box Combo | 2-in-1 Puzzle Toy Game Set for Children Kids & Adults Ages 4 5 6 & Above | Double the Challenge, Twice the Fun | Ultimate Value Saver Combo",-1,cubelelo,0300 Games & Puzzles,0307 Non-wooden Puzzles,Toy,1460501,AMAZON_IN,449,2,0.4454%,25.81,1,151.43,1,25.81000,0.2227%,5.86711,0,0.00,0,,0.0000%,0.00000,1,151.43,1,,,,,,,,,
INR,"Jun 01, 2026 - Jun 30, 2026","=""amzn1.ads-account.g.a5og6bnunpn8m911rke7gdql""",Cubelelo,108066094626813,BA - Generic - Extremely High Volume,"=""495997417400177""",SP-KT - Generic - Open - 'Rubix Cube' - SKAG - High Volume - Exact,"=""536771283942162""",Generic - Open Searches - High Volume SKAG,B08XK25RRF,"Cubelelo Drift 2x2 & 3x3 Cube Gift Box Combo | 2-in-1 Puzzle Toy Game Set for Children Kids & Adults Ages 4 5 6 & Above | Double the Challenge, Twice the Fun | Ultimate Value Saver Combo",-1,cubelelo,0300 Games & Puzzles,0307 Non-wooden Puzzles,Toy,1460501,AMAZON_IN,21668,89,0.4107%,1305.83,18,5449.50,18,72.54611,0.0831%,4.17321,14,4748.54,14,93.27357,0.0646%,3.63642,4,700.96,4,,,,,,,,,
INR,"Jun 01, 2026 - Jun 30, 2026","=""amzn1.ads-account.g.a5og6bnunpn8m911rke7gdql""",Cubelelo,162147707583156,BA - Branded - Cubelelo,"=""433317578586761""",SP-KT - Branded - Cubelelo - High Volume - Exact,"=""332121459254132""",Branded - SKAG,B08XK25RRF,"Cubelelo Drift 2x2 & 3x3 Cube Gift Box Combo | 2-in-1 Puzzle Toy Game Set for Children Kids & Adults Ages 4 5 6 & Above | Double the Challenge, Twice the Fun | Ultimate Value Saver Combo",-1,cubelelo,0300 Games & Puzzles,0307 Non-wooden Puzzles,Toy,1460501,AMAZON_IN,19907,84,0.4220%,765.11,21,5722.84,22,36.43381,0.1055%,7.47976,12,3608.54,12,63.75917,0.0603%,4.71637,9,2114.30,10,,,,,,,,,
INR,"Jun 01, 2026 - Jun 30, 2026","=""amzn1.ads-account.g.a5og6bnunpn8m911rke7gdql""",Cubelelo,108066094626813,BA - Generic - Extremely High Volume,"=""484046863276712""",SP-KT - Generic - Open - 'Rubik's Cube' - SKAG - High Volume - Exact,"=""514344038519157""",Generic - Open Searches - High Volume SKAG,B08XK25RRF,"Cubelelo Drift 2x2 & 3x3 Cube Gift Box Combo | 2-in-1 Puzzle Toy Game Set for Children Kids & Adults Ages 4 5 6 & Above | Double the Challenge, Twice the Fun | Ultimate Value Saver Combo",-1,cubelelo,0300 Games & Puzzles,0307 Non-wooden Puzzles,Toy,1460501,AMAZON_IN,78935,283,0.3585%,3465.90,41,12677.11,41,84.53415,0.0519%,3.65767,26,9441.87,26,133.30385,0.0329%,2.72422,15,3235.24,15,,,,,,,,,
INR,"Jun 01, 2026 - Jun 30, 2026","=""amzn1.ads-account.g.a5og6bnunpn8m911rke7gdql""",Cubelelo,279942205262904,BA - Generic - Mid & Low Volume,"=""369883644681767""","SP-KT - Magnetic - Open, 2x2, 4x4, 5x5 - High Volume - Exact & Phrase","=""458736197006168""",Phrase - Magnetic - 2x2 - Mid & Low Volume,B08XK25RRF,"Cubelelo Drift 2x2 & 3x3 Cube Gift Box Combo | 2-in-1 Puzzle Toy Game Set for Children Kids & Adults Ages 4 5 6 & Above | Double the Challenge, Twice the Fun | Ultimate Value Saver Combo",-1,cubelelo,0300 Games & Puzzles,0307 Non-wooden Puzzles,Toy,1460501,AMAZON_IN,157,3,1.9108%,13.43,3,1254.28,3,4.47667,1.9108%,93.39389,2,979.04,2,6.71500,1.2739%,72.89948,1,275.24,1,,,,,,,,,
INR,"Jun 01, 2026 - Jun 30, 2026","=""amzn1.ads-account.g.a5og6bnunpn8m911rke7gdql""",Cubelelo,153505421940411,BA - Competition - Moyu,"=""535209545252680""",SP-KT - Comp - Moyu - Generic - Mid & Low Volume - Exact & Phrase,"=""354103828771122""",Moyu - 3x3 - Low Volume,B08XK25RRF,"Cubelelo Drift 2x2 & 3x3 Cube Gift Box Combo | 2-in-1 Puzzle Toy Game Set for Children Kids & Adults Ages 4 5 6 & Above | Double the Challenge, Twice the Fun | Ultimate Value Saver Combo",-1,cubelelo,0300 Games & Puzzles,0307 Non-wooden Puzzles,Toy,1460501,AMAZON_IN,204,0,0.0000%,0.00,0,0.00,0,,0.0000%,,0,0.00,0,,0.0000%,,0,0.00,0,,,,,,,,,
INR,"Jun 01, 2026 - Jun 30, 2026","=""amzn1.ads-account.g.a5og6bnunpn8m911rke7gdql""",Cubelelo,279942205262904,BA - Generic - Mid & Low Volume,"=""560766968003680""","SP-KT - Mirror, Infinity & Combo - Open - Mid & Low Volume - Exact & Phrase - UND","=""531829023860059""",Phrase - Combo - Mid & Low Volume,B08XK25RRF,"Cubelelo Drift 2x2 & 3x3 Cube Gift Box Combo | 2-in-1 Puzzle Toy Game Set for Children Kids & Adults Ages 4 5 6 & Above | Double the Challenge, Twice the Fun | Ultimate Value Saver Combo",-1,cubelelo,0300 Games & Puzzles,0307 Non-wooden Puzzles,Toy,1460501,AMAZON_IN,17117,78,0.4557%,631.86,14,6145.70,18,45.13286,0.0818%,9.72636,12,4339.98,14,52.65500,0.0701%,6.86858,2,1805.72,4,,,,,,,,,
INR,"Jun 01, 2026 - Jun 30, 2026","=""amzn1.ads-account.g.a5og6bnunpn8m911rke7gdql""",Cubelelo,279942205262904,BA - Generic - Mid & Low Volume,"=""466977135029356""",SP-KT - Generic - 2x2 - Mid & Low Volume - Exact & Phrase,"=""398214295345341""",Generic - 2x2 - Mid & Low Volume,B08XK25RRF,"Cubelelo Drift 2x2 & 3x3 Cube Gift Box Combo | 2-in-1 Puzzle Toy Game Set for Children Kids & Adults Ages 4 5 6 & Above | Double the Challenge, Twice the Fun | Ultimate Value Saver Combo",-1,cubelelo,0300 Games & Puzzles,0307 Non-wooden Puzzles,Toy,1460501,AMAZON_IN,37628,339,0.9009%,3511.49,67,21469.35,68,52.41030,0.1781%,6.11403,64,20549.34,64,54.86703,0.1701%,5.85203,3,920.01,4,,,,,,,,,
INR,"Jun 01, 2026 - Jun 30, 2026","=""amzn1.ads-account.g.a5og6bnunpn8m911rke7gdql""",Cubelelo,162147707583156,BA - Branded - Cubelelo,"=""329970929951347""",SP-KT - Branded - Cubelelo - Mid & Low Volume - Exact & Phrase - UND,"=""298700263606024""",Branded,B08XK25RRF,"Cubelelo Drift 2x2 & 3x3 Cube Gift Box Combo | 2-in-1 Puzzle Toy Game Set for Children Kids & Adults Ages 4 5 6 & Above | Double the Challenge, Twice the Fun | Ultimate Value Saver Combo",-1,cubelelo,0300 Games & Puzzles,0307 Non-wooden Puzzles,Toy,1460501,AMAZON_IN,12981,58,0.4468%,451.75,10,2871.44,16,45.17500,0.0770%,6.35626,2,626.66,2,225.87500,0.0154%,1.38718,8,2244.78,14,,,,,,,,,
INR,"Jun 01, 2026 - Jun 30, 2026","=""amzn1.ads-account.g.a5og6bnunpn8m911rke7gdql""",Cubelelo,279942205262904,BA - Generic - Mid & Low Volume,"=""369883644681767""","SP-KT - Magnetic - Open, 2x2, 4x4, 5x5 - High Volume - Exact & Phrase","=""371587655476259""",Magnetic - 2x2 - Mid & Low Volume,B08XK25RRF,"Cubelelo Drift 2x2 & 3x3 Cube Gift Box Combo | 2-in-1 Puzzle Toy Game Set for Children Kids & Adults Ages 4 5 6 & Above | Double the Challenge, Twice the Fun | Ultimate Value Saver Combo",-1,cubelelo,0300 Games & Puzzles,0307 Non-wooden Puzzles,Toy,1460501,AMAZON_IN,254,0,0.0000%,0.00,0,0.00,0,,0.0000%,,0,0.00,0,,0.0000%,,0,0.00,0,,,,,,,,,
INR,"Jun 05, 2026 - Jun 30, 2026","=""amzn1.ads-account.g.a5og6bnunpn8m911rke7gdql""",Cubelelo,153505421940411,BA - Competition - Moyu,"=""535209545252680""",SP-KT - Comp - Moyu - Generic - Mid & Low Volume - Exact & Phrase,"=""354103828771122""",Moyu - 3x3 - Low Volume,B0CL3HR7YS,"Cubelelo Drift Warrior 3x3 & Premium Cube Lubricant Combo | Speed Cube Set for Fast, Smooth, Professional Solving | Ultimate Kit for All Your Speedcubing Needs Multicolor for Kids, Adults All Ages",B0F18TBS19,cubelelo,0300 Games & Puzzles,0307 Non-wooden Puzzles,Toy,CLB0502,AMAZON_IN,87,0,0.0000%,0.00,0,0.00,0,,0.0000%,,0,0.00,0,,0.0000%,,0,0.00,0,,,,,,,,,
INR,"Jun 01, 2026 - Jun 30, 2026","=""amzn1.ads-account.g.a5og6bnunpn8m911rke7gdql""",Cubelelo,279942205262904,BA - Generic - Mid & Low Volume,"=""405383753413943""","SP-KT - Lube Combo, Magic, Pyraminx, Skewb, Stand, Timer, Gear - Open - Mid & Low Volume - Exact & Phrase","=""515672683970502""",Magic - Mid & Low Volume - Exact & Phrase,B0CL3HR7YS,"Cubelelo Drift Warrior 3x3 & Premium Cube Lubricant Combo | Speed Cube Set for Fast, Smooth, Professional Solving | Ultimate Kit for All Your Speedcubing Needs Multicolor for Kids, Adults All Ages",B0F18TBS19,cubelelo,0300 Games & Puzzles,0307 Non-wooden Puzzles,Toy,CLB0502,AMAZON_IN,136,0,0.0000%,0.00,0,0.00,0,,0.0000%,,0,0.00,0,,0.0000%,,0,0.00,0,,,,,,,,,
INR,"Jun 01, 2026 - Jun 30, 2026","=""amzn1.ads-account.g.a5og6bnunpn8m911rke7gdql""",Cubelelo,279942205262904,BA - Generic - Mid & Low Volume,"=""405383753413943""","SP-KT - Lube Combo, Magic, Pyraminx, Skewb, Stand, Timer, Gear - Open - Mid & Low Volume - Exact & Phrase","=""387936063231496""",Lube Combo - Mid & Low Volume - Exact & Phrase,B0CL3HR7YS,"Cubelelo Drift Warrior 3x3 & Premium Cube Lubricant Combo | Speed Cube Set for Fast, Smooth, Professional Solving | Ultimate Kit for All Your Speedcubing Needs Multicolor for Kids, Adults All Ages",B0F18TBS19,cubelelo,0300 Games & Puzzles,0307 Non-wooden Puzzles,Toy,CLB0502,AMAZON_IN,10641,150,1.4096%,764.13,23,5777.14,25,33.22304,0.2161%,7.56042,10,2685.71,10,76.41300,0.0940%,3.51473,13,3091.43,15,,,,,,,,,
INR,"Jun 01, 2026 - Jun 30, 2026","=""amzn1.ads-account.g.a5og6bnunpn8m911rke7gdql""",Cubelelo,162147707583156,BA - Branded - Cubelelo,"=""433317578586761""",SP-KT - Branded - Cubelelo - High Volume - Exact,"=""374742854439176""",Branded 3x3 - SKAG,B0CL3HR7YS,"Cubelelo Drift Warrior 3x3 & Premium Cube Lubricant Combo | Speed Cube Set for Fast, Smooth, Professional Solving | Ultimate Kit for All Your Speedcubing Needs Multicolor for Kids, Adults All Ages",B0F18TBS19,cubelelo,0300 Games & Puzzles,0307 Non-wooden Puzzles,Toy,CLB0502,AMAZON_IN,2984,47,1.5751%,141.08,7,1383.82,7,20.15429,0.2346%,9.80876,1,256.19,1,141.08000,0.0335%,1.81592,6,1127.63,6,,,,,,,,,
INR,"Jun 01, 2026 - Jun 30, 2026","=""amzn1.ads-account.g.a5og6bnunpn8m911rke7gdql""",Cubelelo,162147707583156,BA - Branded - Cubelelo,"=""329970929951347""",SP-KT - Branded - Cubelelo - Mid & Low Volume - Exact & Phrase - UND,"=""479460967599506""",Branded - 3x3,B0CL3HR7YS,"Cubelelo Drift Warrior 3x3 & Premium Cube Lubricant Combo | Speed Cube Set for Fast, Smooth, Professional Solving | Ultimate Kit for All Your Speedcubing Needs Multicolor for Kids, Adults All Ages",B0F18TBS19,cubelelo,0300 Games & Puzzles,0307 Non-wooden Puzzles,Toy,CLB0502,AMAZON_IN,12400,91,0.7339%,546.89,8,1925.72,8,68.36125,0.0645%,3.52122,3,987.62,3,182.29667,0.0242%,1.80588,5,938.10,5,,,,,,,,,
INR,"Jun 22, 2026 - Jun 30, 2026","=""amzn1.ads-account.g.a5og6bnunpn8m911rke7gdql""",Cubelelo,14896671318530,BA - Tinker Box,"=""178894007177834""",BA - SP - Auto - Tinker Box - 0-2 Years - DO,"=""524300284583215""",Tinker Box,B0FQTB4GY7,TinkerBox Play Gym and Mobile Hanging Combo | 0+ Months | Wooden Baby Activity Gym with Hanging Toys | Tummy Time & Sensory Development Toy,-1,Tinker Box,10000 Activity Entertainment,10010 Playmats,Baby product,TBC0001,AMAZON_IN,780,22,2.8205%,121.00,0,0.00,0,,0.0000%,0.00000,0,0.00,0,,0.0000%,0.00000,0,0.00,0,,,,,,,,,
INR,"Jun 01, 2026 - Jun 30, 2026","=""amzn1.ads-account.g.a5og6bnunpn8m911rke7gdql""",Cubelelo,279942205262904,BA - Generic - Mid & Low Volume,"=""405383753413943""","SP-KT - Lube Combo, Magic, Pyraminx, Skewb, Stand, Timer, Gear - Open - Mid & Low Volume - Exact & Phrase","=""529078608813302""",Stand - Mid & Low Volume - Exact & Phrase,B0DJ5CMDY1,Cubelelo Drift 3x3 Stickerless Speed Cube with Cube Lubricant and Stand Combo | High-Performance | Smooth Turning & Durable | Ideal for Beginners & Pros | Suitable for Kids & Adults,B0DJ5FTR8Z,cubelelo,0300 Games & Puzzles,0330 Brainteasers,Toy,1460594,AMAZON_IN,180,2,1.1111%,9.60,0,0.00,0,,0.0000%,0.00000,0,0.00,0,,0.0000%,0.00000,0,0.00,0,,,,,,,,,
INR,"Jun 01, 2026 - Jun 30, 2026","=""amzn1.ads-account.g.a5og6bnunpn8m911rke7gdql""",Cubelelo,106276615587889,BA - Wooden Toys,"=""514205760335996""",SP-KT - Montessori Slide Four Colour Puzzle - Mid & Low Volume - Exact,"=""297202938929171""",KT - Colour stack,B0C17348FD,Cubelelo Drift Montessori Slide Four Colour Puzzle Game | Educational Wooden Toy for Kids | Color & Shape Matching Brain Teaser for Ages 3-7 | Preschool Learning Toy for Boys & Girls,-1,cubelelo,1800 Learning & Exploration,1817 Educational Toys,Toy,4001050,AMAZON_IN,3564,11,0.3086%,157.64,0,0.00,0,,0.0000%,0.00000,0,0.00,0,,0.0000%,0.00000,0,0.00,0,,,,,,,,,
INR,"Jun 01, 2026 - Jun 24, 2026","=""amzn1.ads-account.g.a5og6bnunpn8m911rke7gdql""",Cubelelo,215664054810032,BA - Number Sliding Puzzle,"=""487445557152955""",SP - PT - 4x4 Number Sliding Puzzle - Competition,"=""311373567312843""",SP PT,B0C17348FD,Cubelelo Drift Montessori Slide Four Colour Puzzle Game | Educational Wooden Toy for Kids | Color & Shape Matching Brain Teaser for Ages 3-7 | Preschool Learning Toy for Boys & Girls,-1,cubelelo,1800 Learning & Exploration,1817 Educational Toys,Toy,4001050,AMAZON_IN,15,0,0.0000%,0.00,0,0.00,0,,0.0000%,,0,0.00,0,,0.0000%,,0,0.00,0,,,,,,,,,
INR,"Jun 01, 2026 - Jun 30, 2026","=""amzn1.ads-account.g.a5og6bnunpn8m911rke7gdql""",Cubelelo,279942205262904,BA - Generic - Mid & Low Volume,"=""498287583816355""","SP-KT - Generic - 5x5, 6x6, 7x7, Keychain - Mid & Low Volume - Exact & Phrase","=""488567764457494""",Generic - Keychain - Low Volume,B0D9SHQ58C,Cubelelo Drift Keychain 3x3 (Stickered) Cube Pack of 5 | Mini Speed Cube | Portable & Fun | Suitable for All Ages | Great Gift Idea,B0D9VS131F,cubelelo,7500 Car & Truck Parts,7599 Uncategorized,Automotive,CLB0240,AMAZON_IN,1672,17,1.0167%,63.08,1,284.76,1,63.08000,0.0598%,4.51427,1,284.76,1,63.08000,0.0598%,4.51427,0,0.00,0,,,,,,,,,
INR,"Jun 01, 2026 - Jun 30, 2026","=""amzn1.ads-account.g.a5og6bnunpn8m911rke7gdql""",Cubelelo,279942205262904,BA - Generic - Mid & Low Volume,"=""327104446426115""","SP-KT - Axis - Windmill - Fisher, Cylinder, Kids, Mini, Smart, Pyramid - Open - Mid & Low Volume - Exact & Phrase","=""528810430432085""",Mini - Mid & Low Volume - Exact & Phrase,B0D9SHQ58C,Cubelelo Drift Keychain 3x3 (Stickered) Cube Pack of 5 | Mini Speed Cube | Portable & Fun | Suitable for All Ages | Great Gift Idea,B0D9VS131F,cubelelo,7500 Car & Truck Parts,7599 Uncategorized,Automotive,CLB0240,AMAZON_IN,6111,65,1.0637%,251.04,3,1092.38,3,83.68000,0.0491%,4.35142,3,1092.38,3,83.68000,0.0491%,4.35142,0,0.00,0,,,,,,,,,
INR,"Jun 01, 2026 - Jun 30, 2026","=""amzn1.ads-account.g.a5og6bnunpn8m911rke7gdql""",Cubelelo,215664054810032,BA - Number Sliding Puzzle,"=""439881614291142""",SP - KT - 4x4 Number Sliding Puzzle - Mid & Low Volume - Phrase and BMM,"=""477869615967999""",Generic Number Puzzle,B0C17348FD,Cubelelo Drift Montessori Slide Four Colour Puzzle Game | Educational Wooden Toy for Kids | Color & Shape Matching Brain Teaser for Ages 3-7 | Preschool Learning Toy for Boys & Girls,-1,cubelelo,1800 Learning & Exploration,1817 Educational Toys,Toy,4001050,AMAZON_IN,8936,49,0.5483%,614.64,0,0.00,0,,0.0000%,0.00000,0,0.00,0,,0.0000%,0.00000,0,0.00,0,,,,,,,,,
INR,"Jun 01, 2026 - Jun 30, 2026","=""amzn1.ads-account.g.a5og6bnunpn8m911rke7gdql""",Cubelelo,279942205262904,BA - Generic - Mid & Low Volume,"=""315451570129574""","SP-KT - Maglev, Mastermorphix, Puppet, Snake, Square1, Megaminx - Open - Mid & Low Volume - Exact & Phrase - UND","=""355780307112522""",Snake - Mid & Low Volume - Exact & Phrase,B0BV247KZ6,Cubelelo Magic Snake Rainbow Puzzle Cube (24 Wedges) | Twist and Turn Shape Creation Fun Game for Kids Boys Girls and Adults | Multicolor Brain Teaser Stress Buster Toy | for Ages 3 Years and Above,B0CT8VHGGD,cubelelo,0300 Games & Puzzles,0307 Non-wooden Puzzles,Toy,1310035_EAN,AMAZON_IN,12988,255,1.9634%,1437.16,35,13535.17,38,41.06171,0.2695%,9.41800,31,11815.17,34,46.36000,0.2387%,8.22119,4,1720.00,4,,,,,,,,,
INR,"Jun 01, 2026 - Jun 30, 2026","=""amzn1.ads-account.g.a5og6bnunpn8m911rke7gdql""",Cubelelo,279942205262904,BA - Generic - Mid & Low Volume,"=""405383753413943""","SP-KT - Lube Combo, Magic, Pyraminx, Skewb, Stand, Timer, Gear - Open - Mid & Low Volume - Exact & Phrase","=""372803868727165""",Skewb - Mid & Low Volume - Exact & Phrase,B09K7QWDT5,Cubelelo Drift Skewb Stickerless Speedcube Puzzle for Kids & Adults | Fast & Smooth Stress Buster | Brain-Boosting Challenge for Kids and Adults (Multicolour),B08BTYH1QF,cubelelo,0300 Games & Puzzles,0307 Non-wooden Puzzles,Toy,1130100,AMAZON_IN,15540,304,1.9562%,2434.63,68,34474.79,72,35.80338,0.4376%,14.16018,46,26142.99,50,52.92674,0.2960%,10.73797,22,8331.80,22,,,,,,,,,
INR,"Jun 01, 2026 - Jun 30, 2026","=""amzn1.ads-account.g.a5og6bnunpn8m911rke7gdql""",Cubelelo,279942205262904,BA - Generic - Mid & Low Volume,"=""315451570129574""","SP-KT - Maglev, Mastermorphix, Puppet, Snake, Square1, Megaminx - Open - Mid & Low Volume - Exact & Phrase - UND","=""391120880267490""",Unique - Mid & Low Volume - Exact & Phrase,B09K7QWDT5,Cubelelo Drift Skewb Stickerless Speedcube Puzzle for Kids & Adults | Fast & Smooth Stress Buster | Brain-Boosting Challenge for Kids and Adults (Multicolour),B08BTYH1QF,cubelelo,0300 Games & Puzzles,0307 Non-wooden Puzzles,Toy,1130100,AMAZON_IN,4402,31,0.7042%,183.33,2,645.71,2,91.66500,0.0454%,3.52212,1,380.00,1,183.33000,0.0227%,2.07277,1,265.71,1,,,,,,,,,
INR,"Jun 01, 2026 - Jun 30, 2026","=""amzn1.ads-account.g.a5og6bnunpn8m911rke7gdql""",Cubelelo,279942205262904,BA - Generic - Mid & Low Volume,"=""315451570129574""","SP-KT - Maglev, Mastermorphix, Puppet, Snake, Square1, Megaminx - Open - Mid & Low Volume - Exact & Phrase - UND","=""341230793876965""",Mastermorphix - Mid & Low Volume - Exact & Phrase,B09K7QWDT5,Cubelelo Drift Skewb Stickerless Speedcube Puzzle for Kids & Adults | Fast & Smooth Stress Buster | Brain-Boosting Challenge for Kids and Adults (Multicolour),B08BTYH1QF,cubelelo,0300 Games & Puzzles,0307 Non-wooden Puzzles,Toy,1130100,AMAZON_IN,1462,6,0.4104%,60.49,0,0.00,0,,0.0000%,0.00000,0,0.00,0,,0.0000%,0.00000,0,0.00,0,,,,,,,,,
INR,"Jun 01, 2026 - Jun 30, 2026","=""amzn1.ads-account.g.a5og6bnunpn8m911rke7gdql""",Cubelelo,279942205262904,BA - Generic - Mid & Low Volume,"=""405383753413943""","SP-KT - Lube Combo, Magic, Pyraminx, Skewb, Stand, Timer, Gear - Open - Mid & Low Volume - Exact & Phrase","=""350064977792250""",Timer - Mid & Low Volume - Exact & Phrase,B09HH8MCK4,Cubelelo Drift Cube Timer for Speed Cube,B0CXYCGG46,cubelelo,0300 Games & Puzzles,0307 Non-wooden Puzzles,Toy,1380100,AMAZON_IN,11201,244,2.1784%,1221.24,18,16706.64,18,67.84667,0.1607%,13.68006,14,15272.36,14,87.23143,0.1250%,12.50562,4,1434.28,4,,,,,,,,,
INR,"Jun 01, 2026 - Jun 30, 2026","=""amzn1.ads-account.g.a5og6bnunpn8m911rke7gdql""",Cubelelo,162147707583156,BA - Branded - Cubelelo,"=""343328245514155""",BA - SP PT - Cube Timer - Brand - ST,"=""544745524853066""",Cube timer_ST,B09HH8MCK4,Cubelelo Drift Cube Timer for Speed Cube,B0CXYCGG46,cubelelo,0300 Games & Puzzles,0307 Non-wooden Puzzles,Toy,1380100,AMAZON_IN,6392,323,5.0532%,1848.24,29,32753.28,29,63.73241,0.4537%,17.72134,24,30405.66,24,77.01000,0.3755%,16.45114,5,2347.62,5,,,,,,,,,
INR,"Jun 02, 2026 - Jun 26, 2026","=""amzn1.ads-account.g.a5og6bnunpn8m911rke7gdql""",Cubelelo,108066094626813,BA - Generic - Extremely High Volume,"=""530532259196935""","SP-KT - Megaminx, Pyramid, Timer & Gear - Open - High Volume - Exact","=""515308926056437""",Timer - High Volume SKAG,B09HH8MCK4,Cubelelo Drift Cube Timer for Speed Cube,B0CXYCGG46,cubelelo,0300 Games & Puzzles,0307 Non-wooden Puzzles,Toy,1380100,AMAZON_IN,14,1,7.1429%,1.65,0,0.00,0,,0.0000%,0.00000,0,0.00,0,,0.0000%,0.00000,0,0.00,0,,,,,,,,,
INR,"Jun 02, 2026 - Jun 13, 2026","=""amzn1.ads-account.g.a5og6bnunpn8m911rke7gdql""",Cubelelo,162147707583156,BA - Branded - Cubelelo,"=""329970929951347""",SP-KT - Branded - Cubelelo - Mid & Low Volume - Exact & Phrase - UND,"=""463035025528262""",Timer,B09HH8MCK4,Cubelelo Drift Cube Timer for Speed Cube,B0CXYCGG46,cubelelo,0300 Games & Puzzles,0307 Non-wooden Puzzles,Toy,1380100,AMAZON_IN,8,0,0.0000%,0.00,0,0.00,0,,0.0000%,,0,0.00,0,,0.0000%,,0,0.00,0,,,,,,,,,
INR,"Jun 07, 2026 - Jun 07, 2026","=""amzn1.ads-account.g.a5og6bnunpn8m911rke7gdql""",Cubelelo,182829498693993,BA - Competition - GAN,"=""287167733706633""",SP-KT - Comp - GAN - Generic - High Volume - Exact,"=""497061644898658""",Gan - Generic - High Volume,B0DQQ314PV,Cubelelo GAN 356 ME (v2-Frosted) 3x3 Magnetic Speed Cube | New Version | Premium Smooth Turning Puzzle for Speedcubing | Fast & Stable Competition-Ready Cube for Beginners & Professionals,B0DX26WL82,cubelelo,0300 Games & Puzzles,0307 Non-wooden Puzzles,Toy,1030538,AMAZON_IN,1,0,0.0000%,0.00,0,0.00,0,,0.0000%,,0,0.00,0,,0.0000%,,0,0.00,0,,,,,,,,,
INR,"Jun 06, 2026 - Jun 06, 2026","=""amzn1.ads-account.g.a5og6bnunpn8m911rke7gdql""",Cubelelo,182829498693993,BA - Competition - GAN,"=""548052105782309""",SP-KT - Comp - GAN - 3x3 - High Volume - Exact,"=""489910891681991""",Gan - 3x3 - High Volume,B0DQQ314PV,Cubelelo GAN 356 ME (v2-Frosted) 3x3 Magnetic Speed Cube | New Version | Premium Smooth Turning Puzzle for Speedcubing | Fast & Stable Competition-Ready Cube for Beginners & Professionals,B0DX26WL82,cubelelo,0300 Games & Puzzles,0307 Non-wooden Puzzles,Toy,1030538,AMAZON_IN,1,0,0.0000%,0.00,0,0.00,0,,0.0000%,,0,0.00,0,,0.0000%,,0,0.00,0,,,,,,,,,
INR,"Jun 02, 2026 - Jun 02, 2026","=""amzn1.ads-account.g.a5og6bnunpn8m911rke7gdql""",Cubelelo,182829498693993,BA - Competition - GAN,"=""303138629347007""",SP-KT - Comp - GAN - Generic - Mid & Low Volume - Exact & Phrase,"=""432248665340700""",Phrase - Gan - Generic - Mid & Low Volume,B0DQQ314PV,Cubelelo GAN 356 ME (v2-Frosted) 3x3 Magnetic Speed Cube | New Version | Premium Smooth Turning Puzzle for Speedcubing | Fast & Stable Competition-Ready Cube for Beginners & Professionals,B0DX26WL82,cubelelo,0300 Games & Puzzles,0307 Non-wooden Puzzles,Toy,1030538,AMAZON_IN,1,0,0.0000%,0.00,0,0.00,0,,0.0000%,,0,0.00,0,,0.0000%,,0,0.00,0,,,,,,,,,
INR,"Jun 03, 2026 - Jun 05, 2026","=""amzn1.ads-account.g.a5og6bnunpn8m911rke7gdql""",Cubelelo,182829498693993,BA - Competition - GAN,"=""303138629347007""",SP-KT - Comp - GAN - Generic - Mid & Low Volume - Exact & Phrase,"=""439855833331529""",Gan - Generic - Mid & Low Volume,B0DQQ314PV,Cubelelo GAN 356 ME (v2-Frosted) 3x3 Magnetic Speed Cube | New Version | Premium Smooth Turning Puzzle for Speedcubing | Fast & Stable Competition-Ready Cube for Beginners & Professionals,B0DX26WL82,cubelelo,0300 Games & Puzzles,0307 Non-wooden Puzzles,Toy,1030538,AMAZON_IN,3,0,0.0000%,0.00,0,0.00,0,,0.0000%,,0,0.00,0,,0.0000%,,0,0.00,0,,,,,,,,,
INR,"Jun 02, 2026 - Jun 13, 2026","=""amzn1.ads-account.g.a5og6bnunpn8m911rke7gdql""",Cubelelo,162147707583156,BA - Branded - Cubelelo,"=""329970929951347""",SP-KT - Branded - Cubelelo - Mid & Low Volume - Exact & Phrase - UND,"=""463035025528262""",Timer,B0D9M7YY95,Cubelelo Drift Timer and AstroCuber Mat Combo | Precision Speed Cubing Timer & Premium Non-Slip Mat | Enhance Your Cubing Performance | Ideal for All Ages & Skill Levels,-1,cubelelo,0300 Games & Puzzles,0301 Family Board / Action,Toy,CLB0238,AMAZON_IN,8,0,0.0000%,0.00,0,0.00,0,,0.0000%,,0,0.00,0,,0.0000%,,0,0.00,0,,,,,,,,,
INR,"Jun 03, 2026 - Jun 26, 2026","=""amzn1.ads-account.g.a5og6bnunpn8m911rke7gdql""",Cubelelo,108066094626813,BA - Generic - Extremely High Volume,"=""530532259196935""","SP-KT - Megaminx, Pyramid, Timer & Gear - Open - High Volume - Exact","=""515308926056437""",Timer - High Volume SKAG,B0D9M7YY95,Cubelelo Drift Timer and AstroCuber Mat Combo | Precision Speed Cubing Timer & Premium Non-Slip Mat | Enhance Your Cubing Performance | Ideal for All Ages & Skill Levels,-1,cubelelo,0300 Games & Puzzles,0301 Family Board / Action,Toy,CLB0238,AMAZON_IN,14,0,0.0000%,0.00,0,0.00,0,,0.0000%,,0,0.00,0,,0.0000%,,0,0.00,0,,,,,,,,,
INR,"Jun 01, 2026 - Jun 30, 2026","=""amzn1.ads-account.g.a5og6bnunpn8m911rke7gdql""",Cubelelo,162147707583156,BA - Branded - Cubelelo,"=""343328245514155""",BA - SP PT - Cube Timer - Brand - ST,"=""544745524853066""",Cube timer_ST,B0D9M7YY95,Cubelelo Drift Timer and AstroCuber Mat Combo | Precision Speed Cubing Timer & Premium Non-Slip Mat | Enhance Your Cubing Performance | Ideal for All Ages & Skill Levels,-1,cubelelo,0300 Games & Puzzles,0301 Family Board / Action,Toy,CLB0238,AMAZON_IN,6280,84,1.3376%,641.54,7,7974.29,7,91.64857,0.1115%,12.42992,5,7138.10,5,128.30800,0.0796%,11.12651,2,836.19,2,,,,,,,,,
INR,"Jun 01, 2026 - Jun 28, 2026","=""amzn1.ads-account.g.a5og6bnunpn8m911rke7gdql""",Cubelelo,279942205262904,BA - Generic - Mid & Low Volume,"=""405383753413943""","SP-KT - Lube Combo, Magic, Pyraminx, Skewb, Stand, Timer, Gear - Open - Mid & Low Volume - Exact & Phrase","=""350064977792250""",Timer - Mid & Low Volume - Exact & Phrase,B0D9M7YY95,Cubelelo Drift Timer and AstroCuber Mat Combo | Precision Speed Cubing Timer & Premium Non-Slip Mat | Enhance Your Cubing Performance | Ideal for All Ages & Skill Levels,-1,cubelelo,0300 Games & Puzzles,0301 Family Board / Action,Toy,CLB0238,AMAZON_IN,10762,70,0.6504%,597.85,4,5662.86,4,149.46250,0.0372%,9.47204,4,5662.86,4,149.46250,0.0372%,9.47204,0,0.00,0,,,,,,,,,
INR,"Jun 01, 2026 - Jun 30, 2026","=""amzn1.ads-account.g.a5og6bnunpn8m911rke7gdql""",Cubelelo,106276615587889,BA - Wooden Toys,"=""390890417285743""","SP-CT - Low ASP Cube - Brain Teasers, Framed Puzzles, Pegged Puzzles, Sudoku Puzzles, Floor Puzzles, Learning & Education","=""426976377672780""",Sudoku Puzzles,B08H88N2N9,Cubelelo Drift Warrior 3x3 Stickerless Cube | Beginner Speedcube for Kids Boys Girls Above 3 4 5 6 Years Old & Above | Magic Puzzle Toy | Durable & Smooth Cube with Anti-Pop Design 3 3,B0F18TBS19,cubelelo,0300 Games & Puzzles,0307 Non-wooden Puzzles,Toy,1030500,AMAZON_IN,1452,12,0.8264%,58.02,3,398.10,3,19.34000,0.2066%,6.86143,3,398.10,3,19.34000,0.2066%,6.86143,0,0.00,0,,,,,,,,,
INR,"Jun 01, 2026 - Jun 30, 2026","=""amzn1.ads-account.g.a5og6bnunpn8m911rke7gdql""",Cubelelo,106276615587889,BA - Wooden Toys,"=""390890417285743""","SP-CT - Low ASP Cube - Brain Teasers, Framed Puzzles, Pegged Puzzles, Sudoku Puzzles, Floor Puzzles, Learning & Education","=""484972979056260""",Framed Puzzles,B08H88N2N9,Cubelelo Drift Warrior 3x3 Stickerless Cube | Beginner Speedcube for Kids Boys Girls Above 3 4 5 6 Years Old & Above | Magic Puzzle Toy | Durable & Smooth Cube with Anti-Pop Design 3 3,B0F18TBS19,cubelelo,0300 Games & Puzzles,0307 Non-wooden Puzzles,Toy,1030500,AMAZON_IN,333,0,0.0000%,0.00,0,0.00,0,,0.0000%,,0,0.00,0,,0.0000%,,0,0.00,0,,,,,,,,,
INR,"Jun 01, 2026 - Jun 30, 2026","=""amzn1.ads-account.g.a5og6bnunpn8m911rke7gdql""",Cubelelo,106276615587889,BA - Wooden Toys,"=""390890417285743""","SP-CT - Low ASP Cube - Brain Teasers, Framed Puzzles, Pegged Puzzles, Sudoku Puzzles, Floor Puzzles, Learning & Education","=""360811071420421""",Floor Puzzles,B08H88N2N9,Cubelelo Drift Warrior 3x3 Stickerless Cube | Beginner Speedcube for Kids Boys Girls Above 3 4 5 6 Years Old & Above | Magic Puzzle Toy | Durable & Smooth Cube with Anti-Pop Design 3 3,B0F18TBS19,cubelelo,0300 Games & Puzzles,0307 Non-wooden Puzzles,Toy,1030500,AMAZON_IN,507,0,0.0000%,0.00,0,0.00,0,,0.0000%,,0,0.00,0,,0.0000%,,0,0.00,0,,,,,,,,,
INR,"Jun 01, 2026 - Jun 30, 2026","=""amzn1.ads-account.g.a5og6bnunpn8m911rke7gdql""",Cubelelo,106276615587889,BA - Wooden Toys,"=""390890417285743""","SP-CT - Low ASP Cube - Brain Teasers, Framed Puzzles, Pegged Puzzles, Sudoku Puzzles, Floor Puzzles, Learning & Education","=""388004689059216""",Pegged Puzzles,B08H88N2N9,Cubelelo Drift Warrior 3x3 Stickerless Cube | Beginner Speedcube for Kids Boys Girls Above 3 4 5 6 Years Old & Above | Magic Puzzle Toy | Durable & Smooth Cube with Anti-Pop Design 3 3,B0F18TBS19,cubelelo,0300 Games & Puzzles,0307 Non-wooden Puzzles,Toy,1030500,AMAZON_IN,240,1,0.4167%,1.00,0,0.00,0,,0.0000%,0.00000,0,0.00,0,,0.0000%,0.00000,0,0.00,0,,,,,,,,,
INR,"Jun 01, 2026 - Jun 30, 2026","=""amzn1.ads-account.g.a5og6bnunpn8m911rke7gdql""",Cubelelo,279942205262904,BA - Generic - Mid & Low Volume,"=""285784532724588""",SP-KT - Generic - Open - Cube - Mid & Low Volume - Exact & Phrase,"=""479419335051851""",Phrase - Generic - Open Searches - Mid & Low Volume,B08XJVBV15,"Cubelelo Drift 3x3 & 4x4 Stickerless Combo Set – Premium Dual Speed Cube Bundle for All Skill Levels – Smooth Turning, Durable, and Vibrant Stickerless Design",-1,cubelelo,0300 Games & Puzzles,0307 Non-wooden Puzzles,Toy,1460502,AMAZON_IN,15555,23,0.1479%,162.12,2,817.14,2,81.06000,0.0129%,5.04034,1,503.81,1,162.12000,0.0064%,3.10764,1,313.33,1,,,,,,,,,
INR,"Jun 01, 2026 - Jun 30, 2026","=""amzn1.ads-account.g.a5og6bnunpn8m911rke7gdql""",Cubelelo,279942205262904,BA - Generic - Mid & Low Volume,"=""316273786051120""",SD-CT - 3D Puzzle & Brain Teasers - Comp - Open - Broad - Old,"=""302660200409918""",Category Targeting,B08XJVBV15,"Cubelelo Drift 3x3 & 4x4 Stickerless Combo Set – Premium Dual Speed Cube Bundle for All Skill Levels – Smooth Turning, Durable, and Vibrant Stickerless Design",-1,cubelelo,0300 Games & Puzzles,0307 Non-wooden Puzzles,Toy,1460502,AMAZON_IN,106,0,0.0000%,0.00,0,0.00,0,,0.0000%,,0,0.00,0,,0.0000%,,0,0.00,0,0,0.00,0,,0.0000%,,0,,0.0000%
INR,"Jun 01, 2026 - Jun 30, 2026","=""amzn1.ads-account.g.a5og6bnunpn8m911rke7gdql""",Cubelelo,108066094626813,BA - Generic - Extremely High Volume,"=""495997417400177""",SP-KT - Generic - Open - 'Rubix Cube' - SKAG - High Volume - Exact,"=""536771283942162""",Generic - Open Searches - High Volume SKAG,B08XJVBV15,"Cubelelo Drift 3x3 & 4x4 Stickerless Combo Set – Premium Dual Speed Cube Bundle for All Skill Levels – Smooth Turning, Durable, and Vibrant Stickerless Design",-1,cubelelo,0300 Games & Puzzles,0307 Non-wooden Puzzles,Toy,1460502,AMAZON_IN,12865,34,0.2643%,496.86,4,1990.48,4,124.21500,0.0311%,4.00612,4,1990.48,4,124.21500,0.0311%,4.00612,0,0.00,0,,,,,,,,,
INR,"Jun 01, 2026 - Jun 30, 2026","=""amzn1.ads-account.g.a5og6bnunpn8m911rke7gdql""",Cubelelo,63272072822448,Old - Speed Cube Campaigns All,"=""495291247543690""",BA_SP_KT_Speed cube 3x3_Generic_Phrase_09/23,"=""533767985616784""",Speed cube 3x3,B0DQ8XH4J5,"Cubelelo Drift 3M Plus v2 MagLev 3x3 Speedcube with Premium Pouch & Cube Lubricant Combo | Advanced MagLev Technology for Superior Stability | Ultra-Smooth Turns | Ideal for Speedcubers, Kids & Adults",B0DQPD175T,cubelelo,0300 Games & Puzzles,0315 Electronic HandHeld Games,Toy,CLB0525,AMAZON_IN,44303,297,0.6704%,2501.85,27,17280.01,27,92.66111,0.0609%,6.90689,19,11478.10,19,131.67632,0.0429%,4.58785,8,5801.91,8,,,,,,,,,
INR,"Jun 01, 2026 - Jun 30, 2026","=""amzn1.ads-account.g.a5og6bnunpn8m911rke7gdql""",Cubelelo,182829498693993,BA - Competition - GAN,"=""491880598355368""",SP-KT - Comp - GAN - 3x3 - Mid & Low Volume - Exact & Phrase,"=""404568450484859""",Gan - 3x3 - Mid & Low Volume,B0DQ8XH4J5,"Cubelelo Drift 3M Plus v2 MagLev 3x3 Speedcube with Premium Pouch & Cube Lubricant Combo | Advanced MagLev Technology for Superior Stability | Ultra-Smooth Turns | Ideal for Speedcubers, Kids & Adults",B0DQPD175T,cubelelo,0300 Games & Puzzles,0315 Electronic HandHeld Games,Toy,CLB0525,AMAZON_IN,939,13,1.3845%,50.39,1,1237.14,1,50.39000,0.1065%,24.55130,0,0.00,0,,0.0000%,0.00000,1,1237.14,1,,,,,,,,,
INR,"Jun 03, 2026 - Jun 29, 2026","=""amzn1.ads-account.g.a5og6bnunpn8m911rke7gdql""",Cubelelo,182829498693993,BA - Competition - GAN,"=""491880598355368""",SP-KT - Comp - GAN - 3x3 - Mid & Low Volume - Exact & Phrase,"=""351640142731378""",Phrase - SKAG,B0DQ8XH4J5,"Cubelelo Drift 3M Plus v2 MagLev 3x3 Speedcube with Premium Pouch & Cube Lubricant Combo | Advanced MagLev Technology for Superior Stability | Ultra-Smooth Turns | Ideal for Speedcubers, Kids & Adults",B0DQPD175T,cubelelo,0300 Games & Puzzles,0315 Electronic HandHeld Games,Toy,CLB0525,AMAZON_IN,17,0,0.0000%,0.00,0,0.00,0,,0.0000%,,0,0.00,0,,0.0000%,,0,0.00,0,,,,,,,,,
INR,"Jun 01, 2026 - Jun 30, 2026","=""amzn1.ads-account.g.a5og6bnunpn8m911rke7gdql""",Cubelelo,279942205262904,BA - Generic - Mid & Low Volume,"=""315451570129574""","SP-KT - Maglev, Mastermorphix, Puppet, Snake, Square1, Megaminx - Open - Mid & Low Volume - Exact & Phrase - UND","=""302205874173501""",Maglev - Mid & Low Volume - Exact & Phrase,B0DQ8XH4J5,"Cubelelo Drift 3M Plus v2 MagLev 3x3 Speedcube with Premium Pouch & Cube Lubricant Combo | Advanced MagLev Technology for Superior Stability | Ultra-Smooth Turns | Ideal for Speedcubers, Kids & Adults",B0DQPD175T,cubelelo,0300 Games & Puzzles,0315 Electronic HandHeld Games,Toy,CLB0525,AMAZON_IN,6661,117,1.7565%,988.06,10,9980.94,10,98.80600,0.1501%,10.10155,4,5329.52,4,247.01500,0.0601%,5.39392,6,4651.42,6,,,,,,,,,
INR,"Jun 01, 2026 - Jun 30, 2026","=""amzn1.ads-account.g.a5og6bnunpn8m911rke7gdql""",Cubelelo,182829498693993,BA - Competition - GAN,"=""287167733706633""",SP-KT - Comp - GAN - Generic - High Volume - Exact,"=""497061644898658""",Gan - Generic - High Volume,B0DQ8XH4J5,"Cubelelo Drift 3M Plus v2 MagLev 3x3 Speedcube with Premium Pouch & Cube Lubricant Combo | Advanced MagLev Technology for Superior Stability | Ultra-Smooth Turns | Ideal for Speedcubers, Kids & Adults",B0DQPD175T,cubelelo,0300 Games & Puzzles,0315 Electronic HandHeld Games,Toy,CLB0525,AMAZON_IN,5393,35,0.6490%,272.68,1,760.95,1,272.68000,0.0185%,2.79063,0,0.00,0,,0.0000%,0.00000,1,760.95,1,,,,,,,,,
INR,"Jun 01, 2026 - Jun 30, 2026","=""amzn1.ads-account.g.a5og6bnunpn8m911rke7gdql""",Cubelelo,182829498693993,BA - Competition - GAN,"=""548052105782309""",SP-KT - Comp - GAN - 3x3 - High Volume - Exact,"=""489910891681991""",Gan - 3x3 - High Volume,B0DQ8XH4J5,"Cubelelo Drift 3M Plus v2 MagLev 3x3 Speedcube with Premium Pouch & Cube Lubricant Combo | Advanced MagLev Technology for Superior Stability | Ultra-Smooth Turns | Ideal for Speedcubers, Kids & Adults",B0DQPD175T,cubelelo,0300 Games & Puzzles,0315 Electronic HandHeld Games,Toy,CLB0525,AMAZON_IN,4958,86,1.7346%,396.79,3,2863.81,3,132.26333,0.0605%,7.21745,2,2664.76,2,198.39500,0.0403%,6.71579,1,199.05,1,,,,,,,,,
INR,"Jun 03, 2026 - Jun 03, 2026","=""amzn1.ads-account.g.a5og6bnunpn8m911rke7gdql""",Cubelelo,279942205262904,BA - Generic - Mid & Low Volume,"=""315451570129574""","SP-KT - Maglev, Mastermorphix, Puppet, Snake, Square1, Megaminx - Open - Mid & Low Volume - Exact & Phrase - UND","=""303147424457131""",Square1 - Mid & Low Volume - Exact & Phrase,B082GC1ZBJ,"Cubelelo Moyu Meilong Gift Box (Stickerless) Speed Cube Magic Puzzle | 4-Pack Speedcube Bundle with Pyraminx, Square-1, Skewb & Megaminx | Ultimate Brain Teaser for Kids & Adults",-1,cubelelo,0300 Games & Puzzles,0307 Non-wooden Puzzles,Toy,1460061,AMAZON_IN,1,0,0.0000%,0.00,0,0.00,0,,0.0000%,,0,0.00,0,,0.0000%,,0,0.00,0,,,,,,,,,
INR,"Jun 02, 2026 - Jun 02, 2026","=""amzn1.ads-account.g.a5og6bnunpn8m911rke7gdql""",Cubelelo,279942205262904,BA - Generic - Mid & Low Volume,"=""315451570129574""","SP-KT - Maglev, Mastermorphix, Puppet, Snake, Square1, Megaminx - Open - Mid & Low Volume - Exact & Phrase - UND","=""391120880267490""",Unique - Mid & Low Volume - Exact & Phrase,B082GC1ZBJ,"Cubelelo Moyu Meilong Gift Box (Stickerless) Speed Cube Magic Puzzle | 4-Pack Speedcube Bundle with Pyraminx, Square-1, Skewb & Megaminx | Ultimate Brain Teaser for Kids & Adults",-1,cubelelo,0300 Games & Puzzles,0307 Non-wooden Puzzles,Toy,1460061,AMAZON_IN,1,0,0.0000%,0.00,0,0.00,0,,0.0000%,,0,0.00,0,,0.0000%,,0,0.00,0,,,,,,,,,
INR,"Jun 02, 2026 - Jun 09, 2026","=""amzn1.ads-account.g.a5og6bnunpn8m911rke7gdql""",Cubelelo,279942205262904,BA - Generic - Mid & Low Volume,"=""405383753413943""","SP-KT - Lube Combo, Magic, Pyraminx, Skewb, Stand, Timer, Gear - Open - Mid & Low Volume - Exact & Phrase","=""372803868727165""",Skewb - Mid & Low Volume - Exact & Phrase,B0BZL2VBRM,"Cubelelo 2x2, 3x3, Pyraminx & Skewb Combo Stickerless | Speedcube Set for Kids & Adults | Smooth & Durable Puzzle Cubes | Ideal Combo for Beginners & Pros",-1,cubelelo,0300 Games & Puzzles,0307 Non-wooden Puzzles,Toy,1460551,AMAZON_IN,3,0,0.0000%,0.00,0,0.00,0,,0.0000%,,0,0.00,0,,0.0000%,,0,0.00,0,,,,,,,,,
INR,"Jun 01, 2026 - Jun 30, 2026","=""amzn1.ads-account.g.a5og6bnunpn8m911rke7gdql""",Cubelelo,106276615587889,BA - Wooden Toys,"=""333332405788753""",SP - Non Cube - Infinity cube - Generic - Phrase & Exact,"=""556873628191239""",Infinity cube,B09B7PNSTV,Cubelelo Drift Infinity Cube (Blue) | Magic Puzzle Cool Mini Gadget for Stress and Anxiety Relief for Kids and Adults | Desk Finger Flip Toy for Fun and Game | for Ages 3 Years and Above,B0CWH1ZVTQ,cubelelo,0300 Games & Puzzles,0307 Non-wooden Puzzles,Toy,1630202,AMAZON_IN,36995,714,1.9300%,4021.15,87,27956.10,87,46.22011,0.2352%,6.95227,80,25162.76,80,50.26438,0.2162%,6.25760,7,2793.34,7,,,,,,,,,
INR,"Jun 01, 2026 - Jun 30, 2026","=""amzn1.ads-account.g.a5og6bnunpn8m911rke7gdql""",Cubelelo,242135938115990,BA - Competition - Cubes,"=""531300400003008""","SP-CT - Infinity Cuber - Dice Fidget Toys, Infinity Cubes & 3-D Puzzles","=""402525019912413""",Infinity Cube,B09B7PNSTV,Cubelelo Drift Infinity Cube (Blue) | Magic Puzzle Cool Mini Gadget for Stress and Anxiety Relief for Kids and Adults | Desk Finger Flip Toy for Fun and Game | for Ages 3 Years and Above,B0CWH1ZVTQ,cubelelo,0300 Games & Puzzles,0307 Non-wooden Puzzles,Toy,1630202,AMAZON_IN,41885,289,0.6900%,770.77,21,7162.95,24,36.70333,0.0501%,9.29324,17,4889.50,17,45.33941,0.0406%,6.34366,4,2273.45,7,,,,,,,,,
INR,"Jun 01, 2026 - Jun 30, 2026","=""amzn1.ads-account.g.a5og6bnunpn8m911rke7gdql""",Cubelelo,279942205262904,BA - Generic - Mid & Low Volume,"=""560766968003680""","SP-KT - Mirror, Infinity & Combo - Open - Mid & Low Volume - Exact & Phrase - UND","=""432237711542454""",Phrase - Infinity - Mid & Low Volume,B09B7PNSTV,Cubelelo Drift Infinity Cube (Blue) | Magic Puzzle Cool Mini Gadget for Stress and Anxiety Relief for Kids and Adults | Desk Finger Flip Toy for Fun and Game | for Ages 3 Years and Above,B0CWH1ZVTQ,cubelelo,0300 Games & Puzzles,0307 Non-wooden Puzzles,Toy,1630202,AMAZON_IN,27879,316,1.1335%,1879.31,44,14803.76,46,42.71159,0.1578%,7.87723,42,14129.47,44,44.74548,0.1507%,7.51844,2,674.29,2,,,,,,,,,
INR,"Jun 01, 2026 - Jun 30, 2026","=""amzn1.ads-account.g.a5og6bnunpn8m911rke7gdql""",Cubelelo,192177104268571,Old - Non Cube,"=""358488783032231""",SP-Auto - Infinity Cubes,"=""433356583073128""",Infinity Cube,B09B7PNSTV,Cubelelo Drift Infinity Cube (Blue) | Magic Puzzle Cool Mini Gadget for Stress and Anxiety Relief for Kids and Adults | Desk Finger Flip Toy for Fun and Game | for Ages 3 Years and Above,B0CWH1ZVTQ,cubelelo,0300 Games & Puzzles,0307 Non-wooden Puzzles,Toy,1630202,AMAZON_IN,681234,5513,0.8093%,15040.40,215,70622.64,220,69.95535,0.0316%,4.69553,197,63184.54,202,76.34721,0.0289%,4.20099,18,7438.10,18,,,,,,,,,
INR,"Jun 01, 2026 - Jun 30, 2026","=""amzn1.ads-account.g.a5og6bnunpn8m911rke7gdql""",Cubelelo,143920007876206,BA - Megaminx Gan,"=""159344480735091""",SP-KT - Megaminx - Generic - High Volume - Exact - UND,"=""162364644286195""",Megaminx - High Volume - Exact,B0DB6311DK,Cubelelo Drift Megaminx v2 Cube (New Improved Version) | 12-Sided Fun and Challenging Puzzle with Ridge Design | Smooth Turning Dodecahedron | Perfect for Speed-Cubing | Ideal for Kids & Adults,B0DFGXG393,cubelelo,0300 Games & Puzzles,0307 Non-wooden Puzzles,Toy,1290300,AMAZON_IN,57858,703,1.2150%,5875.62,91,47620.26,91,64.56725,0.1573%,8.10472,64,36130.71,64,91.80656,0.1106%,6.14926,27,11489.55,27,,,,,,,,,
INR,"Jun 08, 2026 - Jun 26, 2026","=""amzn1.ads-account.g.a5og6bnunpn8m911rke7gdql""",Cubelelo,108066094626813,BA - Generic - Extremely High Volume,"=""530532259196935""","SP-KT - Megaminx, Pyramid, Timer & Gear - Open - High Volume - Exact","=""360566109921119""",Megaminx - High Volume SKAG,B0DB6311DK,Cubelelo Drift Megaminx v2 Cube (New Improved Version) | 12-Sided Fun and Challenging Puzzle with Ridge Design | Smooth Turning Dodecahedron | Perfect for Speed-Cubing | Ideal for Kids & Adults,B0DFGXG393,cubelelo,0300 Games & Puzzles,0307 Non-wooden Puzzles,Toy,1290300,AMAZON_IN,7,1,14.2857%,6.14,0,0.00,0,,0.0000%,0.00000,0,0.00,0,,0.0000%,0.00000,0,0.00,0,,,,,,,,,
INR,"Jun 01, 2026 - Jun 30, 2026","=""amzn1.ads-account.g.a5og6bnunpn8m911rke7gdql""",Cubelelo,279942205262904,BA - Generic - Mid & Low Volume,"=""315451570129574""","SP-KT - Maglev, Mastermorphix, Puppet, Snake, Square1, Megaminx - Open - Mid & Low Volume - Exact & Phrase - UND","=""391120880267490""",Unique - Mid & Low Volume - Exact & Phrase,B0DB6311DK,Cubelelo Drift Megaminx v2 Cube (New Improved Version) | 12-Sided Fun and Challenging Puzzle with Ridge Design | Smooth Turning Dodecahedron | Perfect for Speed-Cubing | Ideal for Kids & Adults,B0DFGXG393,cubelelo,0300 Games & Puzzles,0307 Non-wooden Puzzles,Toy,1290300,AMAZON_IN,5211,33,0.6333%,173.16,4,2577.14,4,43.29000,0.0768%,14.88300,3,2263.81,3,57.72000,0.0576%,13.07352,1,313.33,1,,,,,,,,,
INR,"Jun 01, 2026 - Jun 30, 2026","=""amzn1.ads-account.g.a5og6bnunpn8m911rke7gdql""",Cubelelo,279942205262904,BA - Generic - Mid & Low Volume,"=""315451570129574""","SP-KT - Maglev, Mastermorphix, Puppet, Snake, Square1, Megaminx - Open - Mid & Low Volume - Exact & Phrase - UND","=""429913349679527""",Megaminx - Mid & Low Volume - Exact & Phrase,B0DB6311DK,Cubelelo Drift Megaminx v2 Cube (New Improved Version) | 12-Sided Fun and Challenging Puzzle with Ridge Design | Smooth Turning Dodecahedron | Perfect for Speed-Cubing | Ideal for Kids & Adults,B0DFGXG393,cubelelo,0300 Games & Puzzles,0307 Non-wooden Puzzles,Toy,1290300,AMAZON_IN,26737,657,2.4573%,4202.43,128,70418.44,128,32.83148,0.4787%,16.75660,103,61337.48,103,40.80029,0.3852%,14.59572,25,9080.96,25,,,,,,,,,
INR,"Jun 01, 2026 - Jun 30, 2026","=""amzn1.ads-account.g.a5og6bnunpn8m911rke7gdql""",Cubelelo,143920007876206,BA - Megaminx Gan,"=""186877229473885""",SP-KT - Megaminx - Generic - Mid & Low Volume - Exact & Phrase - UND,"=""215173494982662""",Megaminx - Mid & Low Volume,B0DB6311DK,Cubelelo Drift Megaminx v2 Cube (New Improved Version) | 12-Sided Fun and Challenging Puzzle with Ridge Design | Smooth Turning Dodecahedron | Perfect for Speed-Cubing | Ideal for Kids & Adults,B0DFGXG393,cubelelo,0300 Games & Puzzles,0307 Non-wooden Puzzles,Toy,1290300,AMAZON_IN,5941,118,1.9862%,906.01,17,10061.93,17,53.29471,0.2861%,11.10576,10,5659.08,10,90.60100,0.1683%,6.24616,7,4402.85,7,,,,,,,,,
INR,"Jun 01, 2026 - Jun 30, 2026","=""amzn1.ads-account.g.a5og6bnunpn8m911rke7gdql""",Cubelelo,143920007876206,BA - Megaminx Gan,"=""186877229473885""",SP-KT - Megaminx - Generic - Mid & Low Volume - Exact & Phrase - UND,"=""78909379343094""",Snake & Mastermorphix - Mid & Low Volume,B0DB6311DK,Cubelelo Drift Megaminx v2 Cube (New Improved Version) | 12-Sided Fun and Challenging Puzzle with Ridge Design | Smooth Turning Dodecahedron | Perfect for Speed-Cubing | Ideal for Kids & Adults,B0DFGXG393,cubelelo,0300 Games & Puzzles,0307 Non-wooden Puzzles,Toy,1290300,AMAZON_IN,31415,167,0.5316%,1940.43,5,2090.47,5,388.08600,0.0159%,1.07732,1,570.48,1,1940.43000,0.0032%,0.29400,4,1519.99,4,,,,,,,,,
INR,"Jun 01, 2026 - Jun 30, 2026","=""amzn1.ads-account.g.a5og6bnunpn8m911rke7gdql""",Cubelelo,143920007876206,BA - Megaminx Gan,"=""186877229473885""",SP-KT - Megaminx - Generic - Mid & Low Volume - Exact & Phrase - UND,"=""251209359031436""",Puppet & Unique - Mid & Low Volume,B0DB6311DK,Cubelelo Drift Megaminx v2 Cube (New Improved Version) | 12-Sided Fun and Challenging Puzzle with Ridge Design | Smooth Turning Dodecahedron | Perfect for Speed-Cubing | Ideal for Kids & Adults,B0DFGXG393,cubelelo,0300 Games & Puzzles,0307 Non-wooden Puzzles,Toy,1290300,AMAZON_IN,6716,37,0.5509%,338.43,3,2216.19,3,112.81000,0.0447%,6.54844,1,570.48,1,338.43000,0.0149%,1.68567,2,1645.71,2,,,,,,,,,
INR,"Jun 01, 2026 - Jun 30, 2026","=""amzn1.ads-account.g.a5og6bnunpn8m911rke7gdql""",Cubelelo,279942205262904,BA - Generic - Mid & Low Volume,"=""315451570129574""","SP-KT - Maglev, Mastermorphix, Puppet, Snake, Square1, Megaminx - Open - Mid & Low Volume - Exact & Phrase - UND","=""341230793876965""",Mastermorphix - Mid & Low Volume - Exact & Phrase,B0DB6311DK,Cubelelo Drift Megaminx v2 Cube (New Improved Version) | 12-Sided Fun and Challenging Puzzle with Ridge Design | Smooth Turning Dodecahedron | Perfect for Speed-Cubing | Ideal for Kids & Adults,B0DFGXG393,cubelelo,0300 Games & Puzzles,0307 Non-wooden Puzzles,Toy,1290300,AMAZON_IN,601,2,0.3328%,14.10,0,0.00,0,,0.0000%,0.00000,0,0.00,0,,0.0000%,0.00000,0,0.00,0,,,,,,,,,
INR,"Jun 01, 2026 - Jun 30, 2026","=""amzn1.ads-account.g.a5og6bnunpn8m911rke7gdql""",Cubelelo,162147707583156,BA - Branded - Cubelelo,"=""329970929951347""",SP-KT - Branded - Cubelelo - Mid & Low Volume - Exact & Phrase - UND,"=""302346821210022""",Branded - 4x4,B079WVQD89,Cubelelo Drift 4x4 with Cube Lubricant and Stand Combo | High-Performance Speed Cube | Adjustable Tension & Smooth Turning | Durable & Reliable | Ideal for All Ages,B089SM432V,cubelelo,0300 Games & Puzzles,0307 Non-wooden Puzzles,Toy,1460580,AMAZON_IN,10709,106,0.9898%,770.59,21,11171.43,21,36.69476,0.1961%,14.49724,12,7351.43,12,64.21583,0.1121%,9.54000,9,3820.00,9,,,,,,,,,
INR,"Jun 19, 2026 - Jun 30, 2026","=""amzn1.ads-account.g.a5og6bnunpn8m911rke7gdql""",Cubelelo,14896671318530,BA - Tinker Box,"=""383299609032339""","SP-KT - Generic - Tinker Box - Colour and Pattern Sliding Puzzle Game, 5 Column Sort and Stack Puzzle - Exact","=""288337266837008""",Tinker Box - Colour and Pattern Sliding Puzzle Game,B0FQP89PV9,"Tinker Box 5 Column Sort and Stack Puzzle | Montessori Wooden Sorting & Stacking Toy | 3+ Years | Early Learning Puzzle for Shapes, Colors & Counting Skills | Safe & Durable Educational Toy",-1,Tinker Box,0600 Infants/Preschool,0627 All Other Infant Toys,Toy,TB00007,AMAZON_IN,1138,13,1.1424%,161.66,1,522.86,1,161.66000,0.0879%,3.23432,1,522.86,1,161.66000,0.0879%,3.23432,0,0.00,0,,,,,,,,,
INR,"Jun 01, 2026 - Jun 06, 2026","=""amzn1.ads-account.g.a5og6bnunpn8m911rke7gdql""",Cubelelo,279942205262904,BA - Generic - Mid & Low Volume,"=""315451570129574""","SP-KT - Maglev, Mastermorphix, Puppet, Snake, Square1, Megaminx - Open - Mid & Low Volume - Exact & Phrase - UND","=""391120880267490""",Unique - Mid & Low Volume - Exact & Phrase,B08XJZW1T8,"Cubelelo Drift Axis, Fisher & Windmill v2 Tiled Gift Box | Unique Puzzle Combo for Kids & Adults | Smooth & Durable Cubes for Puzzle Enthusiasts",B0F1YY4MBJ,cubelelo,0300 Games & Puzzles,0307 Non-wooden Puzzles,Toy,1460560_gp,AMAZON_IN,0,0,,0.00,0,0.00,0,,,,0,0.00,0,,,,0,0.00,0,,,,,,,,,
INR,"Jun 09, 2026 - Jun 09, 2026","=""amzn1.ads-account.g.a5og6bnunpn8m911rke7gdql""",Cubelelo,279942205262904,BA - Generic - Mid & Low Volume,"=""327104446426115""","SP-KT - Axis - Windmill - Fisher, Cylinder, Kids, Mini, Smart, Pyramid - Open - Mid & Low Volume - Exact & Phrase","=""287381957290883""",Cylinder - Mid & Low volume - Exact & Phrase,B08XJZW1T8,"Cubelelo Drift Axis, Fisher & Windmill v2 Tiled Gift Box | Unique Puzzle Combo for Kids & Adults | Smooth & Durable Cubes for Puzzle Enthusiasts",B0F1YY4MBJ,cubelelo,0300 Games & Puzzles,0307 Non-wooden Puzzles,Toy,1460560_gp,AMAZON_IN,1,0,0.0000%,0.00,0,0.00,0,,0.0000%,,0,0.00,0,,0.0000%,,0,0.00,0,,,,,,,,,
INR,"Jun 02, 2026 - Jun 30, 2026","=""amzn1.ads-account.g.a5og6bnunpn8m911rke7gdql""",Cubelelo,279942205262904,BA - Generic - Mid & Low Volume,"=""327104446426115""","SP-KT - Axis - Windmill - Fisher, Cylinder, Kids, Mini, Smart, Pyramid - Open - Mid & Low Volume - Exact & Phrase","=""423861844641216""",Axis - Windmill - Fisher - Mid & Low Volume - Exact & Phrase,B08XJZW1T8,"Cubelelo Drift Axis, Fisher & Windmill v2 Tiled Gift Box | Unique Puzzle Combo for Kids & Adults | Smooth & Durable Cubes for Puzzle Enthusiasts",B0F1YY4MBJ,cubelelo,0300 Games & Puzzles,0307 Non-wooden Puzzles,Toy,1460560_gp,AMAZON_IN,3,0,0.0000%,0.00,0,0.00,0,,0.0000%,,0,0.00,0,,0.0000%,,0,0.00,0,,,,,,,,,
INR,"Jun 01, 2026 - Jun 30, 2026","=""amzn1.ads-account.g.a5og6bnunpn8m911rke7gdql""",Cubelelo,279942205262904,BA - Generic - Mid & Low Volume,"=""498287583816355""","SP-KT - Generic - 5x5, 6x6, 7x7, Keychain - Mid & Low Volume - Exact & Phrase","=""384271447348191""",Phrase - Generic - 5x5 - Mid & Low Volume,B09QCL5JCC,Cubelelo Drift 5M 5x5 (Magnetic) Stickerless Speed Cube Magic Puzzle for Kids & Adults Speedy Stress Buster Brainstorming Cube,B0CWDC1YJL,cubelelo,0300 Games & Puzzles,0307 Non-wooden Puzzles,Toy,1050600,AMAZON_IN,5949,96,1.6137%,844.34,10,11695.24,10,84.43400,0.1681%,13.85134,8,11040.00,8,105.54250,0.1345%,13.07530,2,655.24,2,,,,,,,,,
INR,"Jun 01, 2026 - Jun 30, 2026","=""amzn1.ads-account.g.a5og6bnunpn8m911rke7gdql""",Cubelelo,279942205262904,BA - Generic - Mid & Low Volume,"=""498287583816355""","SP-KT - Generic - 5x5, 6x6, 7x7, Keychain - Mid & Low Volume - Exact & Phrase","=""490322774447990""",Generic - 5x5 - Mid & Low Volume,B09QCL5JCC,Cubelelo Drift 5M 5x5 (Magnetic) Stickerless Speed Cube Magic Puzzle for Kids & Adults Speedy Stress Buster Brainstorming Cube,B0CWDC1YJL,cubelelo,0300 Games & Puzzles,0307 Non-wooden Puzzles,Toy,1050600,AMAZON_IN,2247,22,0.9791%,141.00,0,0.00,0,,0.0000%,0.00000,0,0.00,0,,0.0000%,0.00000,0,0.00,0,,,,,,,,,
INR,"Jun 05, 2026 - Jun 29, 2026","=""amzn1.ads-account.g.a5og6bnunpn8m911rke7gdql""",Cubelelo,279942205262904,BA - Generic - Mid & Low Volume,"=""369883644681767""","SP-KT - Magnetic - Open, 2x2, 4x4, 5x5 - High Volume - Exact & Phrase","=""549377709953283""",Phrase - Magnetic - 5x5 - Mid & Low Volume,B09QCL5JCC,Cubelelo Drift 5M 5x5 (Magnetic) Stickerless Speed Cube Magic Puzzle for Kids & Adults Speedy Stress Buster Brainstorming Cube,B0CWDC1YJL,cubelelo,0300 Games & Puzzles,0307 Non-wooden Puzzles,Toy,1050600,AMAZON_IN,18,4,22.2222%,12.64,2,2760.00,2,6.32000,11.1111%,218.35443,2,2760.00,2,6.32000,11.1111%,218.35443,0,0.00,0,,,,,,,,,
INR,"Jun 01, 2026 - Jun 30, 2026","=""amzn1.ads-account.g.a5og6bnunpn8m911rke7gdql""",Cubelelo,14896671318530,BA - Tinker Box,"=""178894007177834""",BA - SP - Auto - Tinker Box - 0-2 Years - DO,"=""524300284583215""",Tinker Box,B0FQPCXQXP,TinkerBox Wooden Roly Poly| 3+ Months | Montessori Roly Poly for Babies & Toddlers | Fun Rolling & Self-Balancing Toy for Motor Skills Development | Safe & Durable Baby Toy,-1,Tinker Box,0600 Infants/Preschool,0627 All Other Infant Toys,Toy,TB02003,AMAZON_IN,15890,138,0.8685%,883.35,9,4733.33,10,98.15000,0.0566%,5.35839,9,4733.33,10,98.15000,0.0566%,5.35839,0,0.00,0,,,,,,,,,
INR,"Jun 01, 2026 - Jun 30, 2026","=""amzn1.ads-account.g.a5og6bnunpn8m911rke7gdql""",Cubelelo,162147707583156,BA - Branded - Cubelelo,"=""329970929951347""",SP-KT - Branded - Cubelelo - Mid & Low Volume - Exact & Phrase - UND,"=""360220929148821""",Mirror,B08N19CLYJ,Cubelelo Drift 3x3 & Blue Mirror Cube Premium Gift Box | Speedcube Set for Kids & Adults | Smooth & Durable Puzzle Combo | Ideal Gift for Puzzle Lovers,-1,cubelelo,0300 Games & Puzzles,0307 Non-wooden Puzzles,Toy,1460507,AMAZON_IN,3378,16,0.4737%,120.17,0,0.00,0,,0.0000%,0.00000,0,0.00,0,,0.0000%,0.00000,0,0.00,0,,,,,,,,,
INR,"Jun 01, 2026 - Jun 30, 2026","=""amzn1.ads-account.g.a5og6bnunpn8m911rke7gdql""",Cubelelo,162147707583156,BA - Branded - Cubelelo,"=""329970929951347""",SP-KT - Branded - Cubelelo - Mid & Low Volume - Exact & Phrase - UND,"=""560146263793792""",Combo,B08N19CLYJ,Cubelelo Drift 3x3 & Blue Mirror Cube Premium Gift Box | Speedcube Set for Kids & Adults | Smooth & Durable Puzzle Combo | Ideal Gift for Puzzle Lovers,-1,cubelelo,0300 Games & Puzzles,0307 Non-wooden Puzzles,Toy,1460507,AMAZON_IN,7406,20,0.2701%,164.74,2,883.81,2,82.37000,0.0270%,5.36488,2,883.81,2,82.37000,0.0270%,5.36488,0,0.00,0,,,,,,,,,
INR,"Jun 01, 2026 - Jun 30, 2026","=""amzn1.ads-account.g.a5og6bnunpn8m911rke7gdql""",Cubelelo,162147707583156,BA - Branded - Cubelelo,"=""329970929951347""",SP-KT - Branded - Cubelelo - Mid & Low Volume - Exact & Phrase - UND,"=""298700263606024""",Branded,B0DRVTQ6NM,Cubelelo Drift 3x3 Mirror Color (Tiled) Speedcube | New Colored Version Looks Fantastic with Buttery Smooth Turns | Ideal for Kids Above 5 Years Old | Unique Shape-Shifting Design for Puzzle Toy,B0DWMW5ZNX,cubelelo,0300 Games & Puzzles,0301 Family Board / Action,Toy,1120038,AMAZON_IN,26767,68,0.2540%,609.01,14,4501.91,14,43.50071,0.0523%,7.39218,4,1272.38,4,152.25250,0.0149%,2.08926,10,3229.53,10,,,,,,,,,
INR,"Jun 01, 2026 - Jun 30, 2026","=""amzn1.ads-account.g.a5og6bnunpn8m911rke7gdql""",Cubelelo,279942205262904,BA - Generic - Mid & Low Volume,"=""315451570129574""","SP-KT - Maglev, Mastermorphix, Puppet, Snake, Square1, Megaminx - Open - Mid & Low Volume - Exact & Phrase - UND","=""455806518818545""",Metallic - Mid & Low Volume - Exact & Phrase,B0DRVTQ6NM,Cubelelo Drift 3x3 Mirror Color (Tiled) Speedcube | New Colored Version Looks Fantastic with Buttery Smooth Turns | Ideal for Kids Above 5 Years Old | Unique Shape-Shifting Design for Puzzle Toy,B0DWMW5ZNX,cubelelo,0300 Games & Puzzles,0301 Family Board / Action,Toy,1120038,AMAZON_IN,262,2,0.7634%,9.76,0,0.00,0,,0.0000%,0.00000,0,0.00,0,,0.0000%,0.00000,0,0.00,0,,,,,,,,,
INR,"Jun 01, 2026 - Jun 30, 2026","=""amzn1.ads-account.g.a5og6bnunpn8m911rke7gdql""",Cubelelo,162147707583156,BA - Branded - Cubelelo,"=""433317578586761""",SP-KT - Branded - Cubelelo - High Volume - Exact,"=""332121459254132""",Branded - SKAG,B0DRVTQ6NM,Cubelelo Drift 3x3 Mirror Color (Tiled) Speedcube | New Colored Version Looks Fantastic with Buttery Smooth Turns | Ideal for Kids Above 5 Years Old | Unique Shape-Shifting Design for Puzzle Toy,B0DWMW5ZNX,cubelelo,0300 Games & Puzzles,0301 Family Board / Action,Toy,1120038,AMAZON_IN,23769,124,0.5217%,1079.55,17,5708.39,17,63.50294,0.0715%,5.28775,5,1995.24,5,215.91000,0.0210%,1.84822,12,3713.15,12,,,,,,,,,
INR,"Jun 01, 2026 - Jun 30, 2026","=""amzn1.ads-account.g.a5og6bnunpn8m911rke7gdql""",Cubelelo,162147707583156,BA - Branded - Cubelelo,"=""329970929951347""",SP-KT - Branded - Cubelelo - Mid & Low Volume - Exact & Phrase - UND,"=""360220929148821""",Mirror,B0DRVTQ6NM,Cubelelo Drift 3x3 Mirror Color (Tiled) Speedcube | New Colored Version Looks Fantastic with Buttery Smooth Turns | Ideal for Kids Above 5 Years Old | Unique Shape-Shifting Design for Puzzle Toy,B0DWMW5ZNX,cubelelo,0300 Games & Puzzles,0301 Family Board / Action,Toy,1120038,AMAZON_IN,637,6,0.9419%,37.98,0,0.00,0,,0.0000%,0.00000,0,0.00,0,,0.0000%,0.00000,0,0.00,0,,,,,,,,,
INR,"Jun 01, 2026 - Jun 30, 2026","=""amzn1.ads-account.g.a5og6bnunpn8m911rke7gdql""",Cubelelo,162147707583156,BA - Branded - Cubelelo,"=""329970929951347""",SP-KT - Branded - Cubelelo - Mid & Low Volume - Exact & Phrase - UND,"=""535729251693727""",Branded - Phrase,B0DRVTQ6NM,Cubelelo Drift 3x3 Mirror Color (Tiled) Speedcube | New Colored Version Looks Fantastic with Buttery Smooth Turns | Ideal for Kids Above 5 Years Old | Unique Shape-Shifting Design for Puzzle Toy,B0DWMW5ZNX,cubelelo,0300 Games & Puzzles,0301 Family Board / Action,Toy,1120038,AMAZON_IN,325,2,0.6154%,21.25,0,0.00,0,,0.0000%,0.00000,0,0.00,0,,0.0000%,0.00000,0,0.00,0,,,,,,,,,
INR,"Jun 01, 2026 - Jun 15, 2026","=""amzn1.ads-account.g.a5og6bnunpn8m911rke7gdql""",Cubelelo,162147707583156,BA - Branded - Cubelelo,"=""329970929951347""",SP-KT - Branded - Cubelelo - Mid & Low Volume - Exact & Phrase - UND,"=""386093481557611""",Branded - 2x2,B09QCHSPYP,"Cubelelo Drift 2M 2x2 Magnetic Stickerless Speedcube | Premium Multicolor Puzzle Cube for Kids & Adults | Ideal for Speedcubing, Brainstorming, and Mental Development | (Smooth & Fast Turns)",B0CHJX31DJ,cubelelo,0300 Games & Puzzles,0307 Non-wooden Puzzles,Toy,B09QCHSPYP,AMAZON_IN,22,3,13.6364%,9.87,0,0.00,0,,0.0000%,0.00000,0,0.00,0,,0.0000%,0.00000,0,0.00,0,,,,,,,,,
INR,"Jun 01, 2026 - Jun 27, 2026","=""amzn1.ads-account.g.a5og6bnunpn8m911rke7gdql""",Cubelelo,279942205262904,BA - Generic - Mid & Low Volume,"=""466977135029356""",SP-KT - Generic - 2x2 - Mid & Low Volume - Exact & Phrase,"=""296917065955111""",Phrase - Generic - 2x2 - Mid & Low Volume,B09QCHSPYP,"Cubelelo Drift 2M 2x2 Magnetic Stickerless Speedcube | Premium Multicolor Puzzle Cube for Kids & Adults | Ideal for Speedcubing, Brainstorming, and Mental Development | (Smooth & Fast Turns)",B0CHJX31DJ,cubelelo,0300 Games & Puzzles,0307 Non-wooden Puzzles,Toy,B09QCHSPYP,AMAZON_IN,1243,41,3.2985%,346.10,4,1824.77,4,86.52500,0.3218%,5.27238,3,1568.58,3,115.36667,0.2414%,4.53216,1,256.19,1,,,,,,,,,
INR,"Jun 01, 2026 - Jun 27, 2026","=""amzn1.ads-account.g.a5og6bnunpn8m911rke7gdql""",Cubelelo,279942205262904,BA - Generic - Mid & Low Volume,"=""369883644681767""","SP-KT - Magnetic - Open, 2x2, 4x4, 5x5 - High Volume - Exact & Phrase","=""371587655476259""",Magnetic - 2x2 - Mid & Low Volume,B09QCHSPYP,"Cubelelo Drift 2M 2x2 Magnetic Stickerless Speedcube | Premium Multicolor Puzzle Cube for Kids & Adults | Ideal for Speedcubing, Brainstorming, and Mental Development | (Smooth & Fast Turns)",B0CHJX31DJ,cubelelo,0300 Games & Puzzles,0307 Non-wooden Puzzles,Toy,B09QCHSPYP,AMAZON_IN,17,4,23.5294%,18.84,2,998.10,2,9.42000,11.7647%,52.97771,2,998.10,2,9.42000,11.7647%,52.97771,0,0.00,0,,,,,,,,,
INR,"Jun 01, 2026 - Jun 27, 2026","=""amzn1.ads-account.g.a5og6bnunpn8m911rke7gdql""",Cubelelo,159890394934310,Old - Core Generic Cube Campaigns All,"=""454748662358104""",BA_SP_KT_Generic Cube 2x2_Generic_Phrase_09/23,"=""305299342122740""",Generic Cube 2x2,B09QCHSPYP,"Cubelelo Drift 2M 2x2 Magnetic Stickerless Speedcube | Premium Multicolor Puzzle Cube for Kids & Adults | Ideal for Speedcubing, Brainstorming, and Mental Development | (Smooth & Fast Turns)",B0CHJX31DJ,cubelelo,0300 Games & Puzzles,0307 Non-wooden Puzzles,Toy,B09QCHSPYP,AMAZON_IN,1065,7,0.6573%,38.74,0,0.00,0,,0.0000%,0.00000,0,0.00,0,,0.0000%,0.00000,0,0.00,0,,,,,,,,,
INR,"Jun 01, 2026 - Jun 27, 2026","=""amzn1.ads-account.g.a5og6bnunpn8m911rke7gdql""",Cubelelo,279942205262904,BA - Generic - Mid & Low Volume,"=""466977135029356""",SP-KT - Generic - 2x2 - Mid & Low Volume - Exact & Phrase,"=""398214295345341""",Generic - 2x2 - Mid & Low Volume,B09QCHSPYP,"Cubelelo Drift 2M 2x2 Magnetic Stickerless Speedcube | Premium Multicolor Puzzle Cube for Kids & Adults | Ideal for Speedcubing, Brainstorming, and Mental Development | (Smooth & Fast Turns)",B0CHJX31DJ,cubelelo,0300 Games & Puzzles,0307 Non-wooden Puzzles,Toy,B09QCHSPYP,AMAZON_IN,6938,44,0.6342%,468.93,6,2413.35,6,78.15500,0.0865%,5.14650,3,1568.58,3,156.31000,0.0432%,3.34502,3,844.77,3,,,,,,,,,
INR,"Jun 01, 2026 - Jun 27, 2026","=""amzn1.ads-account.g.a5og6bnunpn8m911rke7gdql""",Cubelelo,279942205262904,BA - Generic - Mid & Low Volume,"=""369883644681767""","SP-KT - Magnetic - Open, 2x2, 4x4, 5x5 - High Volume - Exact & Phrase","=""458736197006168""",Phrase - Magnetic - 2x2 - Mid & Low Volume,B09QCHSPYP,"Cubelelo Drift 2M 2x2 Magnetic Stickerless Speedcube | Premium Multicolor Puzzle Cube for Kids & Adults | Ideal for Speedcubing, Brainstorming, and Mental Development | (Smooth & Fast Turns)",B0CHJX31DJ,cubelelo,0300 Games & Puzzles,0307 Non-wooden Puzzles,Toy,B09QCHSPYP,AMAZON_IN,7,1,14.2857%,1.30,1,284.76,1,1.30000,14.2857%,219.04615,0,0.00,0,,0.0000%,0.00000,1,284.76,1,,,,,,,,,
INR,"Jun 01, 2026 - Jun 30, 2026","=""amzn1.ads-account.g.a5og6bnunpn8m911rke7gdql""",Cubelelo,162147707583156,BA - Branded - Cubelelo,"=""329970929951347""",SP-KT - Branded - Cubelelo - Mid & Low Volume - Exact & Phrase - UND,"=""466745020882275""",Magnetic - 3x3,B0DKJD6WV1,"Cubelelo Drift 3M Plus v2 3x3 (Magnetic) with Cube Lubricant & Premium Pouch (2024 Updated Version) | 48 Strong Magnets for Enhanced Stability & Smooth Turns | Kids & Adults,multicolor",B0DQPD175T,cubelelo,"0200 Arts, Crafts & School Supplies",0223 Stationery,Toy,CLB0503,AMAZON_IN,245,7,2.8571%,72.38,0,0.00,0,,0.0000%,0.00000,0,0.00,0,,0.0000%,0.00000,0,0.00,0,,,,,,,,,
INR,"Jun 01, 2026 - Jun 30, 2026","=""amzn1.ads-account.g.a5og6bnunpn8m911rke7gdql""",Cubelelo,279942205262904,BA - Generic - Mid & Low Volume,"=""369883644681767""","SP-KT - Magnetic - Open, 2x2, 4x4, 5x5 - High Volume - Exact & Phrase","=""475526629790872""",Phrase - Magnetic - Open - Mid & Low Volume,B0DKJD6WV1,"Cubelelo Drift 3M Plus v2 3x3 (Magnetic) with Cube Lubricant & Premium Pouch (2024 Updated Version) | 48 Strong Magnets for Enhanced Stability & Smooth Turns | Kids & Adults,multicolor",B0DQPD175T,cubelelo,"0200 Arts, Crafts & School Supplies",0223 Stationery,Toy,CLB0503,AMAZON_IN,47038,406,0.8631%,3633.70,17,9851.43,17,213.74706,0.0361%,2.71113,13,8082.86,13,279.51538,0.0276%,2.22442,4,1768.57,4,,,,,,,,,
INR,"Jun 01, 2026 - Jun 30, 2026","=""amzn1.ads-account.g.a5og6bnunpn8m911rke7gdql""",Cubelelo,279942205262904,BA - Generic - Mid & Low Volume,"=""369883644681767""","SP-KT - Magnetic - Open, 2x2, 4x4, 5x5 - High Volume - Exact & Phrase","=""555858234006967""",Magnetic - Open - Mid & Low Volume,B0DKJD6WV1,"Cubelelo Drift 3M Plus v2 3x3 (Magnetic) with Cube Lubricant & Premium Pouch (2024 Updated Version) | 48 Strong Magnets for Enhanced Stability & Smooth Turns | Kids & Adults,multicolor",B0DQPD175T,cubelelo,"0200 Arts, Crafts & School Supplies",0223 Stationery,Toy,CLB0503,AMAZON_IN,6802,154,2.2640%,1093.09,14,10615.23,14,78.07786,0.2058%,9.71121,12,7988.56,12,91.09083,0.1764%,7.30824,2,2626.67,2,,,,,,,,,
INR,"Jun 01, 2026 - Jun 30, 2026","=""amzn1.ads-account.g.a5og6bnunpn8m911rke7gdql""",Cubelelo,279942205262904,BA - Generic - Mid & Low Volume,"=""512597066162542""",SP-KT - Magnetic - 3x3 - Mid & Low Volume - Exact & Phrase - DO,"=""405975184325655""",Phrase - Magnetic - 3x3 - Mid & Low Volume,B0DKJD6WV1,"Cubelelo Drift 3M Plus v2 3x3 (Magnetic) with Cube Lubricant & Premium Pouch (2024 Updated Version) | 48 Strong Magnets for Enhanced Stability & Smooth Turns | Kids & Adults,multicolor",B0DQPD175T,cubelelo,"0200 Arts, Crafts & School Supplies",0223 Stationery,Toy,CLB0503,AMAZON_IN,31568,376,1.1911%,2722.68,17,12001.89,18,160.15765,0.0539%,4.40812,16,11698.08,17,170.16750,0.0507%,4.29653,1,303.81,1,,,,,,,,,
INR,"Jun 01, 2026 - Jun 30, 2026","=""amzn1.ads-account.g.a5og6bnunpn8m911rke7gdql""",Cubelelo,279942205262904,BA - Generic - Mid & Low Volume,"=""405383753413943""","SP-KT - Lube Combo, Magic, Pyraminx, Skewb, Stand, Timer, Gear - Open - Mid & Low Volume - Exact & Phrase","=""387936063231496""",Lube Combo - Mid & Low Volume - Exact & Phrase,B0DKJD6WV1,"Cubelelo Drift 3M Plus v2 3x3 (Magnetic) with Cube Lubricant & Premium Pouch (2024 Updated Version) | 48 Strong Magnets for Enhanced Stability & Smooth Turns | Kids & Adults,multicolor",B0DQPD175T,cubelelo,"0200 Arts, Crafts & School Supplies",0223 Stationery,Toy,CLB0503,AMAZON_IN,5653,51,0.9022%,313.55,5,1405.71,5,62.71000,0.0884%,4.48321,1,760.95,1,313.55000,0.0177%,2.42689,4,644.76,4,,,,,,,,,
INR,"Jun 01, 2026 - Jun 30, 2026","=""amzn1.ads-account.g.a5og6bnunpn8m911rke7gdql""",Cubelelo,159890394934310,Old - Core Generic Cube Campaigns All,"=""461439945733289""",BA_SP_KT_5x5 Cube_Generic_Phrase_09/23,"=""521470917336542""",5x5 Cube,B0D9QBDCQW,Cubelelo Drift 5x5 Stickerless with Cube Lubricant and Stand Combo | High-Performance Speed Cube | Adjustable Tension & Smooth Turning | Durable & Reliable | Ideal for All Ages,B0DJ5GDB7Y,cubelelo,"0200 Arts, Crafts & School Supplies",0223 Stationery,Toy,1460583,AMAZON_IN,14842,239,1.6103%,1724.11,26,12414.34,26,66.31192,0.1752%,7.20043,22,10503.86,22,78.36864,0.1482%,6.09234,4,1910.48,4,,,,,,,,,
INR,"Jun 01, 2026 - Jun 30, 2026","=""amzn1.ads-account.g.a5og6bnunpn8m911rke7gdql""",Cubelelo,108066094626813,BA - Generic - Extremely High Volume,"=""530532259196935""","SP-KT - Megaminx, Pyramid, Timer & Gear - Open - High Volume - Exact","=""402396258219983""",Gear - High Volume SKAG,B0BZKZ8212,"Cubelelo Drift Gear, Mirror (Silver) & Pyraminx Combo Stickerless | Unique Speedcube Set for Kids & Adults | Smooth & Durable Puzzles | Challenging Gift for Cubers",B0D6G24GVB,cubelelo,0300 Games & Puzzles,0307 Non-wooden Puzzles,Toy,1460552,AMAZON_IN,3967,38,0.9579%,277.77,7,4459.99,7,39.68143,0.1765%,16.05641,6,4184.75,6,46.29500,0.1512%,15.06552,1,275.24,1,,,,,,,,,
INR,"Jun 01, 2026 - Jun 30, 2026","=""amzn1.ads-account.g.a5og6bnunpn8m911rke7gdql""",Cubelelo,279942205262904,BA - Generic - Mid & Low Volume,"=""327104446426115""","SP-KT - Axis - Windmill - Fisher, Cylinder, Kids, Mini, Smart, Pyramid - Open - Mid & Low Volume - Exact & Phrase","=""423861844641216""",Axis - Windmill - Fisher - Mid & Low Volume - Exact & Phrase,B0CZDV68CM,"Cubelelo Drift Windmill (Tiled) Magic Cube Puzzle | Unique Shape Mod with Premium Design, Smooth Finish Toy for Intermediate and Advanced Solvers | Suitable for Adults and Kids Ages 3 & Above",B0F1YY4MBJ,cubelelo,0300 Games & Puzzles,0307 Non-wooden Puzzles,Toy,1170200,AMAZON_IN,17245,155,0.8988%,945.35,12,5522.85,12,78.77917,0.0696%,5.84212,6,2165.70,6,157.55833,0.0348%,2.29090,6,3357.15,6,,,,,,,,,
INR,"Jun 01, 2026 - Jun 30, 2026","=""amzn1.ads-account.g.a5og6bnunpn8m911rke7gdql""",Cubelelo,279942205262904,BA - Generic - Mid & Low Volume,"=""327104446426115""","SP-KT - Axis - Windmill - Fisher, Cylinder, Kids, Mini, Smart, Pyramid - Open - Mid & Low Volume - Exact & Phrase","=""287381957290883""",Cylinder - Mid & Low volume - Exact & Phrase,B0CZDV68CM,"Cubelelo Drift Windmill (Tiled) Magic Cube Puzzle | Unique Shape Mod with Premium Design, Smooth Finish Toy for Intermediate and Advanced Solvers | Suitable for Adults and Kids Ages 3 & Above",B0F1YY4MBJ,cubelelo,0300 Games & Puzzles,0307 Non-wooden Puzzles,Toy,1170200,AMAZON_IN,9708,104,1.0713%,666.08,13,3759.98,13,51.23692,0.1339%,5.64494,11,3199.98,11,60.55273,0.1133%,4.80420,2,560.00,2,,,,,,,,,
INR,"Jun 01, 2026 - Jun 30, 2026","=""amzn1.ads-account.g.a5og6bnunpn8m911rke7gdql""",Cubelelo,279942205262904,BA - Generic - Mid & Low Volume,"=""315451570129574""","SP-KT - Maglev, Mastermorphix, Puppet, Snake, Square1, Megaminx - Open - Mid & Low Volume - Exact & Phrase - UND","=""391120880267490""",Unique - Mid & Low Volume - Exact & Phrase,B0CZDV68CM,"Cubelelo Drift Windmill (Tiled) Magic Cube Puzzle | Unique Shape Mod with Premium Design, Smooth Finish Toy for Intermediate and Advanced Solvers | Suitable for Adults and Kids Ages 3 & Above",B0F1YY4MBJ,cubelelo,0300 Games & Puzzles,0307 Non-wooden Puzzles,Toy,1170200,AMAZON_IN,18877,158,0.8370%,865.32,9,3067.61,9,96.14667,0.0477%,3.54506,6,2232.37,6,144.22000,0.0318%,2.57982,3,835.24,3,,,,,,,,,
INR,"Jun 01, 2026 - Jun 30, 2026","=""amzn1.ads-account.g.a5og6bnunpn8m911rke7gdql""",Cubelelo,279942205262904,BA - Generic - Mid & Low Volume,"=""327104446426115""","SP-KT - Axis - Windmill - Fisher, Cylinder, Kids, Mini, Smart, Pyramid - Open - Mid & Low Volume - Exact & Phrase","=""338572243352605""","PT - Axis, Windmill, Fisher",B0CZDV68CM,"Cubelelo Drift Windmill (Tiled) Magic Cube Puzzle | Unique Shape Mod with Premium Design, Smooth Finish Toy for Intermediate and Advanced Solvers | Suitable for Adults and Kids Ages 3 & Above",B0F1YY4MBJ,cubelelo,0300 Games & Puzzles,0307 Non-wooden Puzzles,Toy,1170200,AMAZON_IN,926,19,2.0518%,181.61,0,0.00,0,,0.0000%,0.00000,0,0.00,0,,0.0000%,0.00000,0,0.00,0,,,,,,,,,
INR,"Jun 01, 2026 - Jun 30, 2026","=""amzn1.ads-account.g.a5og6bnunpn8m911rke7gdql""",Cubelelo,162147707583156,BA - Branded - Cubelelo,"=""329970929951347""",SP-KT - Branded - Cubelelo - Mid & Low Volume - Exact & Phrase - UND,"=""479460967599506""",Branded - 3x3,B08XK4V59M,"Cubelelo Drift 2x2, 3x3 & 4x4 Premium Gift Box | 3-in-1 Puzzle Game Set | Triple the Challenge, Thrice the Fun | Ultimate Value Saver Combo | Brainstoming Toy for Children Kids & Adults",B0DFWMCHZW,cubelelo,0300 Games & Puzzles,0307 Non-wooden Puzzles,Toy,1460503,AMAZON_IN,1672,2,0.1196%,14.44,0,0.00,0,,0.0000%,0.00000,0,0.00,0,,0.0000%,0.00000,0,0.00,0,,,,,,,,,
INR,"Jun 01, 2026 - Jun 30, 2026","=""amzn1.ads-account.g.a5og6bnunpn8m911rke7gdql""",Cubelelo,279942205262904,BA - Generic - Mid & Low Volume,"=""560766968003680""","SP-KT - Mirror, Infinity & Combo - Open - Mid & Low Volume - Exact & Phrase - UND","=""531829023860059""",Phrase - Combo - Mid & Low Volume,B08XK4V59M,"Cubelelo Drift 2x2, 3x3 & 4x4 Premium Gift Box | 3-in-1 Puzzle Game Set | Triple the Challenge, Thrice the Fun | Ultimate Value Saver Combo | Brainstoming Toy for Children Kids & Adults",B0DFWMCHZW,cubelelo,0300 Games & Puzzles,0307 Non-wooden Puzzles,Toy,1460503,AMAZON_IN,5911,75,1.2688%,829.30,12,6740.98,12,69.10833,0.2030%,8.12852,11,6589.55,11,75.39091,0.1861%,7.94592,1,151.43,1,,,,,,,,,
INR,"Jun 06, 2026 - Jun 12, 2026","=""amzn1.ads-account.g.a5og6bnunpn8m911rke7gdql""",Cubelelo,153505421940411,BA - Competition - Moyu,"=""535209545252680""",SP-KT - Comp - Moyu - Generic - Mid & Low Volume - Exact & Phrase,"=""354103828771122""",Moyu - 3x3 - Low Volume,B08XK4V59M,"Cubelelo Drift 2x2, 3x3 & 4x4 Premium Gift Box | 3-in-1 Puzzle Game Set | Triple the Challenge, Thrice the Fun | Ultimate Value Saver Combo | Brainstoming Toy for Children Kids & Adults",B0DFWMCHZW,cubelelo,0300 Games & Puzzles,0307 Non-wooden Puzzles,Toy,1460503,AMAZON_IN,3,0,0.0000%,0.00,0,0.00,0,,0.0000%,,0,0.00,0,,0.0000%,,0,0.00,0,,,,,,,,,
INR,"Jun 01, 2026 - Jun 30, 2026","=""amzn1.ads-account.g.a5og6bnunpn8m911rke7gdql""",Cubelelo,162147707583156,BA - Branded - Cubelelo,"=""329970929951347""",SP-KT - Branded - Cubelelo - Mid & Low Volume - Exact & Phrase - UND,"=""302346821210022""",Branded - 4x4,B08XK4V59M,"Cubelelo Drift 2x2, 3x3 & 4x4 Premium Gift Box | 3-in-1 Puzzle Game Set | Triple the Challenge, Thrice the Fun | Ultimate Value Saver Combo | Brainstoming Toy for Children Kids & Adults",B0DFWMCHZW,cubelelo,0300 Games & Puzzles,0307 Non-wooden Puzzles,Toy,1460503,AMAZON_IN,1189,5,0.4205%,45.90,0,0.00,0,,0.0000%,0.00000,0,0.00,0,,0.0000%,0.00000,0,0.00,0,,,,,,,,,
INR,"Jun 01, 2026 - Jun 30, 2026","=""amzn1.ads-account.g.a5og6bnunpn8m911rke7gdql""",Cubelelo,108066094626813,BA - Generic - Extremely High Volume,"=""442384136510181""","SP-KT - Generic - 3x3 - 'Cube, Cube Puzzle, Cube 33, Rubik's Cube 3x3',rubik's cube 3x3 speed cube - High Volume - Exact","=""368381636014986""",Generic - 3x3 - High Volume SKAG,B08XK4V59M,"Cubelelo Drift 2x2, 3x3 & 4x4 Premium Gift Box | 3-in-1 Puzzle Game Set | Triple the Challenge, Thrice the Fun | Ultimate Value Saver Combo | Brainstoming Toy for Children Kids & Adults",B0DFWMCHZW,cubelelo,0300 Games & Puzzles,0307 Non-wooden Puzzles,Toy,1460503,AMAZON_IN,4536,26,0.5732%,263.60,0,0.00,0,,0.0000%,0.00000,0,0.00,0,,0.0000%,0.00000,0,0.00,0,,,,,,,,,
INR,"Jun 01, 2026 - Jun 30, 2026","=""amzn1.ads-account.g.a5og6bnunpn8m911rke7gdql""",Cubelelo,162147707583156,BA - Branded - Cubelelo,"=""329970929951347""",SP-KT - Branded - Cubelelo - Mid & Low Volume - Exact & Phrase - UND,"=""526301691836211""",Branded - 3x3 - Phrase,B08XK4V59M,"Cubelelo Drift 2x2, 3x3 & 4x4 Premium Gift Box | 3-in-1 Puzzle Game Set | Triple the Challenge, Thrice the Fun | Ultimate Value Saver Combo | Brainstoming Toy for Children Kids & Adults",B0DFWMCHZW,cubelelo,0300 Games & Puzzles,0307 Non-wooden Puzzles,Toy,1460503,AMAZON_IN,37646,195,0.5180%,2766.38,17,7983.83,17,162.72824,0.0452%,2.88602,15,7528.59,15,184.42533,0.0398%,2.72146,2,455.24,2,,,,,,,,,
INR,"Jun 03, 2026 - Jun 30, 2026","=""amzn1.ads-account.g.a5og6bnunpn8m911rke7gdql""",Cubelelo,108066094626813,BA - Generic - Extremely High Volume,"=""345506724788622""","SP-KT - Mirror, Infinity & Combo - Open - High Volume - Exact","=""399619745424045""",Combo - High Volume SKAG,B08XK4V59M,"Cubelelo Drift 2x2, 3x3 & 4x4 Premium Gift Box | 3-in-1 Puzzle Game Set | Triple the Challenge, Thrice the Fun | Ultimate Value Saver Combo | Brainstoming Toy for Children Kids & Adults",B0DFWMCHZW,cubelelo,0300 Games & Puzzles,0307 Non-wooden Puzzles,Toy,1460503,AMAZON_IN,4,0,0.0000%,0.00,0,0.00,0,,0.0000%,,0,0.00,0,,0.0000%,,0,0.00,0,,,,,,,,,
INR,"Jun 01, 2026 - Jun 30, 2026","=""amzn1.ads-account.g.a5og6bnunpn8m911rke7gdql""",Cubelelo,279942205262904,BA - Generic - Mid & Low Volume,"=""466977135029356""",SP-KT - Generic - 2x2 - Mid & Low Volume - Exact & Phrase,"=""296917065955111""",Phrase - Generic - 2x2 - Mid & Low Volume,B08XK4V59M,"Cubelelo Drift 2x2, 3x3 & 4x4 Premium Gift Box | 3-in-1 Puzzle Game Set | Triple the Challenge, Thrice the Fun | Ultimate Value Saver Combo | Brainstoming Toy for Children Kids & Adults",B0DFWMCHZW,cubelelo,0300 Games & Puzzles,0307 Non-wooden Puzzles,Toy,1460503,AMAZON_IN,2377,20,0.8414%,223.81,0,0.00,0,,0.0000%,0.00000,0,0.00,0,,0.0000%,0.00000,0,0.00,0,,,,,,,,,
INR,"Jun 01, 2026 - Jun 30, 2026","=""amzn1.ads-account.g.a5og6bnunpn8m911rke7gdql""",Cubelelo,279942205262904,BA - Generic - Mid & Low Volume,"=""560766968003680""","SP-KT - Mirror, Infinity & Combo - Open - Mid & Low Volume - Exact & Phrase - UND","=""398270911795195""",Combo - Mid & Low Volume,B08XK4V59M,"Cubelelo Drift 2x2, 3x3 & 4x4 Premium Gift Box | 3-in-1 Puzzle Game Set | Triple the Challenge, Thrice the Fun | Ultimate Value Saver Combo | Brainstoming Toy for Children Kids & Adults",B0DFWMCHZW,cubelelo,0300 Games & Puzzles,0307 Non-wooden Puzzles,Toy,1460503,AMAZON_IN,871,17,1.9518%,173.68,5,3280.96,5,34.73600,0.5741%,18.89083,3,1797.15,3,57.89333,0.3444%,10.34748,2,1483.81,2,,,,,,,,,
INR,"Jun 01, 2026 - Jun 30, 2026","=""amzn1.ads-account.g.a5og6bnunpn8m911rke7gdql""",Cubelelo,162147707583156,BA - Branded - Cubelelo,"=""329970929951347""",SP-KT - Branded - Cubelelo - Mid & Low Volume - Exact & Phrase - UND,"=""560146263793792""",Combo,B08XK4V59M,"Cubelelo Drift 2x2, 3x3 & 4x4 Premium Gift Box | 3-in-1 Puzzle Game Set | Triple the Challenge, Thrice the Fun | Ultimate Value Saver Combo | Brainstoming Toy for Children Kids & Adults",B0DFWMCHZW,cubelelo,0300 Games & Puzzles,0307 Non-wooden Puzzles,Toy,1460503,AMAZON_IN,1560,16,1.0256%,123.21,2,1198.10,2,61.60500,0.1282%,9.72405,2,1198.10,2,61.60500,0.1282%,9.72405,0,0.00,0,,,,,,,,,
INR,"Jun 01, 2026 - Jun 30, 2026","=""amzn1.ads-account.g.a5og6bnunpn8m911rke7gdql""",Cubelelo,279942205262904,BA - Generic - Mid & Low Volume,"=""334559235709808""",SP-KT - Generic - 3x3 - Mid & Low Volume - Exact & Phrase - UND,"=""412851408598744""",Generic - 3x3 - Mid & Low Volume,B08XK4V59M,"Cubelelo Drift 2x2, 3x3 & 4x4 Premium Gift Box | 3-in-1 Puzzle Game Set | Triple the Challenge, Thrice the Fun | Ultimate Value Saver Combo | Brainstoming Toy for Children Kids & Adults",B0DFWMCHZW,cubelelo,0300 Games & Puzzles,0307 Non-wooden Puzzles,Toy,1460503,AMAZON_IN,151694,404,0.2663%,4759.90,39,17135.30,39,122.04872,0.0257%,3.59993,26,13700.05,26,183.07308,0.0171%,2.87822,13,3435.25,13,,,,,,,,,
INR,"Jun 01, 2026 - Jun 30, 2026","=""amzn1.ads-account.g.a5og6bnunpn8m911rke7gdql""",Cubelelo,279942205262904,BA - Generic - Mid & Low Volume,"=""332675778194131""",SP-KT - Generic - 4x4 - Mid & Low Volume - Exact & Phrase - DO,"=""318693646880033""",Phrase - Generic - 4x4 - Mid & Low Volume,B08XK4V59M,"Cubelelo Drift 2x2, 3x3 & 4x4 Premium Gift Box | 3-in-1 Puzzle Game Set | Triple the Challenge, Thrice the Fun | Ultimate Value Saver Combo | Brainstoming Toy for Children Kids & Adults",B0DFWMCHZW,cubelelo,0300 Games & Puzzles,0307 Non-wooden Puzzles,Toy,1460503,AMAZON_IN,26827,201,0.7492%,2521.67,10,5476.20,10,252.16700,0.0373%,2.17166,9,5162.87,9,280.18556,0.0335%,2.04740,1,313.33,1,,,,,,,,,
INR,"Jun 01, 2026 - Jun 30, 2026","=""amzn1.ads-account.g.a5og6bnunpn8m911rke7gdql""",Cubelelo,279942205262904,BA - Generic - Mid & Low Volume,"=""316273786051120""",SD-CT - 3D Puzzle & Brain Teasers - Comp - Open - Broad - Old,"=""302660200409918""",Category Targeting,B08XK4V59M,"Cubelelo Drift 2x2, 3x3 & 4x4 Premium Gift Box | 3-in-1 Puzzle Game Set | Triple the Challenge, Thrice the Fun | Ultimate Value Saver Combo | Brainstoming Toy for Children Kids & Adults",B0DFWMCHZW,cubelelo,0300 Games & Puzzles,0307 Non-wooden Puzzles,Toy,1460503,AMAZON_IN,247,1,0.4049%,0.63,0,0.00,0,,0.0000%,0.00000,0,0.00,0,,0.0000%,0.00000,0,0.00,0,0,0.00,0,,0.0000%,0.00000,1,0.63000,0.4049%
INR,"Jun 01, 2026 - Jun 30, 2026","=""amzn1.ads-account.g.a5og6bnunpn8m911rke7gdql""",Cubelelo,279942205262904,BA - Generic - Mid & Low Volume,"=""332675778194131""",SP-KT - Generic - 4x4 - Mid & Low Volume - Exact & Phrase - DO,"=""302493695958815""",Generic - 4x4 - Mid & Low Volume,B08XK4V59M,"Cubelelo Drift 2x2, 3x3 & 4x4 Premium Gift Box | 3-in-1 Puzzle Game Set | Triple the Challenge, Thrice the Fun | Ultimate Value Saver Combo | Brainstoming Toy for Children Kids & Adults",B0DFWMCHZW,cubelelo,0300 Games & Puzzles,0307 Non-wooden Puzzles,Toy,1460503,AMAZON_IN,32938,175,0.5313%,1866.57,24,11836.22,24,77.77375,0.0729%,6.34116,19,10897.17,19,98.24053,0.0577%,5.83807,5,939.05,5,,,,,,,,,
INR,"Jun 01, 2026 - Jun 30, 2026","=""amzn1.ads-account.g.a5og6bnunpn8m911rke7gdql""",Cubelelo,279942205262904,BA - Generic - Mid & Low Volume,"=""285784532724588""",SP-KT - Generic - Open - Cube - Mid & Low Volume - Exact & Phrase,"=""479419335051851""",Phrase - Generic - Open Searches - Mid & Low Volume,B08XK4V59M,"Cubelelo Drift 2x2, 3x3 & 4x4 Premium Gift Box | 3-in-1 Puzzle Game Set | Triple the Challenge, Thrice the Fun | Ultimate Value Saver Combo | Brainstoming Toy for Children Kids & Adults",B0DFWMCHZW,cubelelo,0300 Games & Puzzles,0307 Non-wooden Puzzles,Toy,1460503,AMAZON_IN,2583,19,0.7356%,192.78,0,0.00,0,,0.0000%,0.00000,0,0.00,0,,0.0000%,0.00000,0,0.00,0,,,,,,,,,
INR,"Jun 01, 2026 - Jun 30, 2026","=""amzn1.ads-account.g.a5og6bnunpn8m911rke7gdql""",Cubelelo,279942205262904,BA - Generic - Mid & Low Volume,"=""285784532724588""",SP-KT - Generic - Open - Cube - Mid & Low Volume - Exact & Phrase,"=""503467855821823""",Generic - Open Searches - Mid & Low Volume,B08XK4V59M,"Cubelelo Drift 2x2, 3x3 & 4x4 Premium Gift Box | 3-in-1 Puzzle Game Set | Triple the Challenge, Thrice the Fun | Ultimate Value Saver Combo | Brainstoming Toy for Children Kids & Adults",B0DFWMCHZW,cubelelo,0300 Games & Puzzles,0307 Non-wooden Puzzles,Toy,1460503,AMAZON_IN,6220,26,0.4180%,350.06,2,454.29,3,175.03000,0.0322%,1.29775,0,0.00,0,,0.0000%,0.00000,2,454.29,3,,,,,,,,,
INR,"Jun 01, 2026 - Jun 30, 2026","=""amzn1.ads-account.g.a5og6bnunpn8m911rke7gdql""",Cubelelo,108066094626813,BA - Generic - Extremely High Volume,"=""495997417400177""",SP-KT - Generic - Open - 'Rubix Cube' - SKAG - High Volume - Exact,"=""536771283942162""",Generic - Open Searches - High Volume SKAG,B08XK4V59M,"Cubelelo Drift 2x2, 3x3 & 4x4 Premium Gift Box | 3-in-1 Puzzle Game Set | Triple the Challenge, Thrice the Fun | Ultimate Value Saver Combo | Brainstoming Toy for Children Kids & Adults",B0DFWMCHZW,cubelelo,0300 Games & Puzzles,0307 Non-wooden Puzzles,Toy,1460503,AMAZON_IN,9958,52,0.5222%,841.67,6,2384.77,6,140.27833,0.0603%,2.83338,3,1797.15,3,280.55667,0.0301%,2.13522,3,587.62,3,,,,,,,,,
INR,"Jun 01, 2026 - Jun 30, 2026","=""amzn1.ads-account.g.a5og6bnunpn8m911rke7gdql""",Cubelelo,159890394934310,Old - Core Generic Cube Campaigns All,"=""454748662358104""",BA_SP_KT_Generic Cube 2x2_Generic_Phrase_09/23,"=""305299342122740""",Generic Cube 2x2,B08XK4V59M,"Cubelelo Drift 2x2, 3x3 & 4x4 Premium Gift Box | 3-in-1 Puzzle Game Set | Triple the Challenge, Thrice the Fun | Ultimate Value Saver Combo | Brainstoming Toy for Children Kids & Adults",B0DFWMCHZW,cubelelo,0300 Games & Puzzles,0307 Non-wooden Puzzles,Toy,1460503,AMAZON_IN,20224,101,0.4994%,1243.22,7,2699.06,7,177.60286,0.0346%,2.17102,5,1929.53,5,248.64400,0.0247%,1.55204,2,769.53,2,,,,,,,,,
INR,"Jun 01, 2026 - Jun 30, 2026","=""amzn1.ads-account.g.a5og6bnunpn8m911rke7gdql""",Cubelelo,162147707583156,BA - Branded - Cubelelo,"=""329970929951347""",SP-KT - Branded - Cubelelo - Mid & Low Volume - Exact & Phrase - UND,"=""386093481557611""",Branded - 2x2,B08XK4V59M,"Cubelelo Drift 2x2, 3x3 & 4x4 Premium Gift Box | 3-in-1 Puzzle Game Set | Triple the Challenge, Thrice the Fun | Ultimate Value Saver Combo | Brainstoming Toy for Children Kids & Adults",B0DFWMCHZW,cubelelo,0300 Games & Puzzles,0307 Non-wooden Puzzles,Toy,1460503,AMAZON_IN,248,7,2.8226%,89.95,0,0.00,0,,0.0000%,0.00000,0,0.00,0,,0.0000%,0.00000,0,0.00,0,,,,,,,,,
INR,"Jun 01, 2026 - Jun 30, 2026","=""amzn1.ads-account.g.a5og6bnunpn8m911rke7gdql""",Cubelelo,279942205262904,BA - Generic - Mid & Low Volume,"=""405383753413943""","SP-KT - Lube Combo, Magic, Pyraminx, Skewb, Stand, Timer, Gear - Open - Mid & Low Volume - Exact & Phrase","=""291482927814540""",Pyraminx - Mid & Low Volume - Exact & Phrase,B0BSFD6XY8,Cubelelo Drift Pyraminx M (Magnetic) Puzzle | Toys for Kids 4 5 6 7 8 to 14 Years Old & Above Boys Girls All Ages | Stickerless Pyramid Triangle High Speed Gift Cube Toy | Travel Friendly,B0CFFC4DMP,cubelelo,0300 Games & Puzzles,0307 Non-wooden Puzzles,Toy,1280600_EAN,AMAZON_IN,10569,281,2.6587%,2391.01,61,34293.54,63,39.19689,0.5772%,14.34270,44,26833.53,46,54.34114,0.4163%,11.22268,17,7460.01,17,,,,,,,,,
INR,"Jun 01, 2026 - Jun 30, 2026","=""amzn1.ads-account.g.a5og6bnunpn8m911rke7gdql""",Cubelelo,162147707583156,BA - Branded - Cubelelo,"=""329970929951347""",SP-KT - Branded - Cubelelo - Mid & Low Volume - Exact & Phrase - UND,"=""428906316207860""",Pyraminx,B0BSFD6XY8,Cubelelo Drift Pyraminx M (Magnetic) Puzzle | Toys for Kids 4 5 6 7 8 to 14 Years Old & Above Boys Girls All Ages | Stickerless Pyramid Triangle High Speed Gift Cube Toy | Travel Friendly,B0CFFC4DMP,cubelelo,0300 Games & Puzzles,0307 Non-wooden Puzzles,Toy,1280600_EAN,AMAZON_IN,84,7,8.3333%,42.13,2,618.10,2,21.06500,2.3810%,14.67126,2,618.10,2,21.06500,2.3810%,14.67126,0,0.00,0,,,,,,,,,
INR,"Jun 01, 2026 - Jun 30, 2026","=""amzn1.ads-account.g.a5og6bnunpn8m911rke7gdql""",Cubelelo,279942205262904,BA - Generic - Mid & Low Volume,"=""315451570129574""","SP-KT - Maglev, Mastermorphix, Puppet, Snake, Square1, Megaminx - Open - Mid & Low Volume - Exact & Phrase - UND","=""391120880267490""",Unique - Mid & Low Volume - Exact & Phrase,B0BSFD6XY8,Cubelelo Drift Pyraminx M (Magnetic) Puzzle | Toys for Kids 4 5 6 7 8 to 14 Years Old & Above Boys Girls All Ages | Stickerless Pyramid Triangle High Speed Gift Cube Toy | Travel Friendly,B0CFFC4DMP,cubelelo,0300 Games & Puzzles,0307 Non-wooden Puzzles,Toy,1280600_EAN,AMAZON_IN,1391,7,0.5032%,64.91,0,0.00,0,,0.0000%,0.00000,0,0.00,0,,0.0000%,0.00000,0,0.00,0,,,,,,,,,
INR,"Jun 01, 2026 - Jun 30, 2026","=""amzn1.ads-account.g.a5og6bnunpn8m911rke7gdql""",Cubelelo,108066094626813,BA - Generic - Extremely High Volume,"=""530532259196935""","SP-KT - Megaminx, Pyramid, Timer & Gear - Open - High Volume - Exact","=""321431385380150""",Pyramid - High Volume,B0BSFD6XY8,Cubelelo Drift Pyraminx M (Magnetic) Puzzle | Toys for Kids 4 5 6 7 8 to 14 Years Old & Above Boys Girls All Ages | Stickerless Pyramid Triangle High Speed Gift Cube Toy | Travel Friendly,B0CFFC4DMP,cubelelo,0300 Games & Puzzles,0307 Non-wooden Puzzles,Toy,1280600_EAN,AMAZON_IN,6756,86,1.2729%,746.21,12,5571.46,12,62.18417,0.1776%,7.46634,8,4802.88,8,93.27625,0.1184%,6.43637,4,768.58,4,,,,,,,,,
INR,"Jun 01, 2026 - Jun 30, 2026","=""amzn1.ads-account.g.a5og6bnunpn8m911rke7gdql""",Cubelelo,279942205262904,BA - Generic - Mid & Low Volume,"=""327104446426115""","SP-KT - Axis - Windmill - Fisher, Cylinder, Kids, Mini, Smart, Pyramid - Open - Mid & Low Volume - Exact & Phrase","=""310438687496531""",Pyramid - Mid & Low Volume - Exact & Phrase,B0BSFD6XY8,Cubelelo Drift Pyraminx M (Magnetic) Puzzle | Toys for Kids 4 5 6 7 8 to 14 Years Old & Above Boys Girls All Ages | Stickerless Pyramid Triangle High Speed Gift Cube Toy | Travel Friendly,B0CFFC4DMP,cubelelo,0300 Games & Puzzles,0307 Non-wooden Puzzles,Toy,1280600_EAN,AMAZON_IN,12921,175,1.3544%,1669.61,21,9914.36,22,79.50524,0.1625%,5.93813,20,9611.50,20,83.48050,0.1548%,5.75673,1,302.86,2,,,,,,,,,
INR,"Jun 03, 2026 - Jun 06, 2026","=""amzn1.ads-account.g.a5og6bnunpn8m911rke7gdql""",Cubelelo,153505421940411,BA - Competition - Moyu,"=""535209545252680""",SP-KT - Comp - Moyu - Generic - Mid & Low Volume - Exact & Phrase,"=""544609417584184""",Phrase - Moyu - Generic - Mid & Low Volume,B0C6T2C9WH,Cubelelo MoYu Super RS3M 3x3 Standard (Magnetic) | Highspeed Smooth Lightweight Speed Cube for Children Kids Adults Boys Girls,B0C6TKLM22,cubelelo,0300 Games & Puzzles,0307 Non-wooden Puzzles,Toy,1030490,AMAZON_IN,1,0,0.0000%,0.00,0,0.00,0,,0.0000%,,0,0.00,0,,0.0000%,,0,0.00,0,,,,,,,,,
INR,"Jun 01, 2026 - Jun 30, 2026","=""amzn1.ads-account.g.a5og6bnunpn8m911rke7gdql""",Cubelelo,279942205262904,BA - Generic - Mid & Low Volume,"=""327104446426115""","SP-KT - Axis - Windmill - Fisher, Cylinder, Kids, Mini, Smart, Pyramid - Open - Mid & Low Volume - Exact & Phrase","=""423861844641216""",Axis - Windmill - Fisher - Mid & Low Volume - Exact & Phrase,B0CZ9M5VBG,"Cubelelo Drift Fisher (Tiled) Magic Cube Puzzle for Kids & Adults | Unique Shape Mod with Premium Design, Smooth Finish Toy for Intermediate and Advanced Solvers | for Ages 3 and Above",B0F1YY4MBJ,cubelelo,0300 Games & Puzzles,0307 Non-wooden Puzzles,Toy,1160200,AMAZON_IN,4930,100,2.0284%,656.99,15,5595.21,15,43.79933,0.3043%,8.51643,13,4692.35,13,50.53769,0.2637%,7.14219,2,902.86,2,,,,,,,,,
INR,"Jun 01, 2026 - Jun 30, 2026","=""amzn1.ads-account.g.a5og6bnunpn8m911rke7gdql""",Cubelelo,279942205262904,BA - Generic - Mid & Low Volume,"=""327104446426115""","SP-KT - Axis - Windmill - Fisher, Cylinder, Kids, Mini, Smart, Pyramid - Open - Mid & Low Volume - Exact & Phrase","=""338572243352605""","PT - Axis, Windmill, Fisher",B0CZ9M5VBG,"Cubelelo Drift Fisher (Tiled) Magic Cube Puzzle for Kids & Adults | Unique Shape Mod with Premium Design, Smooth Finish Toy for Intermediate and Advanced Solvers | for Ages 3 and Above",B0F1YY4MBJ,cubelelo,0300 Games & Puzzles,0307 Non-wooden Puzzles,Toy,1160200,AMAZON_IN,237,3,1.2658%,22.03,0,0.00,0,,0.0000%,0.00000,0,0.00,0,,0.0000%,0.00000,0,0.00,0,,,,,,,,,
INR,"Jun 01, 2026 - Jun 30, 2026","=""amzn1.ads-account.g.a5og6bnunpn8m911rke7gdql""",Cubelelo,279942205262904,BA - Generic - Mid & Low Volume,"=""315451570129574""","SP-KT - Maglev, Mastermorphix, Puppet, Snake, Square1, Megaminx - Open - Mid & Low Volume - Exact & Phrase - UND","=""391120880267490""",Unique - Mid & Low Volume - Exact & Phrase,B0CZ9M5VBG,"Cubelelo Drift Fisher (Tiled) Magic Cube Puzzle for Kids & Adults | Unique Shape Mod with Premium Design, Smooth Finish Toy for Intermediate and Advanced Solvers | for Ages 3 and Above",B0F1YY4MBJ,cubelelo,0300 Games & Puzzles,0307 Non-wooden Puzzles,Toy,1160200,AMAZON_IN,3059,31,1.0134%,164.78,6,2337.14,6,27.46333,0.1961%,14.18340,4,1624.76,4,41.19500,0.1308%,9.86018,2,712.38,2,,,,,,,,,
INR,"Jun 01, 2026 - Jun 30, 2026","=""amzn1.ads-account.g.a5og6bnunpn8m911rke7gdql""",Cubelelo,279942205262904,BA - Generic - Mid & Low Volume,"=""498287583816355""","SP-KT - Generic - 5x5, 6x6, 7x7, Keychain - Mid & Low Volume - Exact & Phrase","=""295921960947507""",Generic - 6x6 - Mid & Low Volume,B09HH5R69B,Cubelelo Drift 6x6 Stickerless Speed Cube Magic Puzzle for Kids & Adults | Advanced Level Speedcube | Speedy Stress Buster Brainstorming Cube,B0CWH6ML97,cubelelo,0300 Games & Puzzles,0307 Non-wooden Puzzles,Toy,1060100,AMAZON_IN,36314,404,1.1125%,3527.87,41,33430.51,41,86.04561,0.1129%,9.47612,32,30400.97,32,110.24594,0.0881%,8.61737,9,3029.54,9,,,,,,,,,
INR,"Jun 01, 2026 - Jun 30, 2026","=""amzn1.ads-account.g.a5og6bnunpn8m911rke7gdql""",Cubelelo,279942205262904,BA - Generic - Mid & Low Volume,"=""498287583816355""","SP-KT - Generic - 5x5, 6x6, 7x7, Keychain - Mid & Low Volume - Exact & Phrase","=""536652533995914""",Phrase - Generic - 6x6 - Mid & Low Volume,B09HH5R69B,Cubelelo Drift 6x6 Stickerless Speed Cube Magic Puzzle for Kids & Adults | Advanced Level Speedcube | Speedy Stress Buster Brainstorming Cube,B0CWH6ML97,cubelelo,0300 Games & Puzzles,0307 Non-wooden Puzzles,Toy,1060100,AMAZON_IN,8871,117,1.3189%,1274.38,9,6830.49,9,141.59778,0.1015%,5.35985,8,6612.39,8,159.29750,0.0902%,5.18871,1,218.10,1,,,,,,,,,
INR,"Jun 01, 2026 - Jun 30, 2026","=""amzn1.ads-account.g.a5og6bnunpn8m911rke7gdql""",Cubelelo,14896671318530,BA - Tinker Box,"=""178894007177834""",BA - SP - Auto - Tinker Box - 0-2 Years - DO,"=""524300284583215""",Tinker Box,B0FRFKDWL1,TinkerBox Cylinder Puzzle | 12+ Months | Montessori Wooden Sorting & Matching Toy for Toddlers & Kids | STEM Puzzle for Cognitive Skills & Fine Motor Development | Safe & Durable Educational Toy,B0GPQFDGPB,Tinker Box,0600 Infants/Preschool,0627 All Other Infant Toys,Toy,TB06003,AMAZON_IN,21306,185,0.8683%,1125.72,4,1282.86,4,281.43000,0.0188%,1.13959,4,1282.86,4,281.43000,0.0188%,1.13959,0,0.00,0,,,,,,,,,
INR,"Jun 01, 2026 - Jun 30, 2026","=""amzn1.ads-account.g.a5og6bnunpn8m911rke7gdql""",Cubelelo,279942205262904,BA - Generic - Mid & Low Volume,"=""369883644681767""","SP-KT - Magnetic - Open, 2x2, 4x4, 5x5 - High Volume - Exact & Phrase","=""555858234006967""",Magnetic - Open - Mid & Low Volume,B0DRVMTFN1,"Cubelelo Drift 3M v3 3x3 (Magnetic UV Coated) Speedcube - New Version | Premium Glossy Finish, Ultra Fast & Smooth Turns, Enhanced Auto-Alignment with 48 Magnets | Puzzle Cube for Kids & Adults",B0F18TBS19,cubelelo,0300 Games & Puzzles,0307 Non-wooden Puzzles,Toy,1030603,AMAZON_IN,1640,15,0.9146%,82.71,0,0.00,0,,0.0000%,0.00000,0,0.00,0,,0.0000%,0.00000,0,0.00,0,,,,,,,,,
INR,"Jun 01, 2026 - Jun 30, 2026","=""amzn1.ads-account.g.a5og6bnunpn8m911rke7gdql""",Cubelelo,207487404658099,BA - Competition - Qiyi,"=""302880384926419""",SP-KT - Comp - Qiyi - Generic - Mid & Low Volume - Exact & Phrase,"=""346372267338017""",Qiyi - Tornado - Mid & Low Volume,B0DRVMTFN1,"Cubelelo Drift 3M v3 3x3 (Magnetic UV Coated) Speedcube - New Version | Premium Glossy Finish, Ultra Fast & Smooth Turns, Enhanced Auto-Alignment with 48 Magnets | Puzzle Cube for Kids & Adults",B0F18TBS19,cubelelo,0300 Games & Puzzles,0307 Non-wooden Puzzles,Toy,1030603,AMAZON_IN,407,2,0.4914%,3.00,0,0.00,0,,0.0000%,0.00000,0,0.00,0,,0.0000%,0.00000,0,0.00,0,,,,,,,,,
INR,"Jun 01, 2026 - Jun 30, 2026","=""amzn1.ads-account.g.a5og6bnunpn8m911rke7gdql""",Cubelelo,108066094626813,BA - Generic - Extremely High Volume,"=""484046863276712""",SP-KT - Generic - Open - 'Rubik's Cube' - SKAG - High Volume - Exact,"=""514344038519157""",Generic - Open Searches - High Volume SKAG,B0DRVMTFN1,"Cubelelo Drift 3M v3 3x3 (Magnetic UV Coated) Speedcube - New Version | Premium Glossy Finish, Ultra Fast & Smooth Turns, Enhanced Auto-Alignment with 48 Magnets | Puzzle Cube for Kids & Adults",B0F18TBS19,cubelelo,0300 Games & Puzzles,0307 Non-wooden Puzzles,Toy,1030603,AMAZON_IN,18960,190,1.0021%,2056.82,20,11200.00,21,102.84100,0.1055%,5.44530,10,6371.42,11,205.68200,0.0527%,3.09770,10,4828.58,10,,,,,,,,,
INR,"Jun 01, 2026 - Jun 30, 2026","=""amzn1.ads-account.g.a5og6bnunpn8m911rke7gdql""",Cubelelo,153505421940411,BA - Competition - Moyu,"=""535209545252680""",SP-KT - Comp - Moyu - Generic - Mid & Low Volume - Exact & Phrase,"=""544609417584184""",Phrase - Moyu - Generic - Mid & Low Volume,B0DRVMTFN1,"Cubelelo Drift 3M v3 3x3 (Magnetic UV Coated) Speedcube - New Version | Premium Glossy Finish, Ultra Fast & Smooth Turns, Enhanced Auto-Alignment with 48 Magnets | Puzzle Cube for Kids & Adults",B0F18TBS19,cubelelo,0300 Games & Puzzles,0307 Non-wooden Puzzles,Toy,1030603,AMAZON_IN,1198,34,2.8381%,93.92,2,1045.71,2,46.96000,0.1669%,11.13405,1,760.95,1,93.92000,0.0835%,8.10211,1,284.76,1,,,,,,,,,
INR,"Jun 01, 2026 - Jun 28, 2026","=""amzn1.ads-account.g.a5og6bnunpn8m911rke7gdql""",Cubelelo,153616914906061,Old - GAN Cube Campaigns All,"=""489604592702272""",BA_SP_KT_Gan 3x3_Generic_Phrase_09/23,"=""301678064380383""",Gan 3x3,B0DRVMTFN1,"Cubelelo Drift 3M v3 3x3 (Magnetic UV Coated) Speedcube - New Version | Premium Glossy Finish, Ultra Fast & Smooth Turns, Enhanced Auto-Alignment with 48 Magnets | Puzzle Cube for Kids & Adults",B0F18TBS19,cubelelo,0300 Games & Puzzles,0307 Non-wooden Puzzles,Toy,1030603,AMAZON_IN,17,0,0.0000%,0.00,0,0.00,0,,0.0000%,,0,0.00,0,,0.0000%,,0,0.00,0,,,,,,,,,
INR,"Jun 01, 2026 - Jun 30, 2026","=""amzn1.ads-account.g.a5og6bnunpn8m911rke7gdql""",Cubelelo,279942205262904,BA - Generic - Mid & Low Volume,"=""285784532724588""",SP-KT - Generic - Open - Cube - Mid & Low Volume - Exact & Phrase,"=""503467855821823""",Generic - Open Searches - Mid & Low Volume,B0DRVMTFN1,"Cubelelo Drift 3M v3 3x3 (Magnetic UV Coated) Speedcube - New Version | Premium Glossy Finish, Ultra Fast & Smooth Turns, Enhanced Auto-Alignment with 48 Magnets | Puzzle Cube for Kids & Adults",B0F18TBS19,cubelelo,0300 Games & Puzzles,0307 Non-wooden Puzzles,Toy,1030603,AMAZON_IN,3425,37,1.0803%,290.31,2,1236.19,2,145.15500,0.0584%,4.25817,2,1236.19,2,145.15500,0.0584%,4.25817,0,0.00,0,,,,,,,,,
INR,"Jun 01, 2026 - Jun 30, 2026","=""amzn1.ads-account.g.a5og6bnunpn8m911rke7gdql""",Cubelelo,279942205262904,BA - Generic - Mid & Low Volume,"=""512597066162542""",SP-KT - Magnetic - 3x3 - Mid & Low Volume - Exact & Phrase - DO,"=""405975184325655""",Phrase - Magnetic - 3x3 - Mid & Low Volume,B0DRVMTFN1,"Cubelelo Drift 3M v3 3x3 (Magnetic UV Coated) Speedcube - New Version | Premium Glossy Finish, Ultra Fast & Smooth Turns, Enhanced Auto-Alignment with 48 Magnets | Puzzle Cube for Kids & Adults",B0F18TBS19,cubelelo,0300 Games & Puzzles,0307 Non-wooden Puzzles,Toy,1030603,AMAZON_IN,8260,87,1.0533%,689.62,7,4659.98,7,98.51714,0.0847%,6.75732,7,4659.98,7,98.51714,0.0847%,6.75732,0,0.00,0,,,,,,,,,
INR,"Jun 01, 2026 - Jun 30, 2026","=""amzn1.ads-account.g.a5og6bnunpn8m911rke7gdql""",Cubelelo,153505421940411,BA - Competition - Moyu,"=""508041836775444""",SP-KT - Comp - Moyu - Generic - High Volume - Exact,"=""314697139428353""",Moyu - Generic - High Volume,B0DRVMTFN1,"Cubelelo Drift 3M v3 3x3 (Magnetic UV Coated) Speedcube - New Version | Premium Glossy Finish, Ultra Fast & Smooth Turns, Enhanced Auto-Alignment with 48 Magnets | Puzzle Cube for Kids & Adults",B0F18TBS19,cubelelo,0300 Games & Puzzles,0307 Non-wooden Puzzles,Toy,1030603,AMAZON_IN,1079,14,1.2975%,54.72,0,0.00,0,,0.0000%,0.00000,0,0.00,0,,0.0000%,0.00000,0,0.00,0,,,,,,,,,
INR,"Jun 01, 2026 - Jun 30, 2026","=""amzn1.ads-account.g.a5og6bnunpn8m911rke7gdql""",Cubelelo,162147707583156,BA - Branded - Cubelelo,"=""329970929951347""",SP-KT - Branded - Cubelelo - Mid & Low Volume - Exact & Phrase - UND,"=""526301691836211""",Branded - 3x3 - Phrase,B0DRVMTFN1,"Cubelelo Drift 3M v3 3x3 (Magnetic UV Coated) Speedcube - New Version | Premium Glossy Finish, Ultra Fast & Smooth Turns, Enhanced Auto-Alignment with 48 Magnets | Puzzle Cube for Kids & Adults",B0F18TBS19,cubelelo,0300 Games & Puzzles,0307 Non-wooden Puzzles,Toy,1030603,AMAZON_IN,26447,128,0.4840%,1261.82,10,6695.23,10,126.18200,0.0378%,5.30601,3,2187.61,3,420.60667,0.0113%,1.73369,7,4507.62,7,,,,,,,,,
INR,"Jun 01, 2026 - Jun 30, 2026","=""amzn1.ads-account.g.a5og6bnunpn8m911rke7gdql""",Cubelelo,162147707583156,BA - Branded - Cubelelo,"=""329970929951347""",SP-KT - Branded - Cubelelo - Mid & Low Volume - Exact & Phrase - UND,"=""479460967599506""",Branded - 3x3,B0DRVMTFN1,"Cubelelo Drift 3M v3 3x3 (Magnetic UV Coated) Speedcube - New Version | Premium Glossy Finish, Ultra Fast & Smooth Turns, Enhanced Auto-Alignment with 48 Magnets | Puzzle Cube for Kids & Adults",B0F18TBS19,cubelelo,0300 Games & Puzzles,0307 Non-wooden Puzzles,Toy,1030603,AMAZON_IN,3607,27,0.7485%,133.98,1,0.00,1,133.98000,0.0277%,0.00000,1,0.00,1,133.98000,0.0277%,0.00000,0,0.00,0,,,,,,,,,
INR,"Jun 01, 2026 - Jun 30, 2026","=""amzn1.ads-account.g.a5og6bnunpn8m911rke7gdql""",Cubelelo,108066094626813,BA - Generic - Extremely High Volume,"=""495997417400177""",SP-KT - Generic - Open - 'Rubix Cube' - SKAG - High Volume - Exact,"=""536771283942162""",Generic - Open Searches - High Volume SKAG,B0DRVMTFN1,"Cubelelo Drift 3M v3 3x3 (Magnetic UV Coated) Speedcube - New Version | Premium Glossy Finish, Ultra Fast & Smooth Turns, Enhanced Auto-Alignment with 48 Magnets | Puzzle Cube for Kids & Adults",B0F18TBS19,cubelelo,0300 Games & Puzzles,0307 Non-wooden Puzzles,Toy,1030603,AMAZON_IN,4121,49,1.1890%,462.47,9,6248.56,9,51.38556,0.2184%,13.51128,5,3423.80,5,92.49400,0.1213%,7.40329,4,2824.76,4,,,,,,,,,
INR,"Jun 01, 2026 - Jun 30, 2026","=""amzn1.ads-account.g.a5og6bnunpn8m911rke7gdql""",Cubelelo,279942205262904,BA - Generic - Mid & Low Volume,"=""369883644681767""","SP-KT - Magnetic - Open, 2x2, 4x4, 5x5 - High Volume - Exact & Phrase","=""475526629790872""",Phrase - Magnetic - Open - Mid & Low Volume,B0DRVMTFN1,"Cubelelo Drift 3M v3 3x3 (Magnetic UV Coated) Speedcube - New Version | Premium Glossy Finish, Ultra Fast & Smooth Turns, Enhanced Auto-Alignment with 48 Magnets | Puzzle Cube for Kids & Adults",B0F18TBS19,cubelelo,0300 Games & Puzzles,0307 Non-wooden Puzzles,Toy,1030603,AMAZON_IN,9928,62,0.6245%,505.08,3,1387.62,3,168.36000,0.0302%,2.74733,1,760.95,1,505.08000,0.0101%,1.50659,2,626.67,2,,,,,,,,,
INR,"Jun 01, 2026 - Jun 30, 2026","=""amzn1.ads-account.g.a5og6bnunpn8m911rke7gdql""",Cubelelo,108066094626813,BA - Generic - Extremely High Volume,"=""401436515512721""",SP-KT - Magnetic - 'Rubix Cube 3x3 Magnetic' - SKAG - High Volume - Exact,"=""342743977581960""",Generic - High Volume SKAG,B0DRVMTFN1,"Cubelelo Drift 3M v3 3x3 (Magnetic UV Coated) Speedcube - New Version | Premium Glossy Finish, Ultra Fast & Smooth Turns, Enhanced Auto-Alignment with 48 Magnets | Puzzle Cube for Kids & Adults",B0F18TBS19,cubelelo,0300 Games & Puzzles,0307 Non-wooden Puzzles,Toy,1030603,AMAZON_IN,57533,141,0.2451%,1480.09,14,7940.00,14,105.72071,0.0243%,5.36454,9,5897.14,9,164.45444,0.0156%,3.98431,5,2042.86,5,,,,,,,,,
INR,"Jun 01, 2026 - Jun 30, 2026","=""amzn1.ads-account.g.a5og6bnunpn8m911rke7gdql""",Cubelelo,279942205262904,BA - Generic - Mid & Low Volume,"=""512597066162542""",SP-KT - Magnetic - 3x3 - Mid & Low Volume - Exact & Phrase - DO,"=""357712340082511""",Magnetic - 3x3 - Mid & Low Volume,B0DRVMTFN1,"Cubelelo Drift 3M v3 3x3 (Magnetic UV Coated) Speedcube - New Version | Premium Glossy Finish, Ultra Fast & Smooth Turns, Enhanced Auto-Alignment with 48 Magnets | Puzzle Cube for Kids & Adults",B0F18TBS19,cubelelo,0300 Games & Puzzles,0307 Non-wooden Puzzles,Toy,1030603,AMAZON_IN,21399,94,0.4393%,599.04,9,6944.76,9,66.56000,0.0421%,11.59315,8,4469.52,8,74.88000,0.0374%,7.46114,1,2475.24,1,,,,,,,,,
INR,"Jun 01, 2026 - Jun 30, 2026","=""amzn1.ads-account.g.a5og6bnunpn8m911rke7gdql""",Cubelelo,279942205262904,BA - Generic - Mid & Low Volume,"=""285784532724588""",SP-KT - Generic - Open - Cube - Mid & Low Volume - Exact & Phrase,"=""479419335051851""",Phrase - Generic - Open Searches - Mid & Low Volume,B0DRVMTFN1,"Cubelelo Drift 3M v3 3x3 (Magnetic UV Coated) Speedcube - New Version | Premium Glossy Finish, Ultra Fast & Smooth Turns, Enhanced Auto-Alignment with 48 Magnets | Puzzle Cube for Kids & Adults",B0F18TBS19,cubelelo,0300 Games & Puzzles,0307 Non-wooden Puzzles,Toy,1030603,AMAZON_IN,5726,184,3.2134%,1474.58,18,8850.48,18,81.92111,0.3144%,6.00203,13,7892.38,13,113.42923,0.2270%,5.35229,5,958.10,5,,,,,,,,,
INR,"Jun 01, 2026 - Jun 30, 2026","=""amzn1.ads-account.g.a5og6bnunpn8m911rke7gdql""",Cubelelo,279942205262904,BA - Generic - Mid & Low Volume,"=""315451570129574""","SP-KT - Maglev, Mastermorphix, Puppet, Snake, Square1, Megaminx - Open - Mid & Low Volume - Exact & Phrase - UND","=""302205874173501""",Maglev - Mid & Low Volume - Exact & Phrase,B0DRVMTFN1,"Cubelelo Drift 3M v3 3x3 (Magnetic UV Coated) Speedcube - New Version | Premium Glossy Finish, Ultra Fast & Smooth Turns, Enhanced Auto-Alignment with 48 Magnets | Puzzle Cube for Kids & Adults",B0F18TBS19,cubelelo,0300 Games & Puzzles,0307 Non-wooden Puzzles,Toy,1030603,AMAZON_IN,11964,94,0.7857%,936.14,1,760.95,1,936.14000,0.0084%,0.81286,1,760.95,1,936.14000,0.0084%,0.81286,0,0.00,0,,,,,,,,,
INR,"Jun 01, 2026 - Jun 30, 2026","=""amzn1.ads-account.g.a5og6bnunpn8m911rke7gdql""",Cubelelo,162147707583156,BA - Branded - Cubelelo,"=""329970929951347""",SP-KT - Branded - Cubelelo - Mid & Low Volume - Exact & Phrase - UND,"=""466745020882275""",Magnetic - 3x3,B0DRVMTFN1,"Cubelelo Drift 3M v3 3x3 (Magnetic UV Coated) Speedcube - New Version | Premium Glossy Finish, Ultra Fast & Smooth Turns, Enhanced Auto-Alignment with 48 Magnets | Puzzle Cube for Kids & Adults",B0F18TBS19,cubelelo,0300 Games & Puzzles,0307 Non-wooden Puzzles,Toy,1030603,AMAZON_IN,84,0,0.0000%,0.00,0,0.00,0,,0.0000%,,0,0.00,0,,0.0000%,,0,0.00,0,,,,,,,,,
INR,"Jun 01, 2026 - Jun 30, 2026","=""amzn1.ads-account.g.a5og6bnunpn8m911rke7gdql""",Cubelelo,153505421940411,BA - Competition - Moyu,"=""535209545252680""",SP-KT - Comp - Moyu - Generic - Mid & Low Volume - Exact & Phrase,"=""342757652627825""",Moyu - Generic - Mid & Low Volume,B0DRVMTFN1,"Cubelelo Drift 3M v3 3x3 (Magnetic UV Coated) Speedcube - New Version | Premium Glossy Finish, Ultra Fast & Smooth Turns, Enhanced Auto-Alignment with 48 Magnets | Puzzle Cube for Kids & Adults",B0F18TBS19,cubelelo,0300 Games & Puzzles,0307 Non-wooden Puzzles,Toy,1030603,AMAZON_IN,79,1,1.2658%,1.39,0,0.00,0,,0.0000%,0.00000,0,0.00,0,,0.0000%,0.00000,0,0.00,0,,,,,,,,,
INR,"Jun 01, 2026 - Jun 30, 2026","=""amzn1.ads-account.g.a5og6bnunpn8m911rke7gdql""",Cubelelo,63272072822448,Old - Speed Cube Campaigns All,"=""495291247543690""",BA_SP_KT_Speed cube 3x3_Generic_Phrase_09/23,"=""533767985616784""",Speed cube 3x3,B0DRVMTFN1,"Cubelelo Drift 3M v3 3x3 (Magnetic UV Coated) Speedcube - New Version | Premium Glossy Finish, Ultra Fast & Smooth Turns, Enhanced Auto-Alignment with 48 Magnets | Puzzle Cube for Kids & Adults",B0F18TBS19,cubelelo,0300 Games & Puzzles,0307 Non-wooden Puzzles,Toy,1030603,AMAZON_IN,4793,71,1.4813%,517.96,9,6467.61,9,57.55111,0.1878%,12.48670,9,6467.61,9,57.55111,0.1878%,12.48670,0,0.00,0,,,,,,,,,
INR,"Jun 01, 2026 - Jun 30, 2026","=""amzn1.ads-account.g.a5og6bnunpn8m911rke7gdql""",Cubelelo,279942205262904,BA - Generic - Mid & Low Volume,"=""327104446426115""","SP-KT - Axis - Windmill - Fisher, Cylinder, Kids, Mini, Smart, Pyramid - Open - Mid & Low Volume - Exact & Phrase","=""354824992183354""",Kids - Mid & Low Volume - Exact & Phrase,B0DRVMTFN1,"Cubelelo Drift 3M v3 3x3 (Magnetic UV Coated) Speedcube - New Version | Premium Glossy Finish, Ultra Fast & Smooth Turns, Enhanced Auto-Alignment with 48 Magnets | Puzzle Cube for Kids & Adults",B0F18TBS19,cubelelo,0300 Games & Puzzles,0307 Non-wooden Puzzles,Toy,1030603,AMAZON_IN,61,2,3.2787%,15.31,0,0.00,0,,0.0000%,0.00000,0,0.00,0,,0.0000%,0.00000,0,0.00,0,,,,,,,,,
INR,"Jun 01, 2026 - Jun 30, 2026","=""amzn1.ads-account.g.a5og6bnunpn8m911rke7gdql""",Cubelelo,162147707583156,BA - Branded - Cubelelo,"=""329970929951347""",SP-KT - Branded - Cubelelo - Mid & Low Volume - Exact & Phrase - UND,"=""298700263606024""",Branded,B0DRVMTFN1,"Cubelelo Drift 3M v3 3x3 (Magnetic UV Coated) Speedcube - New Version | Premium Glossy Finish, Ultra Fast & Smooth Turns, Enhanced Auto-Alignment with 48 Magnets | Puzzle Cube for Kids & Adults",B0F18TBS19,cubelelo,0300 Games & Puzzles,0307 Non-wooden Puzzles,Toy,1030603,AMAZON_IN,1279,16,1.2510%,121.90,1,707.62,1,121.90000,0.0782%,5.80492,1,707.62,1,121.90000,0.0782%,5.80492,0,0.00,0,,,,,,,,,
INR,"Jun 01, 2026 - Jun 30, 2026","=""amzn1.ads-account.g.a5og6bnunpn8m911rke7gdql""",Cubelelo,279942205262904,BA - Generic - Mid & Low Volume,"=""315451570129574""","SP-KT - Maglev, Mastermorphix, Puppet, Snake, Square1, Megaminx - Open - Mid & Low Volume - Exact & Phrase - UND","=""332386096408615""",Puppet - Mid & Low Volume - Exact & Phrase,B0CJFSPB4P,Cubelelo Drift Puppet II Speed Cube | Brain Teaser Puzzle Toys | Limited Rotation | Creative New Cube for Kids and Adults,B0CJHXZZY3,cubelelo,0300 Games & Puzzles,0307 Non-wooden Puzzles,Toy,1260200,AMAZON_IN,4088,53,1.2965%,275.09,8,3769.53,8,34.38625,0.1957%,13.70290,6,3085.72,6,45.84833,0.1468%,11.21713,2,683.81,2,,,,,,,,,
INR,"Jun 01, 2026 - Jun 30, 2026","=""amzn1.ads-account.g.a5og6bnunpn8m911rke7gdql""",Cubelelo,279942205262904,BA - Generic - Mid & Low Volume,"=""405383753413943""","SP-KT - Lube Combo, Magic, Pyraminx, Skewb, Stand, Timer, Gear - Open - Mid & Low Volume - Exact & Phrase","=""291482927814540""",Pyraminx - Mid & Low Volume - Exact & Phrase,B0C55KWQPH,Cubelelo Twist Pyraminx M (Magnetic) | Stickerless Pyramid Triangle High Speed Puzzle for Kids and Adults | Magic Speedy Brainstorming Stressbuster Multicolor Cube,B0CFFC4DMP,cubelelo,0300 Games & Puzzles,0307 Non-wooden Puzzles,Toy,B0C55KWQPH,AMAZON_IN,5,0,0.0000%,0.00,0,0.00,0,,0.0000%,,0,0.00,0,,0.0000%,,0,0.00,0,,,,,,,,,
INR,"Jun 14, 2026 - Jun 15, 2026","=""amzn1.ads-account.g.a5og6bnunpn8m911rke7gdql""",Cubelelo,108066094626813,BA - Generic - Extremely High Volume,"=""530532259196935""","SP-KT - Megaminx, Pyramid, Timer & Gear - Open - High Volume - Exact","=""321431385380150""",Pyramid - High Volume,B0C55KWQPH,Cubelelo Twist Pyraminx M (Magnetic) | Stickerless Pyramid Triangle High Speed Puzzle for Kids and Adults | Magic Speedy Brainstorming Stressbuster Multicolor Cube,B0CFFC4DMP,cubelelo,0300 Games & Puzzles,0307 Non-wooden Puzzles,Toy,B0C55KWQPH,AMAZON_IN,2,0,0.0000%,0.00,0,0.00,0,,0.0000%,,0,0.00,0,,0.0000%,,0,0.00,0,,,,,,,,,
INR,"Jun 07, 2026 - Jun 07, 2026","=""amzn1.ads-account.g.a5og6bnunpn8m911rke7gdql""",Cubelelo,159890394934310,Old - Core Generic Cube Campaigns All,"=""461439945733289""",BA_SP_KT_5x5 Cube_Generic_Phrase_09/23,"=""521470917336542""",5x5 Cube,B0DBDFN3T3,Cubelelo Drift 5x5 Stickerless with Stand | High-Performance Speed Cube | Smooth Turning & Adjustable Tension | Durable & Reliable | Ideal for All Ages,-1,cubelelo,0300 Games & Puzzles,0330 Brainteasers,Toy,1460571,AMAZON_IN,1,0,0.0000%,0.00,0,0.00,0,,0.0000%,,0,0.00,0,,0.0000%,,0,0.00,0,,,,,,,,,
INR,"Jun 01, 2026 - Jun 30, 2026","=""amzn1.ads-account.g.a5og6bnunpn8m911rke7gdql""",Cubelelo,159890394934310,Old - Core Generic Cube Campaigns All,"=""454748662358104""",BA_SP_KT_Generic Cube 2x2_Generic_Phrase_09/23,"=""305299342122740""",Generic Cube 2x2,B08LBJ3P8L,Cubelelo Drift 2x2 Stickerless Cube | Beginner Speedcube for Kids Boys Girls Above 3 4 5 6 Years Old & Above | Magic Puzzle Toy | Durable & Smooth Cube with Anti-Pop Design 2x2x2,B0CHJX31DJ,cubelelo,0300 Games & Puzzles,0307 Non-wooden Puzzles,Toy,1020200,AMAZON_IN,38683,1269,3.2805%,7706.48,307,73911.56,319,25.10254,0.7936%,9.59083,254,58940.18,263,30.34047,0.6566%,7.64813,53,14971.38,56,,,,,,,,,
INR,"Jun 01, 2026 - Jun 30, 2026","=""amzn1.ads-account.g.a5og6bnunpn8m911rke7gdql""",Cubelelo,182829498693993,BA - Competition - GAN,"=""548052105782309""",SP-KT - Comp - GAN - 3x3 - High Volume - Exact,"=""489910891681991""",Gan - 3x3 - High Volume,B0DRSL7NTJ,"Cubelelo GAN Monster Go (v3) Magnetic 3x3 Speedcube | Honeycomb Design for Buttery Smooth & Stable Turning, Adjustable Tension, Corner Cutting | Ideal Puzzle Toy for Beginners, Boys & Girls Ages 6+",B0DX26WL82,cubelelo,0300 Games & Puzzles,0307 Non-wooden Puzzles,Toy,1030545,AMAZON_IN,4128,98,2.3740%,402.84,4,4281.90,4,100.71000,0.0969%,10.62928,2,3617.14,2,201.42000,0.0484%,8.97910,2,664.76,2,,,,,,,,,
INR,"Jun 01, 2026 - Jun 30, 2026","=""amzn1.ads-account.g.a5og6bnunpn8m911rke7gdql""",Cubelelo,182829498693993,BA - Competition - GAN,"=""303138629347007""",SP-KT - Comp - GAN - Generic - Mid & Low Volume - Exact & Phrase,"=""432248665340700""",Phrase - Gan - Generic - Mid & Low Volume,B0DRSL7NTJ,"Cubelelo GAN Monster Go (v3) Magnetic 3x3 Speedcube | Honeycomb Design for Buttery Smooth & Stable Turning, Adjustable Tension, Corner Cutting | Ideal Puzzle Toy for Beginners, Boys & Girls Ages 6+",B0DX26WL82,cubelelo,0300 Games & Puzzles,0307 Non-wooden Puzzles,Toy,1030545,AMAZON_IN,24712,532,2.1528%,3296.09,27,23458.09,27,122.07741,0.1093%,7.11695,17,16270.48,17,193.88765,0.0688%,4.93630,10,7187.61,10,,,,,,,,,
INR,"Jun 01, 2026 - Jun 30, 2026","=""amzn1.ads-account.g.a5og6bnunpn8m911rke7gdql""",Cubelelo,182829498693993,BA - Competition - GAN,"=""287167733706633""",SP-KT - Comp - GAN - Generic - High Volume - Exact,"=""497061644898658""",Gan - Generic - High Volume,B0DRSL7NTJ,"Cubelelo GAN Monster Go (v3) Magnetic 3x3 Speedcube | Honeycomb Design for Buttery Smooth & Stable Turning, Adjustable Tension, Corner Cutting | Ideal Puzzle Toy for Beginners, Boys & Girls Ages 6+",B0DX26WL82,cubelelo,0300 Games & Puzzles,0307 Non-wooden Puzzles,Toy,1030545,AMAZON_IN,4055,25,0.6165%,183.83,1,951.43,1,183.83000,0.0247%,5.17560,1,951.43,1,183.83000,0.0247%,5.17560,0,0.00,0,,,,,,,,,
INR,"Jun 01, 2026 - Jun 30, 2026","=""amzn1.ads-account.g.a5og6bnunpn8m911rke7gdql""",Cubelelo,182829498693993,BA - Competition - GAN,"=""303138629347007""",SP-KT - Comp - GAN - Generic - Mid & Low Volume - Exact & Phrase,"=""439855833331529""",Gan - Generic - Mid & Low Volume,B0DRSL7NTJ,"Cubelelo GAN Monster Go (v3) Magnetic 3x3 Speedcube | Honeycomb Design for Buttery Smooth & Stable Turning, Adjustable Tension, Corner Cutting | Ideal Puzzle Toy for Beginners, Boys & Girls Ages 6+",B0DX26WL82,cubelelo,0300 Games & Puzzles,0307 Non-wooden Puzzles,Toy,1030545,AMAZON_IN,6112,226,3.6976%,1410.21,5,4004.77,5,282.04200,0.0818%,2.83984,4,3805.72,4,352.55250,0.0654%,2.69869,1,199.05,1,,,,,,,,,
INR,"Jun 01, 2026 - Jun 30, 2026","=""amzn1.ads-account.g.a5og6bnunpn8m911rke7gdql""",Cubelelo,182829498693993,BA - Competition - GAN,"=""491880598355368""",SP-KT - Comp - GAN - 3x3 - Mid & Low Volume - Exact & Phrase,"=""404568450484859""",Gan - 3x3 - Mid & Low Volume,B0DRSL7NTJ,"Cubelelo GAN Monster Go (v3) Magnetic 3x3 Speedcube | Honeycomb Design for Buttery Smooth & Stable Turning, Adjustable Tension, Corner Cutting | Ideal Puzzle Toy for Beginners, Boys & Girls Ages 6+",B0DX26WL82,cubelelo,0300 Games & Puzzles,0307 Non-wooden Puzzles,Toy,1030545,AMAZON_IN,1456,54,3.7088%,203.65,3,2092.38,3,67.88333,0.2060%,10.27439,1,951.43,1,203.65000,0.0687%,4.67189,2,1140.95,2,,,,,,,,,
INR,"Jun 04, 2026 - Jun 30, 2026","=""amzn1.ads-account.g.a5og6bnunpn8m911rke7gdql""",Cubelelo,153616914906061,Old - GAN Cube Campaigns All,"=""489604592702272""",BA_SP_KT_Gan 3x3_Generic_Phrase_09/23,"=""301678064380383""",Gan 3x3,B0DRSL7NTJ,"Cubelelo GAN Monster Go (v3) Magnetic 3x3 Speedcube | Honeycomb Design for Buttery Smooth & Stable Turning, Adjustable Tension, Corner Cutting | Ideal Puzzle Toy for Beginners, Boys & Girls Ages 6+",B0DX26WL82,cubelelo,0300 Games & Puzzles,0307 Non-wooden Puzzles,Toy,1030545,AMAZON_IN,52,1,1.9231%,2.55,0,0.00,0,,0.0000%,0.00000,0,0.00,0,,0.0000%,0.00000,0,0.00,0,,,,,,,,,
INR,"Jun 01, 2026 - Jun 30, 2026","=""amzn1.ads-account.g.a5og6bnunpn8m911rke7gdql""",Cubelelo,279942205262904,BA - Generic - Mid & Low Volume,"=""315451570129574""","SP-KT - Maglev, Mastermorphix, Puppet, Snake, Square1, Megaminx - Open - Mid & Low Volume - Exact & Phrase - UND","=""332386096408615""",Puppet - Mid & Low Volume - Exact & Phrase,B0CJFVM7VR,Cubelelo Drift Puppet I 3x3 Speed Cube | Brain Teaser Puzzle Toys | Limited Rotation | Creative New Cube for Kids and Adults,B0CJHXZZY3,cubelelo,0300 Games & Puzzles,0307 Non-wooden Puzzles,Toy,1260100,AMAZON_IN,2664,98,3.6787%,307.49,21,10903.83,21,14.64238,0.7883%,35.46076,18,9335.26,18,17.08278,0.6757%,30.35956,3,1568.57,3,,,,,,,,,
INR,"Jun 11, 2026 - Jun 30, 2026","=""amzn1.ads-account.g.a5og6bnunpn8m911rke7gdql""",Cubelelo,162147707583156,BA - Branded - Cubelelo,"=""329970929951347""",SP-KT - Branded - Cubelelo - Mid & Low Volume - Exact & Phrase - UND,"=""302346821210022""",Branded - 4x4,B08LBH7B99,"Cubelelo Drift 4x4 Stickerless Cube Puzzle Toy | AKA Revenge Cube | Combines Smoothness, Stability & Durability | Speedcube for Beginners | Suitable for Kids, Children, Boys, Girls & Adults",B0CBBV1B5T,cubelelo,0300 Games & Puzzles,0307 Non-wooden Puzzles,Toy,B08LBH7B99,AMAZON_IN,219,2,0.9132%,16.03,0,0.00,0,,0.0000%,0.00000,0,0.00,0,,0.0000%,0.00000,0,0.00,0,,,,,,,,,
INR,"Jun 04, 2026 - Jun 10, 2026","=""amzn1.ads-account.g.a5og6bnunpn8m911rke7gdql""",Cubelelo,108066094626813,BA - Generic - Extremely High Volume,"=""530532259196935""","SP-KT - Megaminx, Pyramid, Timer & Gear - Open - High Volume - Exact","=""321431385380150""",Pyramid - High Volume,B0BZKYFBCZ,"Cubelelo Drift 3X3, Pyraminx & Mirror (Silver) Combo (Black), Kid",-1,cubelelo,0300 Games & Puzzles,0307 Non-wooden Puzzles,Toy,CLB0129_EAN,AMAZON_IN,2,0,0.0000%,0.00,0,0.00,0,,0.0000%,,0,0.00,0,,0.0000%,,0,0.00,0,,,,,,,,,
INR,"Jun 01, 2026 - Jun 10, 2026","=""amzn1.ads-account.g.a5og6bnunpn8m911rke7gdql""",Cubelelo,279942205262904,BA - Generic - Mid & Low Volume,"=""405383753413943""","SP-KT - Lube Combo, Magic, Pyraminx, Skewb, Stand, Timer, Gear - Open - Mid & Low Volume - Exact & Phrase","=""291482927814540""",Pyraminx - Mid & Low Volume - Exact & Phrase,B0BZKYFBCZ,"Cubelelo Drift 3X3, Pyraminx & Mirror (Silver) Combo (Black), Kid",-1,cubelelo,0300 Games & Puzzles,0307 Non-wooden Puzzles,Toy,CLB0129_EAN,AMAZON_IN,3,0,0.0000%,0.00,0,0.00,0,,0.0000%,,0,0.00,0,,0.0000%,,0,0.00,0,,,,,,,,,
INR,"Jun 01, 2026 - Jun 28, 2026","=""amzn1.ads-account.g.a5og6bnunpn8m911rke7gdql""",Cubelelo,279942205262904,BA - Generic - Mid & Low Volume,"=""405383753413943""","SP-KT - Lube Combo, Magic, Pyraminx, Skewb, Stand, Timer, Gear - Open - Mid & Low Volume - Exact & Phrase","=""372803868727165""",Skewb - Mid & Low Volume - Exact & Phrase,B0CGNW2MFJ,Cubelelo Drift Square-1 & Skewb Gift Box | Explore the new Dimension of Uniquely Shaped Puzzles | 2 in 1 Combo Pack of Dual Challenge Delight | Brainstoming Game Toy for Children Kids & Adults,-1,cubelelo,0300 Games & Puzzles,0307 Non-wooden Puzzles,Toy,1460521,AMAZON_IN,1318,17,1.2898%,196.87,1,808.57,1,196.87000,0.0759%,4.10713,1,808.57,1,196.87000,0.0759%,4.10713,0,0.00,0,,,,,,,,,
INR,"Jun 01, 2026 - Jun 07, 2026","=""amzn1.ads-account.g.a5og6bnunpn8m911rke7gdql""",Cubelelo,279942205262904,BA - Generic - Mid & Low Volume,"=""327104446426115""","SP-KT - Axis - Windmill - Fisher, Cylinder, Kids, Mini, Smart, Pyramid - Open - Mid & Low Volume - Exact & Phrase","=""310438687496531""",Pyramid - Mid & Low Volume - Exact & Phrase,B0BZKYFBCZ,"Cubelelo Drift 3X3, Pyraminx & Mirror (Silver) Combo (Black), Kid",-1,cubelelo,0300 Games & Puzzles,0307 Non-wooden Puzzles,Toy,CLB0129_EAN,AMAZON_IN,4,0,0.0000%,0.00,0,0.00,0,,0.0000%,,0,0.00,0,,0.0000%,,0,0.00,0,,,,,,,,,
INR,"Jun 01, 2026 - Jun 13, 2026","=""amzn1.ads-account.g.a5og6bnunpn8m911rke7gdql""",Cubelelo,279942205262904,BA - Generic - Mid & Low Volume,"=""315451570129574""","SP-KT - Maglev, Mastermorphix, Puppet, Snake, Square1, Megaminx - Open - Mid & Low Volume - Exact & Phrase - UND","=""391120880267490""",Unique - Mid & Low Volume - Exact & Phrase,B0CGNW2MFJ,Cubelelo Drift Square-1 & Skewb Gift Box | Explore the new Dimension of Uniquely Shaped Puzzles | 2 in 1 Combo Pack of Dual Challenge Delight | Brainstoming Game Toy for Children Kids & Adults,-1,cubelelo,0300 Games & Puzzles,0307 Non-wooden Puzzles,Toy,1460521,AMAZON_IN,296,0,0.0000%,0.00,0,0.00,0,,0.0000%,,0,0.00,0,,0.0000%,,0,0.00,0,,,,,,,,,
INR,"Jun 01, 2026 - Jun 30, 2026","=""amzn1.ads-account.g.a5og6bnunpn8m911rke7gdql""",Cubelelo,279942205262904,BA - Generic - Mid & Low Volume,"=""315451570129574""","SP-KT - Maglev, Mastermorphix, Puppet, Snake, Square1, Megaminx - Open - Mid & Low Volume - Exact & Phrase - UND","=""355780307112522""",Snake - Mid & Low Volume - Exact & Phrase,B0BV276B7T,Cubelelo Magic Snake Rainbow Puzzle Cube (72 Wedges) | Twist and Turn Shape Creation Fun Game for Kids Boys Girls and Adults | Multicolor Brain Teaser Stress Buster Toy | for Ages 3 Years and Above,B0CT8VHGGD,cubelelo,0300 Games & Puzzles,0307 Non-wooden Puzzles,Toy,1310036_EAN,AMAZON_IN,15014,276,1.8383%,1477.92,39,18223.86,40,37.89538,0.2598%,12.33075,36,17436.24,37,41.05333,0.2398%,11.79782,3,787.62,3,,,,,,,,,
INR,"Jun 22, 2026 - Jun 30, 2026","=""amzn1.ads-account.g.a5og6bnunpn8m911rke7gdql""",Cubelelo,14896671318530,BA - Tinker Box,"=""178894007177834""",BA - SP - Auto - Tinker Box - 0-2 Years - DO,"=""524300284583215""",Tinker Box,B0GMX4TCBD,TinkerBox Double Spinning Drum | 4+ Months | Montessori Wooden Rotating Sensory Toy for Toddlers | Tummy Time Baby Toy | Motor Skills Development | Non-Toxic Educational Safe & Durable Wooden Drum,-1,Tinker Box,0600 Infants/Preschool,0606 Musical Toys,Toy,TB02002b,AMAZON_IN,4477,35,0.7818%,249.92,3,2425.71,3,83.30667,0.0670%,9.70595,3,2425.71,3,83.30667,0.0670%,9.70595,0,0.00,0,,,,,,,,,
INR,"Jun 01, 2026 - Jun 29, 2026","=""amzn1.ads-account.g.a5og6bnunpn8m911rke7gdql""",Cubelelo,279942205262904,BA - Generic - Mid & Low Volume,"=""315451570129574""","SP-KT - Maglev, Mastermorphix, Puppet, Snake, Square1, Megaminx - Open - Mid & Low Volume - Exact & Phrase - UND","=""355780307112522""",Snake - Mid & Low Volume - Exact & Phrase,B0CS6HR1L1,Cubelelo Magic Snake Rainbow Puzzle Cube (36 Wedges) | Twist and Turn Shape Creation Fun Game for Kids Boys Girls and Adults | Multicolor Brain Teaser Stress Buster Toy | for Ages 3 Years and Above,B0CT8VHGGD,cubelelo,0300 Games & Puzzles,0307 Non-wooden Puzzles,Toy,1310037,AMAZON_IN,2398,15,0.6255%,90.15,4,1577.14,4,22.53750,0.1668%,17.49462,4,1577.14,4,22.53750,0.1668%,17.49462,0,0.00,0,,,,,,,,,
INR,"Jun 01, 2026 - Jun 05, 2026","=""amzn1.ads-account.g.a5og6bnunpn8m911rke7gdql""",Cubelelo,207487404658099,BA - Competition - Qiyi,"=""302880384926419""",SP-KT - Comp - Qiyi - Generic - Mid & Low Volume - Exact & Phrase,"=""346372267338017""",Qiyi - Tornado - Mid & Low Volume,B0DQPZ8DWX,"Cubelelo QiYi M Pro v2 3x3 Pioneer UV Magnetic Speedcube, Ultra-Smooth Turns, UV Coating",B0DX27PQWH,cubelelo,"0200 Arts, Crafts & School Supplies",0223 Stationery,Toy,1030537,AMAZON_IN,0,0,,0.00,0,0.00,0,,,,0,0.00,0,,,,0,0.00,0,,,,,,,,,
INR,"Jun 19, 2026 - Jun 30, 2026","=""amzn1.ads-account.g.a5og6bnunpn8m911rke7gdql""",Cubelelo,106276615587889,BA - Wooden Toys,"=""411167871519559""",SP-Auto - Tinker Box,"=""398109748865243""",Tinker box,B0FF9R4GS4,TinkerBox Stack & Balance Human Tower | Wooden Interlocking Toy Set | Promotes Critical Thinking & Creativity | Early Learning Educational Game for Kids Children Boys Girls,B0GPQFDGPB,Tinker Box,0600 Infants/Preschool,0627 All Other Infant Toys,Toy,TB00004,AMAZON_IN,20226,152,0.7515%,1870.10,3,1854.30,3,623.36667,0.0148%,0.99155,3,1854.30,3,623.36667,0.0148%,0.99155,0,0.00,0,,,,,,,,,
INR,"Jun 01, 2026 - Jun 30, 2026","=""amzn1.ads-account.g.a5og6bnunpn8m911rke7gdql""",Cubelelo,14896671318530,BA - Tinker Box,"=""536231617514469""",SP-PT - Comp - Tinker Box - Stack & Balance Human Tower - Exact,"=""526327283724547""",Tinker Box - Stack & Balance Human Tower,B0FF9R4GS4,TinkerBox Stack & Balance Human Tower | Wooden Interlocking Toy Set | Promotes Critical Thinking & Creativity | Early Learning Educational Game for Kids Children Boys Girls,B0GPQFDGPB,Tinker Box,0600 Infants/Preschool,0627 All Other Infant Toys,Toy,TB00004,AMAZON_IN,1450,32,2.2069%,141.65,2,1236.20,2,70.82500,0.1379%,8.72714,2,1236.20,2,70.82500,0.1379%,8.72714,0,0.00,0,,,,,,,,,
INR,"Jun 01, 2026 - Jun 30, 2026","=""amzn1.ads-account.g.a5og6bnunpn8m911rke7gdql""",Cubelelo,14896671318530,BA - Tinker Box,"=""460650293397082""",SP-KT - Generic - Tinker Box Products - High volume - Exact,"=""434706887787877""",Tinker Box,B0FF9R4GS4,TinkerBox Stack & Balance Human Tower | Wooden Interlocking Toy Set | Promotes Critical Thinking & Creativity | Early Learning Educational Game for Kids Children Boys Girls,B0GPQFDGPB,Tinker Box,0600 Infants/Preschool,0627 All Other Infant Toys,Toy,TB00004,AMAZON_IN,35964,160,0.4449%,1084.45,0,0.00,0,,0.0000%,0.00000,0,0.00,0,,0.0000%,0.00000,0,0.00,0,,,,,,,,,
INR,"Jun 19, 2026 - Jun 30, 2026","=""amzn1.ads-account.g.a5og6bnunpn8m911rke7gdql""",Cubelelo,106276615587889,BA - Wooden Toys,"=""510524170392482""",SP-KT - Wooden - Generic - Tinker Box - High Volume - Exact,"=""347906997321971""",Tinker Box,B0FF9R4GS4,TinkerBox Stack & Balance Human Tower | Wooden Interlocking Toy Set | Promotes Critical Thinking & Creativity | Early Learning Educational Game for Kids Children Boys Girls,B0GPQFDGPB,Tinker Box,0600 Infants/Preschool,0627 All Other Infant Toys,Toy,TB00004,AMAZON_IN,36071,141,0.3909%,1318.57,1,618.10,1,1318.57000,0.0028%,0.46877,1,618.10,1,1318.57000,0.0028%,0.46877,0,0.00,0,,,,,,,,,
INR,"Jun 19, 2026 - Jun 30, 2026","=""amzn1.ads-account.g.a5og6bnunpn8m911rke7gdql""",Cubelelo,14896671318530,BA - Tinker Box,"=""421844276231154""",SP-KT - Generic - Tinker Box - Stack & Balance Human Tower - Exact - High Vol,"=""426197050001471""",SP-KT - Generic - Wooden Toy Balance Human Tower - Exact,B0FF9R4GS4,TinkerBox Stack & Balance Human Tower | Wooden Interlocking Toy Set | Promotes Critical Thinking & Creativity | Early Learning Educational Game for Kids Children Boys Girls,B0GPQFDGPB,Tinker Box,0600 Infants/Preschool,0627 All Other Infant Toys,Toy,TB00004,AMAZON_IN,6702,37,0.5521%,368.82,1,618.10,1,368.82000,0.0149%,1.67589,1,618.10,1,368.82000,0.0149%,1.67589,0,0.00,0,,,,,,,,,
INR,"Jun 19, 2026 - Jun 30, 2026","=""amzn1.ads-account.g.a5og6bnunpn8m911rke7gdql""",Cubelelo,14896671318530,BA - Tinker Box,"=""535672870117740""",SP-KT - Tinker Box - Stack & Balance Human Tower - Generic - Mid & Low Vol - Exact,"=""551947611458633""",Tinker Box - Stack & Balance Human Tower,B0FF9R4GS4,TinkerBox Stack & Balance Human Tower | Wooden Interlocking Toy Set | Promotes Critical Thinking & Creativity | Early Learning Educational Game for Kids Children Boys Girls,B0GPQFDGPB,Tinker Box,0600 Infants/Preschool,0627 All Other Infant Toys,Toy,TB00004,AMAZON_IN,1421,3,0.2111%,15.60,0,0.00,0,,0.0000%,0.00000,0,0.00,0,,0.0000%,0.00000,0,0.00,0,,,,,,,,,
INR,"Jun 29, 2026 - Jun 30, 2026","=""amzn1.ads-account.g.a5og6bnunpn8m911rke7gdql""",Cubelelo,14896671318530,BA - Tinker Box,"=""433539719600289""","SP-CT - Tinker Box - Tool Kit,Stack & Balance Human Tower & Toy Train Set","=""390501132338885""",Stack & Balance Human Tower,B0FF9R4GS4,TinkerBox Stack & Balance Human Tower | Wooden Interlocking Toy Set | Promotes Critical Thinking & Creativity | Early Learning Educational Game for Kids Children Boys Girls,B0GPQFDGPB,Tinker Box,0600 Infants/Preschool,0627 All Other Infant Toys,Toy,TB00004,AMAZON_IN,142,0,0.0000%,0.00,0,0.00,0,,0.0000%,,0,0.00,0,,0.0000%,,0,0.00,0,,,,,,,,,
INR,"Jun 23, 2026 - Jun 30, 2026","=""amzn1.ads-account.g.a5og6bnunpn8m911rke7gdql""",Cubelelo,14896671318530,BA - Tinker Box,"=""178894007177834""",BA - SP - Auto - Tinker Box - 0-2 Years - DO,"=""524300284583215""",Tinker Box,B0FF9R4GS4,TinkerBox Stack & Balance Human Tower | Wooden Interlocking Toy Set | Promotes Critical Thinking & Creativity | Early Learning Educational Game for Kids Children Boys Girls,B0GPQFDGPB,Tinker Box,0600 Infants/Preschool,0627 All Other Infant Toys,Toy,TB00004,AMAZON_IN,23407,90,0.3845%,578.93,4,2471.44,4,144.73250,0.0171%,4.26898,4,2471.44,4,144.73250,0.0171%,4.26898,0,0.00,0,,,,,,,,,
INR,"Jun 05, 2026 - Jun 12, 2026","=""amzn1.ads-account.g.a5og6bnunpn8m911rke7gdql""",Cubelelo,14896671318530,BA - Tinker Box,"=""178894007177834""",BA - SP - Auto - Tinker Box - 0-2 Years - DO,"=""524300284583215""",Tinker Box,B0FJ1XRW83,TinkerBox Double Spinning Drum | 4+ Months | Montessori Wooden Rotating Sensory Toy for Toddlers | Tummy Time Baby Toy | Motor Skills Development | Non-Toxic Educational Safe & Durable Wooden Drum,-1,Tinker Box,0600 Infants/Preschool,0606 Musical Toys,Toy,TB02002,AMAZON_IN,2132,1,0.0469%,4.65,0,0.00,0,,0.0000%,0.00000,0,0.00,0,,0.0000%,0.00000,0,0.00,0,,,,,,,,,
INR,"Jun 05, 2026 - Jun 12, 2026","=""amzn1.ads-account.g.a5og6bnunpn8m911rke7gdql""",Cubelelo,14896671318530,BA - Tinker Box,"=""460650293397082""",SP-KT - Generic - Tinker Box Products - High volume - Exact,"=""434706887787877""",Tinker Box,B0FJ1XRW83,TinkerBox Double Spinning Drum | 4+ Months | Montessori Wooden Rotating Sensory Toy for Toddlers | Tummy Time Baby Toy | Motor Skills Development | Non-Toxic Educational Safe & Durable Wooden Drum,-1,Tinker Box,0600 Infants/Preschool,0606 Musical Toys,Toy,TB02002,AMAZON_IN,1193,2,0.1676%,12.24,0,0.00,0,,0.0000%,0.00000,0,0.00,0,,0.0000%,0.00000,0,0.00,0,,,,,,,,,
INR,"Jun 01, 2026 - Jun 30, 2026","=""amzn1.ads-account.g.a5og6bnunpn8m911rke7gdql""",Cubelelo,14896671318530,BA - Tinker Box,"=""178894007177834""",BA - SP - Auto - Tinker Box - 0-2 Years - DO,"=""524300284583215""",Tinker Box,B0FQVDNZ3K,TinkerBox Object Permanence Box | 6+ Months | Montessori Wooden Toy for Babies & Toddlers | Early Learning Puzzle for Hand-Eye Coordination & Cause-and-Effect | Safe & Durable Baby Toy,B0GPKMTZ4X,Tinker Box,1800 Learning & Exploration,1817 Educational Toys,Toy,TB03001,AMAZON_IN,42146,303,0.7189%,2229.17,22,15075.18,22,101.32591,0.0522%,6.76269,22,15075.18,22,101.32591,0.0522%,6.76269,0,0.00,0,,,,,,,,,
INR,"Jun 07, 2026 - Jun 07, 2026","=""amzn1.ads-account.g.a5og6bnunpn8m911rke7gdql""",Cubelelo,279942205262904,BA - Generic - Mid & Low Volume,"=""498287583816355""","SP-KT - Generic - 5x5, 6x6, 7x7, Keychain - Mid & Low Volume - Exact & Phrase","=""295921960947507""",Generic - 6x6 - Mid & Low Volume,B0CNKLXVWC,"Cubelelo Drift 6M 6x6 Magnetic Speed Cube with Premium Lubricant Combo Advanced Magnetic Stability, Precision Engineering, and Speed Enhancement for Expert Solvers for Adult,Kid",B0CWH6ML97,cubelelo,0300 Games & Puzzles,0307 Non-wooden Puzzles,Toy,1460539,AMAZON_IN,1,0,0.0000%,0.00,0,0.00,0,,0.0000%,,0,0.00,0,,0.0000%,,0,0.00,0,,,,,,,,,
INR,"Jun 01, 2026 - Jun 30, 2026","=""amzn1.ads-account.g.a5og6bnunpn8m911rke7gdql""",Cubelelo,279942205262904,BA - Generic - Mid & Low Volume,"=""315451570129574""","SP-KT - Maglev, Mastermorphix, Puppet, Snake, Square1, Megaminx - Open - Mid & Low Volume - Exact & Phrase - UND","=""455806518818545""",Metallic - Mid & Low Volume - Exact & Phrase,B0DRVRHR6G,"Cubelelo Drift 3x3 Mirror Blue (Magnetic) (Tiled) Speedcube | Premium New Version Shape-Shifting Puzzle with Stunning Looks, Buttery Smooth Turns & Durability | Ideal for Kids Boys Girls Ages 6 & up",B0DWMW5ZNX,cubelelo,0300 Games & Puzzles,0301 Family Board / Action,Toy,1120600,AMAZON_IN,935,3,0.3209%,19.06,0,0.00,0,,0.0000%,0.00000,0,0.00,0,,0.0000%,0.00000,0,0.00,0,,,,,,,,,
INR,"Jun 01, 2026 - Jun 30, 2026","=""amzn1.ads-account.g.a5og6bnunpn8m911rke7gdql""",Cubelelo,279942205262904,BA - Generic - Mid & Low Volume,"=""315451570129574""","SP-KT - Maglev, Mastermorphix, Puppet, Snake, Square1, Megaminx - Open - Mid & Low Volume - Exact & Phrase - UND","=""341230793876965""",Mastermorphix - Mid & Low Volume - Exact & Phrase,B09BZPFCZ8,Cubelelo Drift Mastermorphix Stickerless Cube Puzzle for Kids & Adults Speedy Stress Buster Brainstorming Cube,B08BTYH1QF,cubelelo,0300 Games & Puzzles,0307 Non-wooden Puzzles,Toy,1270100,AMAZON_IN,2472,94,3.8026%,360.41,15,4757.11,15,24.02733,0.6068%,13.19916,12,4017.11,12,30.03417,0.4854%,11.14595,3,740.00,3,,,,,,,,,
INR,"Jun 01, 2026 - Jun 30, 2026","=""amzn1.ads-account.g.a5og6bnunpn8m911rke7gdql""",Cubelelo,279942205262904,BA - Generic - Mid & Low Volume,"=""315451570129574""","SP-KT - Maglev, Mastermorphix, Puppet, Snake, Square1, Megaminx - Open - Mid & Low Volume - Exact & Phrase - UND","=""391120880267490""",Unique - Mid & Low Volume - Exact & Phrase,B09BZPFCZ8,Cubelelo Drift Mastermorphix Stickerless Cube Puzzle for Kids & Adults Speedy Stress Buster Brainstorming Cube,B08BTYH1QF,cubelelo,0300 Games & Puzzles,0307 Non-wooden Puzzles,Toy,1270100,AMAZON_IN,12118,79,0.6519%,428.28,16,5556.15,16,26.76750,0.1320%,12.97317,13,4682.82,13,32.94462,0.1073%,10.93402,3,873.33,3,,,,,,,,,
INR,"Jun 07, 2026 - Jun 08, 2026","=""amzn1.ads-account.g.a5og6bnunpn8m911rke7gdql""",Cubelelo,153505421940411,BA - Competition - Moyu,"=""508041836775444""",SP-KT - Comp - Moyu - Generic - High Volume - Exact,"=""314697139428353""",Moyu - Generic - High Volume,B0CQTHFSC2,Cubelelo MoYu MFJS RS3M v5 3x3 Speed Cube - Magnetic (Non-Adjustable) | Enhanced Stability with Magnets | Smooth & Fast Rotations | Speedcube for Kids & Adults | Brainstorming Puzzle,-1,cubelelo,0300 Games & Puzzles,0307 Non-wooden Puzzles,Toy,1030505,AMAZON_IN,2,0,0.0000%,0.00,0,0.00,0,,0.0000%,,0,0.00,0,,0.0000%,,0,0.00,0,,,,,,,,,
INR,"Jun 01, 2026 - Jun 30, 2026","=""amzn1.ads-account.g.a5og6bnunpn8m911rke7gdql""",Cubelelo,14896671318530,BA - Tinker Box,"=""178894007177834""",BA - SP - Auto - Tinker Box - 0-2 Years - DO,"=""524300284583215""",Tinker Box,B0FQPD4BGR,"TinkerBox Play Gym | 0+ Months | Wooden Baby Activity Gym for Tummy Time, Sensory Play & Early Development | Supports Motor Skills & Hand-Eye Coordination | Safe Infant Learning Toy",-1,Tinker Box,10000 Activity Entertainment,10010 Playmats,Baby product,TB00006,AMAZON_IN,60358,572,0.9477%,3722.70,15,13320.02,15,248.18000,0.0249%,3.57805,15,13320.02,15,248.18000,0.0249%,3.57805,0,0.00,0,,,,,,,,,
INR,"Jun 01, 2026 - Jun 15, 2026","=""amzn1.ads-account.g.a5og6bnunpn8m911rke7gdql""",Cubelelo,279942205262904,BA - Generic - Mid & Low Volume,"=""327104446426115""","SP-KT - Axis - Windmill - Fisher, Cylinder, Kids, Mini, Smart, Pyramid - Open - Mid & Low Volume - Exact & Phrase","=""423861844641216""",Axis - Windmill - Fisher - Mid & Low Volume - Exact & Phrase,B0CZ9JH3F5,"Cubelelo Drift Axis (Tiled) 3x3 Magic Cube Puzzle | Unique Shape Mod with Premium Design, Smooth Finish Toy for Intermediate & Advanced Solvers | Toys for Adults & Kids Girls Boys Ages 7-14 Years Old",B0F1YY4MBJ,cubelelo,0300 Games & Puzzles,0307 Non-wooden Puzzles,Toy,1180200,AMAZON_IN,1738,47,2.7043%,240.54,7,2555.24,7,34.36286,0.4028%,10.62293,7,2555.24,7,34.36286,0.4028%,10.62293,0,0.00,0,,,,,,,,,
INR,"Jun 01, 2026 - Jun 07, 2026","=""amzn1.ads-account.g.a5og6bnunpn8m911rke7gdql""",Cubelelo,279942205262904,BA - Generic - Mid & Low Volume,"=""327104446426115""","SP-KT - Axis - Windmill - Fisher, Cylinder, Kids, Mini, Smart, Pyramid - Open - Mid & Low Volume - Exact & Phrase","=""338572243352605""","PT - Axis, Windmill, Fisher",B0CZ9JH3F5,"Cubelelo Drift Axis (Tiled) 3x3 Magic Cube Puzzle | Unique Shape Mod with Premium Design, Smooth Finish Toy for Intermediate & Advanced Solvers | Toys for Adults & Kids Girls Boys Ages 7-14 Years Old",B0F1YY4MBJ,cubelelo,0300 Games & Puzzles,0307 Non-wooden Puzzles,Toy,1180200,AMAZON_IN,13,0,0.0000%,0.00,0,0.00,0,,0.0000%,,0,0.00,0,,0.0000%,,0,0.00,0,,,,,,,,,
INR,"Jun 01, 2026 - Jun 16, 2026","=""amzn1.ads-account.g.a5og6bnunpn8m911rke7gdql""",Cubelelo,279942205262904,BA - Generic - Mid & Low Volume,"=""315451570129574""","SP-KT - Maglev, Mastermorphix, Puppet, Snake, Square1, Megaminx - Open - Mid & Low Volume - Exact & Phrase - UND","=""391120880267490""",Unique - Mid & Low Volume - Exact & Phrase,B0CZ9JH3F5,"Cubelelo Drift Axis (Tiled) 3x3 Magic Cube Puzzle | Unique Shape Mod with Premium Design, Smooth Finish Toy for Intermediate & Advanced Solvers | Toys for Adults & Kids Girls Boys Ages 7-14 Years Old",B0F1YY4MBJ,cubelelo,0300 Games & Puzzles,0307 Non-wooden Puzzles,Toy,1180200,AMAZON_IN,2319,18,0.7762%,84.27,5,1709.51,5,16.85400,0.2156%,20.28610,5,1709.51,5,16.85400,0.2156%,20.28610,0,0.00,0,,,,,,,,,
INR,"Jun 01, 2026 - Jun 30, 2026","=""amzn1.ads-account.g.a5og6bnunpn8m911rke7gdql""",Cubelelo,153505421940411,BA - Competition - Moyu,"=""535209545252680""",SP-KT - Comp - Moyu - Generic - Mid & Low Volume - Exact & Phrase,"=""342757652627825""",Moyu - Generic - Mid & Low Volume,B0CNXSVR8C,Cubelelo Drift 3M Plus v2 3x3 (Magnetic) Speed Cube | Based on MoYu RS3M v5 | Dual-Adjustment System | Speedcube for Kids & Adults | Magic Speedy Stress Buster Brainstorming Puzzle,-1,cubelelo,0300 Games & Puzzles,0307 Non-wooden Puzzles,Toy,1030651gp,AMAZON_IN,339,3,0.8850%,3.61,0,0.00,0,,0.0000%,0.00000,0,0.00,0,,0.0000%,0.00000,0,0.00,0,,,,,,,,,
INR,"Jun 01, 2026 - Jun 30, 2026","=""amzn1.ads-account.g.a5og6bnunpn8m911rke7gdql""",Cubelelo,153505421940411,BA - Competition - Moyu,"=""535209545252680""",SP-KT - Comp - Moyu - Generic - Mid & Low Volume - Exact & Phrase,"=""544609417584184""",Phrase - Moyu - Generic - Mid & Low Volume,B0CNXSVR8C,Cubelelo Drift 3M Plus v2 3x3 (Magnetic) Speed Cube | Based on MoYu RS3M v5 | Dual-Adjustment System | Speedcube for Kids & Adults | Magic Speedy Stress Buster Brainstorming Puzzle,-1,cubelelo,0300 Games & Puzzles,0307 Non-wooden Puzzles,Toy,1030651gp,AMAZON_IN,4436,33,0.7439%,76.22,4,2092.37,4,19.05500,0.0902%,27.45172,4,2092.37,4,19.05500,0.0902%,27.45172,0,0.00,0,,,,,,,,,
INR,"Jun 01, 2026 - Jun 30, 2026","=""amzn1.ads-account.g.a5og6bnunpn8m911rke7gdql""",Cubelelo,279942205262904,BA - Generic - Mid & Low Volume,"=""332675778194131""",SP-KT - Generic - 4x4 - Mid & Low Volume - Exact & Phrase - DO,"=""302493695958815""",Generic - 4x4 - Mid & Low Volume,B09HH8XQ14,Cubelelo Drift 4x4 (Black) Speedcube | Challenging Brain Teaser Puzzle Toy for Kids 7-14 Years Old Boys Girls & Adults All Ages | Fast Speed Cube for Intermediate and Advanced Cubers,B0CBBV1B5T,cubelelo,0300 Games & Puzzles,0307 Non-wooden Puzzles,Toy,1040300,AMAZON_IN,33344,405,1.2146%,3437.82,53,17787.61,54,64.86453,0.1589%,5.17410,42,14960.93,42,81.85286,0.1260%,4.35187,11,2826.68,12,,,,,,,,,
INR,"Jun 01, 2026 - Jun 30, 2026","=""amzn1.ads-account.g.a5og6bnunpn8m911rke7gdql""",Cubelelo,279942205262904,BA - Generic - Mid & Low Volume,"=""332675778194131""",SP-KT - Generic - 4x4 - Mid & Low Volume - Exact & Phrase - DO,"=""318693646880033""",Phrase - Generic - 4x4 - Mid & Low Volume,B09HH8XQ14,Cubelelo Drift 4x4 (Black) Speedcube | Challenging Brain Teaser Puzzle Toy for Kids 7-14 Years Old Boys Girls & Adults All Ages | Fast Speed Cube for Intermediate and Advanced Cubers,B0CBBV1B5T,cubelelo,0300 Games & Puzzles,0307 Non-wooden Puzzles,Toy,1040300,AMAZON_IN,9402,132,1.4040%,1092.73,22,6589.52,22,49.66955,0.2340%,6.03033,18,5888.56,18,60.70722,0.1914%,5.38885,4,700.96,4,,,,,,,,,
INR,"Jun 01, 2026 - Jun 30, 2026","=""amzn1.ads-account.g.a5og6bnunpn8m911rke7gdql""",Cubelelo,153505421940411,BA - Competition - Moyu,"=""508041836775444""",SP-KT - Comp - Moyu - Generic - High Volume - Exact,"=""314697139428353""",Moyu - Generic - High Volume,B0CNXSVR8C,Cubelelo Drift 3M Plus v2 3x3 (Magnetic) Speed Cube | Based on MoYu RS3M v5 | Dual-Adjustment System | Speedcube for Kids & Adults | Magic Speedy Stress Buster Brainstorming Puzzle,-1,cubelelo,0300 Games & Puzzles,0307 Non-wooden Puzzles,Toy,1030651gp,AMAZON_IN,5583,19,0.3403%,80.53,0,0.00,0,,0.0000%,0.00000,0,0.00,0,,0.0000%,0.00000,0,0.00,0,,,,,,,,,
INR,"Jun 01, 2026 - Jun 30, 2026","=""amzn1.ads-account.g.a5og6bnunpn8m911rke7gdql""",Cubelelo,279942205262904,BA - Generic - Mid & Low Volume,"=""315451570129574""","SP-KT - Maglev, Mastermorphix, Puppet, Snake, Square1, Megaminx - Open - Mid & Low Volume - Exact & Phrase - UND","=""355780307112522""",Snake - Mid & Low Volume - Exact & Phrase,B0CS6C29ZQ,Cubelelo Magic Snake Rainbow Puzzle Cube (60 Wedges) | Twist and Turn Shape Creation Fun Game for Kids Boys Girls and Adults | Multicolor Brain Teaser Stress Buster Toy | for Ages 3 Years and Above,B0CT8VHGGD,cubelelo,0300 Games & Puzzles,0307 Non-wooden Puzzles,Toy,1310039,AMAZON_IN,6975,68,0.9749%,371.47,12,4312.37,12,30.95583,0.1720%,11.60893,11,3979.99,11,33.77000,0.1577%,10.71416,1,332.38,1,,,,,,,,,
INR,"Jun 02, 2026 - Jun 13, 2026","=""amzn1.ads-account.g.a5og6bnunpn8m911rke7gdql""",Cubelelo,162147707583156,BA - Branded - Cubelelo,"=""329970929951347""",SP-KT - Branded - Cubelelo - Mid & Low Volume - Exact & Phrase - UND,"=""463035025528262""",Timer,B0BZL1B44T,Cubelelo Drift Timer & Discovery Mat Combo For Speedcubing | Competition Timer With Super Sensitive Touch Pad Anti-Slippery Cubing Mat | Sturdy & Cube Accessories For Cubers,B0CXY8QKHN,cubelelo,,,Home,CLB0127_EAN,AMAZON_IN,8,0,0.0000%,0.00,0,0.00,0,,0.0000%,,0,0.00,0,,0.0000%,,0,0.00,0,,,,,,,,,
INR,"Jun 01, 2026 - Jun 30, 2026","=""amzn1.ads-account.g.a5og6bnunpn8m911rke7gdql""",Cubelelo,162147707583156,BA - Branded - Cubelelo,"=""343328245514155""",BA - SP PT - Cube Timer - Brand - ST,"=""544745524853066""",Cube timer_ST,B0BZL1B44T,Cubelelo Drift Timer & Discovery Mat Combo For Speedcubing | Competition Timer With Super Sensitive Touch Pad Anti-Slippery Cubing Mat | Sturdy & Cube Accessories For Cubers,B0CXY8QKHN,cubelelo,,,Home,CLB0127_EAN,AMAZON_IN,6410,193,3.0109%,1141.93,18,20890.49,18,63.44056,0.2808%,18.29402,13,18940.02,13,87.84077,0.2028%,16.58597,5,1950.47,5,,,,,,,,,
INR,"Jun 01, 2026 - Jun 30, 2026","=""amzn1.ads-account.g.a5og6bnunpn8m911rke7gdql""",Cubelelo,279942205262904,BA - Generic - Mid & Low Volume,"=""405383753413943""","SP-KT - Lube Combo, Magic, Pyraminx, Skewb, Stand, Timer, Gear - Open - Mid & Low Volume - Exact & Phrase","=""350064977792250""",Timer - Mid & Low Volume - Exact & Phrase,B0BZL1B44T,Cubelelo Drift Timer & Discovery Mat Combo For Speedcubing | Competition Timer With Super Sensitive Touch Pad Anti-Slippery Cubing Mat | Sturdy & Cube Accessories For Cubers,B0CXY8QKHN,cubelelo,,,Home,CLB0127_EAN,AMAZON_IN,17315,198,1.1435%,1215.59,7,10088.58,7,173.65571,0.0404%,8.29933,7,10088.58,7,173.65571,0.0404%,8.29933,0,0.00,0,,,,,,,,,
INR,"Jun 06, 2026 - Jun 25, 2026","=""amzn1.ads-account.g.a5og6bnunpn8m911rke7gdql""",Cubelelo,108066094626813,BA - Generic - Extremely High Volume,"=""530532259196935""","SP-KT - Megaminx, Pyramid, Timer & Gear - Open - High Volume - Exact","=""515308926056437""",Timer - High Volume SKAG,B0BZL1B44T,Cubelelo Drift Timer & Discovery Mat Combo For Speedcubing | Competition Timer With Super Sensitive Touch Pad Anti-Slippery Cubing Mat | Sturdy & Cube Accessories For Cubers,B0CXY8QKHN,cubelelo,,,Home,CLB0127_EAN,AMAZON_IN,8,0,0.0000%,0.00,0,0.00,0,,0.0000%,,0,0.00,0,,0.0000%,,0,0.00,0,,,,,,,,,
INR,"Jun 20, 2026 - Jun 30, 2026","=""amzn1.ads-account.g.a5og6bnunpn8m911rke7gdql""",Cubelelo,106276615587889,BA - Wooden Toys,"=""411167871519559""",SP-Auto - Tinker Box,"=""398109748865243""",Tinker box,B0FF2GBBHB,TinkerBox Premium Wooden Toy Train Set (12-Pieces) with Magnetic Pieces & Storage Box | Toys for Kids Toddlers 3 to 6 Years Old & Above Boys Girls for Birthday Gift and Special Occasions,-1,TinkerBox,0400 Vehicles,0409 Electric Train Sets / Accessories,Toy,TB00002,AMAZON_IN,142,0,0.0000%,0.00,0,0.00,0,,0.0000%,,0,0.00,0,,0.0000%,,0,0.00,0,,,,,,,,,
INR,"Jun 19, 2026 - Jun 30, 2026","=""amzn1.ads-account.g.a5og6bnunpn8m911rke7gdql""",Cubelelo,106276615587889,BA - Wooden Toys,"=""510524170392482""",SP-KT - Wooden - Generic - Tinker Box - High Volume - Exact,"=""347906997321971""",Tinker Box,B0FF2GBBHB,TinkerBox Premium Wooden Toy Train Set (12-Pieces) with Magnetic Pieces & Storage Box | Toys for Kids Toddlers 3 to 6 Years Old & Above Boys Girls for Birthday Gift and Special Occasions,-1,TinkerBox,0400 Vehicles,0409 Electric Train Sets / Accessories,Toy,TB00002,AMAZON_IN,247,0,0.0000%,0.00,0,0.00,0,,0.0000%,,0,0.00,0,,0.0000%,,0,0.00,0,,,,,,,,,
INR,"Jun 19, 2026 - Jun 30, 2026","=""amzn1.ads-account.g.a5og6bnunpn8m911rke7gdql""",Cubelelo,14896671318530,BA - Tinker Box,"=""358897659441911""","SP-KT - Tinker Box - Toy Train - Generic - High, mid and low vol","=""329547486421000""",Tinker Box-Toy train,B0FF2GBBHB,TinkerBox Premium Wooden Toy Train Set (12-Pieces) with Magnetic Pieces & Storage Box | Toys for Kids Toddlers 3 to 6 Years Old & Above Boys Girls for Birthday Gift and Special Occasions,-1,TinkerBox,0400 Vehicles,0409 Electric Train Sets / Accessories,Toy,TB00002,AMAZON_IN,352,0,0.0000%,0.00,0,0.00,0,,0.0000%,,0,0.00,0,,0.0000%,,0,0.00,0,,,,,,,,,
INR,"Jun 01, 2026 - Jun 30, 2026","=""amzn1.ads-account.g.a5og6bnunpn8m911rke7gdql""",Cubelelo,279942205262904,BA - Generic - Mid & Low Volume,"=""315451570129574""","SP-KT - Maglev, Mastermorphix, Puppet, Snake, Square1, Megaminx - Open - Mid & Low Volume - Exact & Phrase - UND","=""455806518818545""",Metallic - Mid & Low Volume - Exact & Phrase,B08LBGYZ51,Cubelelo Drift 3x3 Mirror (Silver) Magic Speed Cube | Shape Shifter Speedcube with Durable Stickers | Advanced 3x3x3 Puzzle Toy for Kids Ages 7-14 Boys Girls & Adults | Collector's Item,B0CT5FRFLD,cubelelo,0300 Games & Puzzles,0307 Non-wooden Puzzles,Toy,1120100,AMAZON_IN,2188,29,1.3254%,119.97,1,284.76,1,119.97000,0.0457%,2.37359,1,284.76,1,119.97000,0.0457%,2.37359,0,0.00,0,,,,,,,,,
INR,"Jun 01, 2026 - Jun 30, 2026","=""amzn1.ads-account.g.a5og6bnunpn8m911rke7gdql""",Cubelelo,162147707583156,BA - Branded - Cubelelo,"=""329970929951347""",SP-KT - Branded - Cubelelo - Mid & Low Volume - Exact & Phrase - UND,"=""360220929148821""",Mirror,B08LBGYZ51,Cubelelo Drift 3x3 Mirror (Silver) Magic Speed Cube | Shape Shifter Speedcube with Durable Stickers | Advanced 3x3x3 Puzzle Toy for Kids Ages 7-14 Boys Girls & Adults | Collector's Item,B0CT5FRFLD,cubelelo,0300 Games & Puzzles,0307 Non-wooden Puzzles,Toy,1120100,AMAZON_IN,637,31,4.8666%,95.37,14,4501.88,14,6.81214,2.1978%,47.20436,13,4140.93,13,7.33615,2.0408%,43.41963,1,360.95,1,,,,,,,,,
INR,"Jun 01, 2026 - Jun 30, 2026","=""amzn1.ads-account.g.a5og6bnunpn8m911rke7gdql""",Cubelelo,108066094626813,BA - Generic - Extremely High Volume,"=""345506724788622""","SP-KT - Mirror, Infinity & Combo - Open - High Volume - Exact","=""427492065631626""",Mirror - High Volume,B08LBGYZ51,Cubelelo Drift 3x3 Mirror (Silver) Magic Speed Cube | Shape Shifter Speedcube with Durable Stickers | Advanced 3x3x3 Puzzle Toy for Kids Ages 7-14 Boys Girls & Adults | Collector's Item,B0CT5FRFLD,cubelelo,0300 Games & Puzzles,0307 Non-wooden Puzzles,Toy,1120100,AMAZON_IN,83291,1485,1.7829%,6558.32,262,81489.17,273,25.03176,0.3146%,12.42531,203,58265.35,208,32.30700,0.2437%,8.88419,59,23223.82,65,,,,,,,,,
INR,"Jun 01, 2026 - Jun 30, 2026","=""amzn1.ads-account.g.a5og6bnunpn8m911rke7gdql""",Cubelelo,279942205262904,BA - Generic - Mid & Low Volume,"=""560766968003680""","SP-KT - Mirror, Infinity & Combo - Open - Mid & Low Volume - Exact & Phrase - UND","=""389003175272486""",Mirror - Mid & Low Volume,B08LBGYZ51,Cubelelo Drift 3x3 Mirror (Silver) Magic Speed Cube | Shape Shifter Speedcube with Durable Stickers | Advanced 3x3x3 Puzzle Toy for Kids Ages 7-14 Boys Girls & Adults | Collector's Item,B0CT5FRFLD,cubelelo,0300 Games & Puzzles,0307 Non-wooden Puzzles,Toy,1120100,AMAZON_IN,6039,203,3.3615%,1078.28,39,11810.43,39,27.64821,0.6458%,10.95303,32,9445.66,32,33.69625,0.5299%,8.75993,7,2364.77,7,,,,,,,,,
INR,"Jun 01, 2026 - Jun 30, 2026","=""amzn1.ads-account.g.a5og6bnunpn8m911rke7gdql""",Cubelelo,279942205262904,BA - Generic - Mid & Low Volume,"=""560766968003680""","SP-KT - Mirror, Infinity & Combo - Open - Mid & Low Volume - Exact & Phrase - UND","=""525770774800313""",Phrase - Mirror - Mid & Low Volume,B08LBGYZ51,Cubelelo Drift 3x3 Mirror (Silver) Magic Speed Cube | Shape Shifter Speedcube with Durable Stickers | Advanced 3x3x3 Puzzle Toy for Kids Ages 7-14 Boys Girls & Adults | Collector's Item,B0CT5FRFLD,cubelelo,0300 Games & Puzzles,0307 Non-wooden Puzzles,Toy,1120100,AMAZON_IN,29083,555,1.9083%,3219.40,108,34416.99,118,29.80926,0.3714%,10.69050,82,25689.37,88,39.26098,0.2820%,7.97955,26,8727.62,30,,,,,,,,,
INR,"Jun 06, 2026 - Jun 06, 2026","=""amzn1.ads-account.g.a5og6bnunpn8m911rke7gdql""",Cubelelo,162147707583156,BA - Branded - Cubelelo,"=""329970929951347""",SP-KT - Branded - Cubelelo - Mid & Low Volume - Exact & Phrase - UND,"=""386093481557611""",Branded - 2x2,B0C55MMD72,Cubelelo Twist 2M 2x2 (Magnetic) Stickerless Speedcube | Speedy Brainstorming Puzzle Cube for Kids & Adults (Multicolor),B0CHK14DHK,cubelelo,0300 Games & Puzzles,0307 Non-wooden Puzzles,Toy,1020601,AMAZON_IN,1,0,0.0000%,0.00,0,0.00,0,,0.0000%,,0,0.00,0,,0.0000%,,0,0.00,0,,,,,,,,,
INR,"Jun 01, 2026 - Jun 30, 2026","=""amzn1.ads-account.g.a5og6bnunpn8m911rke7gdql""",Cubelelo,14896671318530,BA - Tinker Box,"=""178894007177834""",BA - SP - Auto - Tinker Box - 0-2 Years - DO,"=""524300284583215""",Tinker Box,B0FRFMGJJP,"Tinker Box Peg Maze | Montessori Wooden Puzzle Game for Kids | 15+ Months | Engaging Brain Development Toy for Logic, Focus & Problem Solving | Safe & Durable Educational Toy",-1,Tinker Box,0300 Games & Puzzles,0330 Brainteasers,Toy,TB07003,AMAZON_IN,15872,83,0.5229%,505.32,7,2707.62,7,72.18857,0.0441%,5.35823,6,2327.62,6,84.22000,0.0378%,4.60623,1,380.00,1,,,,,,,,,
INR,"Jun 01, 2026 - Jun 30, 2026","=""amzn1.ads-account.g.a5og6bnunpn8m911rke7gdql""",Cubelelo,14896671318530,BA - Tinker Box,"=""460650293397082""",SP-KT - Generic - Tinker Box Products - High volume - Exact,"=""434706887787877""",Tinker Box,B0FJ21PMFM,TinkerBox Wooden Ball Tracker | 12+ Months | Montessori Rolling Ball Toy for Toddlers & Kids | STEM Learning Puzzle for Visual Tracking & Motor Skills Development | Safe & Durable Wooden Toy,-1,Tinker Box,1800 Learning & Exploration,1805 Educational Electronic Toys,Toy,TB00005,AMAZON_IN,4867,37,0.7602%,304.35,0,0.00,0,,0.0000%,0.00000,0,0.00,0,,0.0000%,0.00000,0,0.00,0,,,,,,,,,
INR,"Jun 01, 2026 - Jun 30, 2026","=""amzn1.ads-account.g.a5og6bnunpn8m911rke7gdql""",Cubelelo,14896671318530,BA - Tinker Box,"=""178894007177834""",BA - SP - Auto - Tinker Box - 0-2 Years - DO,"=""524300284583215""",Tinker Box,B0FJ21PMFM,TinkerBox Wooden Ball Tracker | 12+ Months | Montessori Rolling Ball Toy for Toddlers & Kids | STEM Learning Puzzle for Visual Tracking & Motor Skills Development | Safe & Durable Wooden Toy,-1,Tinker Box,1800 Learning & Exploration,1805 Educational Electronic Toys,Toy,TB00005,AMAZON_IN,27257,220,0.8071%,1398.02,3,2378.09,3,466.00667,0.0110%,1.70104,3,2378.09,3,466.00667,0.0110%,1.70104,0,0.00,0,,,,,,,,,
INR,"Jun 01, 2026 - Jun 30, 2026","=""amzn1.ads-account.g.a5og6bnunpn8m911rke7gdql""",Cubelelo,182829498693993,BA - Competition - GAN,"=""303138629347007""",SP-KT - Comp - GAN - Generic - Mid & Low Volume - Exact & Phrase,"=""432248665340700""",Phrase - Gan - Generic - Mid & Low Volume,B0BRXJ9Q4G,Cubelelo Drift 3M Plus v2 3x3 (Magnetic) Cube | New Upgraded Version Based on MoYu RS3M v5 | Dual-Adjustment System | Premium Speedcube for Kids Boys Girls Ages 4+ Year Old & Adults,B0F18TBS19,cubelelo,0300 Games & Puzzles,0307 Non-wooden Puzzles,Toy,1030700_EAN,AMAZON_IN,17846,181,1.0142%,1220.28,8,7897.12,8,152.53500,0.0448%,6.47156,7,7136.17,7,174.32571,0.0392%,5.84798,1,760.95,1,,,,,,,,,
INR,"Jun 01, 2026 - Jun 30, 2026","=""amzn1.ads-account.g.a5og6bnunpn8m911rke7gdql""",Cubelelo,162147707583156,BA - Branded - Cubelelo,"=""433317578586761""",SP-KT - Branded - Cubelelo - High Volume - Exact,"=""332121459254132""",Branded - SKAG,B0BRXJ9Q4G,Cubelelo Drift 3M Plus v2 3x3 (Magnetic) Cube | New Upgraded Version Based on MoYu RS3M v5 | Dual-Adjustment System | Premium Speedcube for Kids Boys Girls Ages 4+ Year Old & Adults,B0F18TBS19,cubelelo,0300 Games & Puzzles,0307 Non-wooden Puzzles,Toy,1030700_EAN,AMAZON_IN,5647,80,1.4167%,584.61,12,7607.60,12,48.71750,0.2125%,13.01312,8,4754.27,8,73.07625,0.1417%,8.13238,4,2853.33,4,,,,,,,,,
INR,"Jun 01, 2026 - Jun 30, 2026","=""amzn1.ads-account.g.a5og6bnunpn8m911rke7gdql""",Cubelelo,265440463136935,BA - Comp - Hawkister,"=""85941143600435""",SP - PT - 3M V2 Plus 3x3 - Comp - Hawkister - Price Greater than 599 - Sale,"=""32803048301535""",3M Plus V2 3x3 Magnetic,B0BRXJ9Q4G,Cubelelo Drift 3M Plus v2 3x3 (Magnetic) Cube | New Upgraded Version Based on MoYu RS3M v5 | Dual-Adjustment System | Premium Speedcube for Kids Boys Girls Ages 4+ Year Old & Adults,B0F18TBS19,cubelelo,0300 Games & Puzzles,0307 Non-wooden Puzzles,Toy,1030700_EAN,AMAZON_IN,86758,1178,1.3578%,12623.94,73,45752.20,73,172.93068,0.0841%,3.62424,39,25296.98,39,323.69077,0.0450%,2.00389,34,20455.22,34,,,,,,,,,
INR,"Jun 01, 2026 - Jun 30, 2026","=""amzn1.ads-account.g.a5og6bnunpn8m911rke7gdql""",Cubelelo,279942205262904,BA - Generic - Mid & Low Volume,"=""334559235709808""",SP-KT - Generic - 3x3 - Mid & Low Volume - Exact & Phrase - UND,"=""363319492631962""",Phrase - Generic - 3x3 - Mid & Low Volume,B0BRXJ9Q4G,Cubelelo Drift 3M Plus v2 3x3 (Magnetic) Cube | New Upgraded Version Based on MoYu RS3M v5 | Dual-Adjustment System | Premium Speedcube for Kids Boys Girls Ages 4+ Year Old & Adults,B0F18TBS19,cubelelo,0300 Games & Puzzles,0307 Non-wooden Puzzles,Toy,1030700_EAN,AMAZON_IN,21149,153,0.7234%,1329.95,15,10765.70,16,88.66333,0.0709%,8.09482,8,5086.66,9,166.24375,0.0378%,3.82470,7,5679.04,7,,,,,,,,,
INR,"Jun 01, 2026 - Jun 30, 2026","=""amzn1.ads-account.g.a5og6bnunpn8m911rke7gdql""",Cubelelo,108066094626813,BA - Generic - Extremely High Volume,"=""353368777045800""",SP-KT - Generic - 3x3 - 'Rubik's Cube 3x3 Speed Cube' - SKAG - High Volume - Exact - UND,"=""333014230375447""",Generic - 3x3 - High Volume SKAG,B0BRXJ9Q4G,Cubelelo Drift 3M Plus v2 3x3 (Magnetic) Cube | New Upgraded Version Based on MoYu RS3M v5 | Dual-Adjustment System | Premium Speedcube for Kids Boys Girls Ages 4+ Year Old & Adults,B0F18TBS19,cubelelo,0300 Games & Puzzles,0307 Non-wooden Puzzles,Toy,1030700_EAN,AMAZON_IN,65380,297,0.4543%,2853.92,19,10258.06,19,150.20632,0.0291%,3.59438,13,7892.35,13,219.53231,0.0199%,2.76544,6,2365.71,6,,,,,,,,,
INR,"Jun 04, 2026 - Jun 27, 2026","=""amzn1.ads-account.g.a5og6bnunpn8m911rke7gdql""",Cubelelo,162147707583156,BA - Branded - Cubelelo,"=""433317578586761""",SP-KT - Branded - Cubelelo - High Volume - Exact,"=""374742854439176""",Branded 3x3 - SKAG,B0BRXJ9Q4G,Cubelelo Drift 3M Plus v2 3x3 (Magnetic) Cube | New Upgraded Version Based on MoYu RS3M v5 | Dual-Adjustment System | Premium Speedcube for Kids Boys Girls Ages 4+ Year Old & Adults,B0F18TBS19,cubelelo,0300 Games & Puzzles,0307 Non-wooden Puzzles,Toy,1030700_EAN,AMAZON_IN,2,0,0.0000%,0.00,0,0.00,0,,0.0000%,,0,0.00,0,,0.0000%,,0,0.00,0,,,,,,,,,
INR,"Jun 01, 2026 - Jun 30, 2026","=""amzn1.ads-account.g.a5og6bnunpn8m911rke7gdql""",Cubelelo,162147707583156,BA - Branded - Cubelelo,"=""329970929951347""",SP-KT - Branded - Cubelelo - Mid & Low Volume - Exact & Phrase - UND,"=""479460967599506""",Branded - 3x3,B0BRXJ9Q4G,Cubelelo Drift 3M Plus v2 3x3 (Magnetic) Cube | New Upgraded Version Based on MoYu RS3M v5 | Dual-Adjustment System | Premium Speedcube for Kids Boys Girls Ages 4+ Year Old & Adults,B0F18TBS19,cubelelo,0300 Games & Puzzles,0307 Non-wooden Puzzles,Toy,1030700_EAN,AMAZON_IN,1492,28,1.8767%,186.49,8,4459.02,8,23.31125,0.5362%,23.91024,5,3423.79,5,37.29800,0.3351%,18.35911,3,1035.23,3,,,,,,,,,
INR,"Jun 12, 2026 - Jun 12, 2026","=""amzn1.ads-account.g.a5og6bnunpn8m911rke7gdql""",Cubelelo,153505421940411,BA - Competition - Moyu,"=""535209545252680""",SP-KT - Comp - Moyu - Generic - Mid & Low Volume - Exact & Phrase,"=""354103828771122""",Moyu - 3x3 - Low Volume,B0BRXJ9Q4G,Cubelelo Drift 3M Plus v2 3x3 (Magnetic) Cube | New Upgraded Version Based on MoYu RS3M v5 | Dual-Adjustment System | Premium Speedcube for Kids Boys Girls Ages 4+ Year Old & Adults,B0F18TBS19,cubelelo,0300 Games & Puzzles,0307 Non-wooden Puzzles,Toy,1030700_EAN,AMAZON_IN,0,0,,0.00,0,0.00,0,,,,0,0.00,0,,,,0,0.00,0,,,,,,,,,
INR,"Jun 01, 2026 - Jun 30, 2026","=""amzn1.ads-account.g.a5og6bnunpn8m911rke7gdql""",Cubelelo,279942205262904,BA - Generic - Mid & Low Volume,"=""369883644681767""","SP-KT - Magnetic - Open, 2x2, 4x4, 5x5 - High Volume - Exact & Phrase","=""475526629790872""",Phrase - Magnetic - Open - Mid & Low Volume,B0BRXJ9Q4G,Cubelelo Drift 3M Plus v2 3x3 (Magnetic) Cube | New Upgraded Version Based on MoYu RS3M v5 | Dual-Adjustment System | Premium Speedcube for Kids Boys Girls Ages 4+ Year Old & Adults,B0F18TBS19,cubelelo,0300 Games & Puzzles,0307 Non-wooden Puzzles,Toy,1030700_EAN,AMAZON_IN,17826,126,0.7068%,981.26,11,7894.25,11,89.20545,0.0617%,8.04501,10,6657.11,10,98.12600,0.0561%,6.78425,1,1237.14,1,,,,,,,,,
INR,"Jun 01, 2026 - Jun 30, 2026","=""amzn1.ads-account.g.a5og6bnunpn8m911rke7gdql""",Cubelelo,279942205262904,BA - Generic - Mid & Low Volume,"=""512597066162542""",SP-KT - Magnetic - 3x3 - Mid & Low Volume - Exact & Phrase - DO,"=""405975184325655""",Phrase - Magnetic - 3x3 - Mid & Low Volume,B0BRXJ9Q4G,Cubelelo Drift 3M Plus v2 3x3 (Magnetic) Cube | New Upgraded Version Based on MoYu RS3M v5 | Dual-Adjustment System | Premium Speedcube for Kids Boys Girls Ages 4+ Year Old & Adults,B0F18TBS19,cubelelo,0300 Games & Puzzles,0307 Non-wooden Puzzles,Toy,1030700_EAN,AMAZON_IN,15143,145,0.9575%,1008.31,13,9882.82,13,77.56231,0.0858%,9.80137,9,5896.16,9,112.03444,0.0594%,5.84757,4,3986.66,4,,,,,,,,,
INR,"Jun 01, 2026 - Jun 30, 2026","=""amzn1.ads-account.g.a5og6bnunpn8m911rke7gdql""",Cubelelo,63272072822448,Old - Speed Cube Campaigns All,"=""495291247543690""",BA_SP_KT_Speed cube 3x3_Generic_Phrase_09/23,"=""533767985616784""",Speed cube 3x3,B0BRXJ9Q4G,Cubelelo Drift 3M Plus v2 3x3 (Magnetic) Cube | New Upgraded Version Based on MoYu RS3M v5 | Dual-Adjustment System | Premium Speedcube for Kids Boys Girls Ages 4+ Year Old & Adults,B0F18TBS19,cubelelo,0300 Games & Puzzles,0307 Non-wooden Puzzles,Toy,1030700_EAN,AMAZON_IN,4352,37,0.8502%,230.96,4,1928.55,5,57.74000,0.0919%,8.35015,4,1928.55,5,57.74000,0.0919%,8.35015,0,0.00,0,,,,,,,,,
INR,"Jun 01, 2026 - Jun 30, 2026","=""amzn1.ads-account.g.a5og6bnunpn8m911rke7gdql""",Cubelelo,162147707583156,BA - Branded - Cubelelo,"=""329970929951347""",SP-KT - Branded - Cubelelo - Mid & Low Volume - Exact & Phrase - UND,"=""298700263606024""",Branded,B0BRXJ9Q4G,Cubelelo Drift 3M Plus v2 3x3 (Magnetic) Cube | New Upgraded Version Based on MoYu RS3M v5 | Dual-Adjustment System | Premium Speedcube for Kids Boys Girls Ages 4+ Year Old & Adults,B0F18TBS19,cubelelo,0300 Games & Puzzles,0307 Non-wooden Puzzles,Toy,1030700_EAN,AMAZON_IN,2490,23,0.9237%,119.21,0,0.00,0,,0.0000%,0.00000,0,0.00,0,,0.0000%,0.00000,0,0.00,0,,,,,,,,,
INR,"Jun 01, 2026 - Jun 30, 2026","=""amzn1.ads-account.g.a5og6bnunpn8m911rke7gdql""",Cubelelo,152274827442004,BA - Competition - D Eternal,"=""327219448958152""",SP-PT - Comp - Hawkister - High Volume - Exact,"=""521889920077913""",PT - Hawkister No.5,B0BRXJ9Q4G,Cubelelo Drift 3M Plus v2 3x3 (Magnetic) Cube | New Upgraded Version Based on MoYu RS3M v5 | Dual-Adjustment System | Premium Speedcube for Kids Boys Girls Ages 4+ Year Old & Adults,B0F18TBS19,cubelelo,0300 Games & Puzzles,0307 Non-wooden Puzzles,Toy,1030700_EAN,AMAZON_IN,19894,523,2.6289%,5859.88,32,21111.37,34,183.12125,0.1609%,3.60270,24,16070.41,26,244.16167,0.1206%,2.74245,8,5040.96,8,,,,,,,,,
INR,"Jun 01, 2026 - Jun 30, 2026","=""amzn1.ads-account.g.a5og6bnunpn8m911rke7gdql""",Cubelelo,153505421940411,BA - Competition - Moyu,"=""535209545252680""",SP-KT - Comp - Moyu - Generic - Mid & Low Volume - Exact & Phrase,"=""342757652627825""",Moyu - Generic - Mid & Low Volume,B0BRXJ9Q4G,Cubelelo Drift 3M Plus v2 3x3 (Magnetic) Cube | New Upgraded Version Based on MoYu RS3M v5 | Dual-Adjustment System | Premium Speedcube for Kids Boys Girls Ages 4+ Year Old & Adults,B0F18TBS19,cubelelo,0300 Games & Puzzles,0307 Non-wooden Puzzles,Toy,1030700_EAN,AMAZON_IN,1010,3,0.2970%,7.29,0,0.00,0,,0.0000%,0.00000,0,0.00,0,,0.0000%,0.00000,0,0.00,0,,,,,,,,,
INR,"Jun 01, 2026 - Jun 30, 2026","=""amzn1.ads-account.g.a5og6bnunpn8m911rke7gdql""",Cubelelo,279942205262904,BA - Generic - Mid & Low Volume,"=""334559235709808""",SP-KT - Generic - 3x3 - Mid & Low Volume - Exact & Phrase - UND,"=""412851408598744""",Generic - 3x3 - Mid & Low Volume,B0BRXJ9Q4G,Cubelelo Drift 3M Plus v2 3x3 (Magnetic) Cube | New Upgraded Version Based on MoYu RS3M v5 | Dual-Adjustment System | Premium Speedcube for Kids Boys Girls Ages 4+ Year Old & Adults,B0F18TBS19,cubelelo,0300 Games & Puzzles,0307 Non-wooden Puzzles,Toy,1030700_EAN,AMAZON_IN,68628,442,0.6441%,3670.94,44,23917.50,44,83.43045,0.0641%,6.51536,22,13693.27,22,166.86091,0.0321%,3.73018,22,10224.23,22,,,,,,,,,
INR,"Jun 01, 2026 - Jun 30, 2026","=""amzn1.ads-account.g.a5og6bnunpn8m911rke7gdql""",Cubelelo,279942205262904,BA - Generic - Mid & Low Volume,"=""512597066162542""",SP-KT - Magnetic - 3x3 - Mid & Low Volume - Exact & Phrase - DO,"=""357712340082511""",Magnetic - 3x3 - Mid & Low Volume,B0BRXJ9Q4G,Cubelelo Drift 3M Plus v2 3x3 (Magnetic) Cube | New Upgraded Version Based on MoYu RS3M v5 | Dual-Adjustment System | Premium Speedcube for Kids Boys Girls Ages 4+ Year Old & Adults,B0F18TBS19,cubelelo,0300 Games & Puzzles,0307 Non-wooden Puzzles,Toy,1030700_EAN,AMAZON_IN,18384,113,0.6147%,708.36,4,1340.00,4,177.09000,0.0218%,1.89169,3,1140.95,3,236.12000,0.0163%,1.61069,1,199.05,1,,,,,,,,,
INR,"Jun 01, 2026 - Jun 30, 2026","=""amzn1.ads-account.g.a5og6bnunpn8m911rke7gdql""",Cubelelo,182829498693993,BA - Competition - GAN,"=""303138629347007""",SP-KT - Comp - GAN - Generic - Mid & Low Volume - Exact & Phrase,"=""439855833331529""",Gan - Generic - Mid & Low Volume,B0BRXJ9Q4G,Cubelelo Drift 3M Plus v2 3x3 (Magnetic) Cube | New Upgraded Version Based on MoYu RS3M v5 | Dual-Adjustment System | Premium Speedcube for Kids Boys Girls Ages 4+ Year Old & Adults,B0F18TBS19,cubelelo,0300 Games & Puzzles,0307 Non-wooden Puzzles,Toy,1030700_EAN,AMAZON_IN,7164,127,1.7728%,711.87,10,6390.46,10,71.18700,0.1396%,8.97700,6,4946.65,6,118.64500,0.0838%,6.94881,4,1443.81,4,,,,,,,,,
INR,"Jun 01, 2026 - Jun 30, 2026","=""amzn1.ads-account.g.a5og6bnunpn8m911rke7gdql""",Cubelelo,162147707583156,BA - Branded - Cubelelo,"=""396531688533510""",BA - SP PT - Magnetic Cube - Brand - ST,"=""393022607656219""",Magnetic Cube_ST,B0BRXJ9Q4G,Cubelelo Drift 3M Plus v2 3x3 (Magnetic) Cube | New Upgraded Version Based on MoYu RS3M v5 | Dual-Adjustment System | Premium Speedcube for Kids Boys Girls Ages 4+ Year Old & Adults,B0F18TBS19,cubelelo,0300 Games & Puzzles,0307 Non-wooden Puzzles,Toy,1030700_EAN,AMAZON_IN,1623,3,0.1848%,22.16,0,0.00,0,,0.0000%,0.00000,0,0.00,0,,0.0000%,0.00000,0,0.00,0,,,,,,,,,
INR,"Jun 03, 2026 - Jun 30, 2026","=""amzn1.ads-account.g.a5og6bnunpn8m911rke7gdql""",Cubelelo,162147707583156,BA - Branded - Cubelelo,"=""329970929951347""",SP-KT - Branded - Cubelelo - Mid & Low Volume - Exact & Phrase - UND,"=""535729251693727""",Branded - Phrase,B0BRXJ9Q4G,Cubelelo Drift 3M Plus v2 3x3 (Magnetic) Cube | New Upgraded Version Based on MoYu RS3M v5 | Dual-Adjustment System | Premium Speedcube for Kids Boys Girls Ages 4+ Year Old & Adults,B0F18TBS19,cubelelo,0300 Games & Puzzles,0307 Non-wooden Puzzles,Toy,1030700_EAN,AMAZON_IN,108,4,3.7037%,22.29,0,0.00,0,,0.0000%,0.00000,0,0.00,0,,0.0000%,0.00000,0,0.00,0,,,,,,,,,
INR,"Jun 01, 2026 - Jun 30, 2026","=""amzn1.ads-account.g.a5og6bnunpn8m911rke7gdql""",Cubelelo,162147707583156,BA - Branded - Cubelelo,"=""329970929951347""",SP-KT - Branded - Cubelelo - Mid & Low Volume - Exact & Phrase - UND,"=""526301691836211""",Branded - 3x3 - Phrase,B0BRXJ9Q4G,Cubelelo Drift 3M Plus v2 3x3 (Magnetic) Cube | New Upgraded Version Based on MoYu RS3M v5 | Dual-Adjustment System | Premium Speedcube for Kids Boys Girls Ages 4+ Year Old & Adults,B0F18TBS19,cubelelo,0300 Games & Puzzles,0307 Non-wooden Puzzles,Toy,1030700_EAN,AMAZON_IN,5166,71,1.3744%,272.58,18,11563.76,18,15.14333,0.3484%,42.42336,12,9036.15,12,22.71500,0.2323%,33.15045,6,2527.61,6,,,,,,,,,
INR,"Jun 01, 2026 - Jun 30, 2026","=""amzn1.ads-account.g.a5og6bnunpn8m911rke7gdql""",Cubelelo,162147707583156,BA - Branded - Cubelelo,"=""408832603271930""",BA_SP_KT_Brand Drift (3x3)_Phrase_09/23,"=""462288077097605""",Brand Drift (3x3),B0BRXJ9Q4G,Cubelelo Drift 3M Plus v2 3x3 (Magnetic) Cube | New Upgraded Version Based on MoYu RS3M v5 | Dual-Adjustment System | Premium Speedcube for Kids Boys Girls Ages 4+ Year Old & Adults,B0F18TBS19,cubelelo,0300 Games & Puzzles,0307 Non-wooden Puzzles,Toy,1030700_EAN,AMAZON_IN,997,16,1.6048%,104.33,2,817.14,2,52.16500,0.2006%,7.83226,1,665.71,1,104.33000,0.1003%,6.38081,1,151.43,1,,,,,,,,,
INR,"Jun 01, 2026 - Jun 30, 2026","=""amzn1.ads-account.g.a5og6bnunpn8m911rke7gdql""",Cubelelo,279942205262904,BA - Generic - Mid & Low Volume,"=""369883644681767""","SP-KT - Magnetic - Open, 2x2, 4x4, 5x5 - High Volume - Exact & Phrase","=""555858234006967""",Magnetic - Open - Mid & Low Volume,B0BRXJ9Q4G,Cubelelo Drift 3M Plus v2 3x3 (Magnetic) Cube | New Upgraded Version Based on MoYu RS3M v5 | Dual-Adjustment System | Premium Speedcube for Kids Boys Girls Ages 4+ Year Old & Adults,B0F18TBS19,cubelelo,0300 Games & Puzzles,0307 Non-wooden Puzzles,Toy,1030700_EAN,AMAZON_IN,4919,21,0.4269%,149.27,2,475.24,2,74.63500,0.0407%,3.18376,2,475.24,2,74.63500,0.0407%,3.18376,0,0.00,0,,,,,,,,,
INR,"Jun 01, 2026 - Jun 30, 2026","=""amzn1.ads-account.g.a5og6bnunpn8m911rke7gdql""",Cubelelo,162147707583156,BA - Branded - Cubelelo,"=""329970929951347""",SP-KT - Branded - Cubelelo - Mid & Low Volume - Exact & Phrase - UND,"=""466745020882275""",Magnetic - 3x3,B0BRXJ9Q4G,Cubelelo Drift 3M Plus v2 3x3 (Magnetic) Cube | New Upgraded Version Based on MoYu RS3M v5 | Dual-Adjustment System | Premium Speedcube for Kids Boys Girls Ages 4+ Year Old & Adults,B0F18TBS19,cubelelo,0300 Games & Puzzles,0307 Non-wooden Puzzles,Toy,1030700_EAN,AMAZON_IN,422,5,1.1848%,39.39,2,1140.95,2,19.69500,0.4739%,28.96547,2,1140.95,2,19.69500,0.4739%,28.96547,0,0.00,0,,,,,,,,,
INR,"Jun 01, 2026 - Jun 30, 2026","=""amzn1.ads-account.g.a5og6bnunpn8m911rke7gdql""",Cubelelo,153505421940411,BA - Competition - Moyu,"=""535209545252680""",SP-KT - Comp - Moyu - Generic - Mid & Low Volume - Exact & Phrase,"=""544609417584184""",Phrase - Moyu - Generic - Mid & Low Volume,B0BRXJ9Q4G,Cubelelo Drift 3M Plus v2 3x3 (Magnetic) Cube | New Upgraded Version Based on MoYu RS3M v5 | Dual-Adjustment System | Premium Speedcube for Kids Boys Girls Ages 4+ Year Old & Adults,B0F18TBS19,cubelelo,0300 Games & Puzzles,0307 Non-wooden Puzzles,Toy,1030700_EAN,AMAZON_IN,8916,56,0.6281%,145.86,5,2995.22,5,29.17200,0.0561%,20.53490,4,2662.84,4,36.46500,0.0449%,18.25614,1,332.38,1,,,,,,,,,
INR,"Jun 01, 2026 - Jun 30, 2026","=""amzn1.ads-account.g.a5og6bnunpn8m911rke7gdql""",Cubelelo,279942205262904,BA - Generic - Mid & Low Volume,"=""498287583816355""","SP-KT - Generic - 5x5, 6x6, 7x7, Keychain - Mid & Low Volume - Exact & Phrase","=""384271447348191""",Phrase - Generic - 5x5 - Mid & Low Volume,B09K7QTCXP,Cubelelo Drift 5x5 Stickerless Speed Cube | AKA Professor's Cube Magic Puzzle for Kids & Adults | Smooth and Durable Speedy Brainstorming Puzzle| Ultimate Stress Buster and Mind Challenge,B0CWDC1YJL,cubelelo,0300 Games & Puzzles,0307 Non-wooden Puzzles,Toy,1050200,AMAZON_IN,41500,524,1.2627%,4820.05,50,21893.38,53,96.40100,0.1205%,4.54215,41,18103.84,42,117.56220,0.0988%,3.75594,9,3789.54,11,,,,,,,,,
INR,"Jun 01, 2026 - Jun 30, 2026","=""amzn1.ads-account.g.a5og6bnunpn8m911rke7gdql""",Cubelelo,159890394934310,Old - Core Generic Cube Campaigns All,"=""461439945733289""",BA_SP_KT_5x5 Cube_Generic_Phrase_09/23,"=""521470917336542""",5x5 Cube,B09K7QTCXP,Cubelelo Drift 5x5 Stickerless Speed Cube | AKA Professor's Cube Magic Puzzle for Kids & Adults | Smooth and Durable Speedy Brainstorming Puzzle| Ultimate Stress Buster and Mind Challenge,B0CWDC1YJL,cubelelo,0300 Games & Puzzles,0307 Non-wooden Puzzles,Toy,1050200,AMAZON_IN,12198,395,3.2382%,2343.05,89,37165.81,89,26.32640,0.7296%,15.86215,73,31933.40,73,32.09658,0.5985%,13.62899,16,5232.41,16,,,,,,,,,
INR,"Jun 01, 2026 - Jun 30, 2026","=""amzn1.ads-account.g.a5og6bnunpn8m911rke7gdql""",Cubelelo,279942205262904,BA - Generic - Mid & Low Volume,"=""498287583816355""","SP-KT - Generic - 5x5, 6x6, 7x7, Keychain - Mid & Low Volume - Exact & Phrase","=""490322774447990""",Generic - 5x5 - Mid & Low Volume,B09K7QTCXP,Cubelelo Drift 5x5 Stickerless Speed Cube | AKA Professor's Cube Magic Puzzle for Kids & Adults | Smooth and Durable Speedy Brainstorming Puzzle| Ultimate Stress Buster and Mind Challenge,B0CWDC1YJL,cubelelo,0300 Games & Puzzles,0307 Non-wooden Puzzles,Toy,1050200,AMAZON_IN,20279,374,1.8443%,2721.02,71,30868.18,71,38.32423,0.3501%,11.34434,59,26755.79,59,46.11898,0.2909%,9.83300,12,4112.39,12,,,,,,,,,
INR,"Jun 01, 2026 - Jun 30, 2026","=""amzn1.ads-account.g.a5og6bnunpn8m911rke7gdql""",Cubelelo,279942205262904,BA - Generic - Mid & Low Volume,"=""327104446426115""","SP-KT - Axis - Windmill - Fisher, Cylinder, Kids, Mini, Smart, Pyramid - Open - Mid & Low Volume - Exact & Phrase","=""287381957290883""",Cylinder - Mid & Low volume - Exact & Phrase,B0C55MW9WL,"Cubelelo Drift Column 3x3 Stickerless Speedcube Puzzle | Unique Cylindrical Speed Cube | Ultimate Stress Buster & Brainstorming Challenge for Kids & Adults | Smooth, Fast Puzzle for All Skill Levels",B0CBC8ZF7Y,cubelelo,0300 Games & Puzzles,0307 Non-wooden Puzzles,Toy,1630300_EAN,AMAZON_IN,4408,116,2.6316%,596.01,36,10900.87,36,16.55583,0.8167%,18.28974,29,8640.88,29,20.55207,0.6579%,14.49788,7,2259.99,7,,,,,,,,,
